{
    "city": 3,
    "initialStart": [
        11.90231,
        57.70767
    ],
    "trips": [
        {
            "summary": {
                "distance": 376.8,
                "duration": 61.7
            },
            "user": {
                "id": 2007,
                "token": "eyJhbGciOiJIUzI1NiIsInR5cCI6IkpXVCJ9.eyJpZCI6MjAwNywicm9sZSI6InVzZXIiLCJpYXQiOjE3MDA5NjQyODcsImV4cCI6MTczMjUwMDI4N30.ZzZgBmFfNTL_9uyyAcFS8_DbnBG1GVMyff4e0dNfxhY"
            },
            "coords": [
                [
                    11.90231,
                    57.70767
                ],
                [
                    11.90235,
                    57.7076
                ],
                [
                    11.90239,
                    57.70752
                ],
                [
                    11.90147,
                    57.70736
                ],
                [
                    11.90085,
                    57.70724
                ],
                [
                    11.90012,
                    57.70706
                ],
                [
                    11.8991,
                    57.70678
                ],
                [
                    11.89886,
                    57.70701
                ],
                [
                    11.89888,
                    57.70709
                ],
                [
                    11.89887,
                    57.70715
                ],
                [
                    11.89858,
                    57.7075
                ],
                [
                    11.89837,
                    57.70762
                ],
                [
                    11.89775,
                    57.70748
                ]
            ]
        },
        {
            "summary": {
                "distance": "",
                "duration": ""
            },
            "user": {
                "id": 2008,
                "token": "eyJhbGciOiJIUzI1NiIsInR5cCI6IkpXVCJ9.eyJpZCI6MjAwOCwicm9sZSI6InVzZXIiLCJpYXQiOjE3MDA5NjQyODcsImV4cCI6MTczMjUwMDI4N30.OpU6wyt6ecXBe7_R5awB87EhtPgTwWaM6jPYirP-QZs"
            },
            "coords": [
                [
                    11.89775,
                    57.70748
                ],
                [
                    11.89837,
                    57.70762
                ],
                [
                    11.89834,
                    57.70767
                ],
                [
                    11.89826,
                    57.70781
                ],
                [
                    11.89825,
                    57.70788
                ],
                [
                    11.89829,
                    57.70803
                ],
                [
                    11.89841,
                    57.70816
                ],
                [
                    11.89826,
                    57.70824
                ],
                [
                    11.89819,
                    57.70821
                ],
                [
                    11.89813,
                    57.70827
                ],
                [
                    11.89763,
                    57.70821
                ],
                [
                    11.89725,
                    57.70824
                ],
                [
                    11.89705,
                    57.70823
                ],
                [
                    11.89686,
                    57.70823
                ],
                [
                    11.89674,
                    57.70829
                ],
                [
                    11.89659,
                    57.70858
                ],
                [
                    11.89656,
                    57.70878
                ],
                [
                    11.89687,
                    57.70908
                ],
                [
                    11.89681,
                    57.70912
                ],
                [
                    11.89675,
                    57.70917
                ]
            ]
        }
    ],
    "apiKey": "b59d49dd2ef7b2caecd2ac619e47e58f"
}