{
    "city": 1,
    "initialStart": [
        18.02564,
        59.34019
    ],
    "trips": [
        {
            "summary": {
                "distance": 694.4,
                "duration": 139.9
            },
            "user": {
                "id": 201,
                "token": "eyJhbGciOiJIUzI1NiIsInR5cCI6IkpXVCJ9.eyJpZCI6MjAxLCJyb2xlIjoidXNlciIsImlhdCI6MTcwMDkzMjc0NCwiZXhwIjoxNzMyNDY4NzQ0fQ.t3XYxGHvDQMhWVQ0mEY4JolN-RNPB_FXjkS7XbnmG2E"
            },
            "coords": [
                [
                    18.02564,
                    59.34019
                ],
                [
                    18.02636,
                    59.34012
                ],
                [
                    18.0266,
                    59.34008
                ],
                [
                    18.0269,
                    59.34019
                ],
                [
                    18.02645,
                    59.34051
                ],
                [
                    18.02619,
                    59.34077
                ],
                [
                    18.02734,
                    59.34096
                ],
                [
                    18.02777,
                    59.34099
                ],
                [
                    18.02816,
                    59.34093
                ],
                [
                    18.02824,
                    59.34087
                ],
                [
                    18.0291,
                    59.34073
                ],
                [
                    18.03009,
                    59.34056
                ],
                [
                    18.03029,
                    59.34061
                ],
                [
                    18.03072,
                    59.34142
                ],
                [
                    18.03113,
                    59.34221
                ],
                [
                    18.03117,
                    59.34228
                ],
                [
                    18.031,
                    59.34233
                ],
                [
                    18.03095,
                    59.34228
                ],
                [
                    18.02963,
                    59.34265
                ]
            ]
        },
        {
            "summary": {
                "distance": 437.7,
                "duration": 97.8
            },
            "user": {
                "id": 202,
                "token": "eyJhbGciOiJIUzI1NiIsInR5cCI6IkpXVCJ9.eyJpZCI6MjAyLCJyb2xlIjoidXNlciIsImlhdCI6MTcwMDkzMjc0NCwiZXhwIjoxNzMyNDY4NzQ0fQ.UnBAWh2GmHuFX-PCI1AXuICWZ9d51sprNzt4cb3bnpA"
            },
            "coords": [
                [
                    18.02963,
                    59.34265
                ],
                [
                    18.03095,
                    59.34228
                ],
                [
                    18.031,
                    59.34233
                ],
                [
                    18.03117,
                    59.34228
                ],
                [
                    18.03113,
                    59.34221
                ],
                [
                    18.03072,
                    59.34142
                ],
                [
                    18.03029,
                    59.34061
                ],
                [
                    18.03193,
                    59.34033
                ],
                [
                    18.03181,
                    59.34012
                ],
                [
                    18.03182,
                    59.34003
                ],
                [
                    18.03176,
                    59.33994
                ]
            ]
        }
    ]
}