{
    "city": 3,
    "initialStart": [
        11.97495,
        57.72131
    ],
    "trips": [
        {
            "summary": {
                "distance": 337.4,
                "duration": 60.6
            },
            "user": {
                "id": 2023,
                "token": "eyJhbGciOiJIUzI1NiIsInR5cCI6IkpXVCJ9.eyJpZCI6MjAyMywicm9sZSI6InVzZXIiLCJpYXQiOjE3MDA5NjQzMTUsImV4cCI6MTczMjUwMDMxNX0.-o9MPqLyPH_CQengUpVcqSJUMh2_jB2-7FL0jywk1ns"
            },
            "coords": [
                [
                    11.97495,
                    57.72131
                ],
                [
                    11.9756,
                    57.72152
                ],
                [
                    11.97608,
                    57.72167
                ],
                [
                    11.97708,
                    57.72199
                ],
                [
                    11.97724,
                    57.72186
                ],
                [
                    11.97783,
                    57.72136
                ],
                [
                    11.97833,
                    57.72091
                ],
                [
                    11.97858,
                    57.72069
                ],
                [
                    11.97878,
                    57.72055
                ]
            ]
        },
        {
            "summary": {
                "distance": "",
                "duration": ""
            },
            "user": {
                "id": 2024,
                "token": "eyJhbGciOiJIUzI1NiIsInR5cCI6IkpXVCJ9.eyJpZCI6MjAyNCwicm9sZSI6InVzZXIiLCJpYXQiOjE3MDA5NjQzMTUsImV4cCI6MTczMjUwMDMxNX0.xYxajiAjmq_-AJTahZR-R-QLM2e2J23VJOmWSCA8HM0"
            },
            "coords": [
                [
                    11.97878,
                    57.72055
                ],
                [
                    11.97858,
                    57.72069
                ],
                [
                    11.97833,
                    57.72091
                ],
                [
                    11.97783,
                    57.72136
                ],
                [
                    11.97724,
                    57.72186
                ],
                [
                    11.97708,
                    57.72199
                ],
                [
                    11.97694,
                    57.72211
                ],
                [
                    11.97602,
                    57.72293
                ],
                [
                    11.97594,
                    57.72304
                ],
                [
                    11.97591,
                    57.7231
                ],
                [
                    11.97588,
                    57.72317
                ],
                [
                    11.97418,
                    57.7228
                ],
                [
                    11.97186,
                    57.72229
                ],
                [
                    11.97168,
                    57.72227
                ],
                [
                    11.97149,
                    57.72222
                ],
                [
                    11.97013,
                    57.72193
                ],
                [
                    11.96992,
                    57.7219
                ],
                [
                    11.96971,
                    57.72185
                ],
                [
                    11.96833,
                    57.72154
                ],
                [
                    11.96681,
                    57.7213
                ]
            ]
        }
    ]
}