{
    "city": 3,
    "initialStart": [
        11.92555,
        57.71582
    ],
    "trips": [
        {
            "summary": {
                "distance": 662.9,
                "duration": 123.1
            },
            "user": {
                "id": 2041,
                "token": "eyJhbGciOiJIUzI1NiIsInR5cCI6IkpXVCJ9.eyJpZCI6MjA0MSwicm9sZSI6InVzZXIiLCJpYXQiOjE3MDA5NjQzNTksImV4cCI6MTczMjUwMDM1OX0.wI0VlFI92HEPVkVEcl-CaEyEvUsLQyBSlUIrVc0W6xI"
            },
            "coords": [
                [
                    11.92555,
                    57.71582
                ],
                [
                    11.92601,
                    57.7156
                ],
                [
                    11.92611,
                    57.71557
                ],
                [
                    11.92618,
                    57.71557
                ],
                [
                    11.92725,
                    57.7156
                ],
                [
                    11.92722,
                    57.71609
                ],
                [
                    11.92774,
                    57.71611
                ],
                [
                    11.92796,
                    57.71641
                ],
                [
                    11.92798,
                    57.71644
                ],
                [
                    11.92844,
                    57.71707
                ],
                [
                    11.92847,
                    57.71718
                ],
                [
                    11.92837,
                    57.71718
                ],
                [
                    11.92833,
                    57.71718
                ],
                [
                    11.9277,
                    57.71718
                ],
                [
                    11.92721,
                    57.71718
                ],
                [
                    11.9267,
                    57.71718
                ],
                [
                    11.92663,
                    57.71741
                ],
                [
                    11.92642,
                    57.71787
                ],
                [
                    11.92378,
                    57.71787
                ]
            ]
        },
        {
            "summary": {
                "distance": "",
                "duration": ""
            },
            "user": {
                "id": 2042,
                "token": "eyJhbGciOiJIUzI1NiIsInR5cCI6IkpXVCJ9.eyJpZCI6MjA0Miwicm9sZSI6InVzZXIiLCJpYXQiOjE3MDA5NjQzNTksImV4cCI6MTczMjUwMDM1OX0.OiNGE5V8VYASUDXJ1biV9b1V5nrO6kO-lrANLdazkUA"
            },
            "coords": [
                [
                    11.92378,
                    57.71787
                ],
                [
                    11.92642,
                    57.71787
                ],
                [
                    11.92663,
                    57.71741
                ],
                [
                    11.9267,
                    57.71718
                ],
                [
                    11.92596,
                    57.71718
                ],
                [
                    11.92596,
                    57.71714
                ],
                [
                    11.92579,
                    57.71689
                ],
                [
                    11.92556,
                    57.71659
                ],
                [
                    11.92543,
                    57.71651
                ],
                [
                    11.92563,
                    57.71641
                ],
                [
                    11.92634,
                    57.7161
                ],
                [
                    11.92713,
                    57.71609
                ],
                [
                    11.92722,
                    57.71609
                ],
                [
                    11.92774,
                    57.71611
                ],
                [
                    11.92796,
                    57.71641
                ],
                [
                    11.92798,
                    57.71644
                ],
                [
                    11.92844,
                    57.71707
                ],
                [
                    11.92847,
                    57.71718
                ],
                [
                    11.92837,
                    57.71718
                ],
                [
                    11.92836,
                    57.71723
                ]
            ]
        }
    ]
}