{
    "city": 3,
    "initialStart": [
        11.9236,
        57.69205
    ],
    "trips": [
        {
            "summary": {
                "distance": 400.1,
                "duration": 67
            },
            "user": {
                "id": 2055,
                "token": "eyJhbGciOiJIUzI1NiIsInR5cCI6IkpXVCJ9.eyJpZCI6MjA1NSwicm9sZSI6InVzZXIiLCJpYXQiOjE3MDA5NjQzODIsImV4cCI6MTczMjUwMDM4Mn0.sB2AoHyC-fQKORlLEJWAFTHgXDhZ7xQLvF1hmZk_2Wg"
            },
            "coords": [
                [
                    11.9236,
                    57.69205
                ],
                [
                    11.92331,
                    57.69199
                ],
                [
                    11.92321,
                    57.69197
                ],
                [
                    11.92285,
                    57.69245
                ],
                [
                    11.92274,
                    57.69261
                ],
                [
                    11.92282,
                    57.69262
                ],
                [
                    11.92279,
                    57.69267
                ],
                [
                    11.92284,
                    57.69277
                ],
                [
                    11.92272,
                    57.69326
                ],
                [
                    11.92273,
                    57.69332
                ],
                [
                    11.92283,
                    57.69336
                ],
                [
                    11.92313,
                    57.69341
                ],
                [
                    11.92323,
                    57.69347
                ],
                [
                    11.92328,
                    57.69346
                ],
                [
                    11.92366,
                    57.69351
                ],
                [
                    11.9237,
                    57.69352
                ],
                [
                    11.92411,
                    57.69357
                ],
                [
                    11.92507,
                    57.6937
                ],
                [
                    11.92615,
                    57.69386
                ]
            ]
        },
        {
            "summary": {
                "distance": 352,
                "duration": 72.9
            },
            "user": {
                "id": 2056,
                "token": "eyJhbGciOiJIUzI1NiIsInR5cCI6IkpXVCJ9.eyJpZCI6MjA1Niwicm9sZSI6InVzZXIiLCJpYXQiOjE3MDA5NjQzODIsImV4cCI6MTczMjUwMDM4Mn0.XCZFACugjSBD2Ra6z45ZWaCK72sHCZXRdFUWEWcuEk0"
            },
            "coords": [
                [
                    11.92615,
                    57.69386
                ],
                [
                    11.92642,
                    57.6939
                ],
                [
                    11.92638,
                    57.69398
                ],
                [
                    11.92607,
                    57.69459
                ],
                [
                    11.92598,
                    57.69475
                ],
                [
                    11.92627,
                    57.69479
                ],
                [
                    11.92719,
                    57.69493
                ],
                [
                    11.92731,
                    57.69495
                ],
                [
                    11.92764,
                    57.69496
                ],
                [
                    11.92838,
                    57.69506
                ],
                [
                    11.92859,
                    57.6951
                ],
                [
                    11.92867,
                    57.69512
                ],
                [
                    11.9288,
                    57.69517
                ],
                [
                    11.92894,
                    57.69519
                ],
                [
                    11.92896,
                    57.69513
                ],
                [
                    11.92971,
                    57.69525
                ]
            ]
        }
    ]
}