{
    "city": 1,
    "initialStart": [
        18.08199,
        59.33344
    ],
    "trips": [
        {
            "summary": {
                "distance": 583.4,
                "duration": 115.6
            },
            "user": {
                "id": 205,
                "token": "eyJhbGciOiJIUzI1NiIsInR5cCI6IkpXVCJ9.eyJpZCI6MjA1LCJyb2xlIjoidXNlciIsImlhdCI6MTcwMDkzMjc0NSwiZXhwIjoxNzMyNDY4NzQ1fQ.cdQ3Ktw_4LnZ-0bGkjGTU4RSMOP_KCduvKp94NYRGQE"
            },
            "coords": [
                [
                    18.08199,
                    59.33344
                ],
                [
                    18.08236,
                    59.33337
                ],
                [
                    18.08244,
                    59.33335
                ],
                [
                    18.08369,
                    59.33494
                ],
                [
                    18.08373,
                    59.335
                ],
                [
                    18.08361,
                    59.33502
                ],
                [
                    18.08216,
                    59.33532
                ],
                [
                    18.08203,
                    59.33535
                ],
                [
                    18.08204,
                    59.33541
                ],
                [
                    18.08295,
                    59.33659
                ],
                [
                    18.08301,
                    59.33666
                ],
                [
                    18.08281,
                    59.3367
                ],
                [
                    18.0821,
                    59.33685
                ],
                [
                    18.08214,
                    59.3369
                ],
                [
                    18.08208,
                    59.33693
                ],
                [
                    18.08207,
                    59.33695
                ],
                [
                    18.08226,
                    59.33719
                ]
            ]
        },
        {
            "summary": {
                "distance": 476.4,
                "duration": 90.3
            },
            "user": {
                "id": 206,
                "token": "eyJhbGciOiJIUzI1NiIsInR5cCI6IkpXVCJ9.eyJpZCI6MjA2LCJyb2xlIjoidXNlciIsImlhdCI6MTcwMDkzMjc0NSwiZXhwIjoxNzMyNDY4NzQ1fQ.BCtTvDE9xQFIdE2FCCJ6XrZUrZZ47iTlgb5F9H9dc2s"
            },
            "coords": [
                [
                    18.08226,
                    59.33719
                ],
                [
                    18.08207,
                    59.33695
                ],
                [
                    18.08208,
                    59.33693
                ],
                [
                    18.08214,
                    59.3369
                ],
                [
                    18.0821,
                    59.33685
                ],
                [
                    18.08281,
                    59.3367
                ],
                [
                    18.08301,
                    59.33666
                ],
                [
                    18.0832,
                    59.33662
                ],
                [
                    18.08388,
                    59.33649
                ],
                [
                    18.0846,
                    59.33634
                ],
                [
                    18.08477,
                    59.3363
                ],
                [
                    18.08489,
                    59.33628
                ],
                [
                    18.08614,
                    59.33602
                ],
                [
                    18.08632,
                    59.33598
                ],
                [
                    18.08646,
                    59.33595
                ],
                [
                    18.08676,
                    59.33589
                ],
                [
                    18.08746,
                    59.33575
                ],
                [
                    18.08765,
                    59.33571
                ],
                [
                    18.08771,
                    59.3358
                ],
                [
                    18.08793,
                    59.33612
                ],
                [
                    18.08807,
                    59.33609
                ],
                [
                    18.08869,
                    59.33597
                ]
            ]
        }
    ]
}