{
    "city": 3,
    "initialStart": [
        11.9233,
        57.72829
    ],
    "trips": [
        {
            "summary": {
                "distance": 515.6,
                "duration": 107.6
            },
            "user": {
                "id": 2059,
                "token": "eyJhbGciOiJIUzI1NiIsInR5cCI6IkpXVCJ9.eyJpZCI6MjA1OSwicm9sZSI6InVzZXIiLCJpYXQiOjE3MDA5NjQzODMsImV4cCI6MTczMjUwMDM4M30.TTyJkvjwbMEPJb-ZHV7M7Bjw175zeHVSjJrMvd4eg7c"
            },
            "coords": [
                [
                    11.9233,
                    57.72829
                ],
                [
                    11.924,
                    57.72802
                ],
                [
                    11.92416,
                    57.72796
                ],
                [
                    11.92553,
                    57.72766
                ],
                [
                    11.92586,
                    57.72758
                ],
                [
                    11.92618,
                    57.72814
                ],
                [
                    11.92622,
                    57.7283
                ],
                [
                    11.9263,
                    57.72843
                ],
                [
                    11.92637,
                    57.72853
                ],
                [
                    11.92659,
                    57.72898
                ],
                [
                    11.92637,
                    57.72903
                ],
                [
                    11.92612,
                    57.72908
                ],
                [
                    11.92558,
                    57.72921
                ],
                [
                    11.92505,
                    57.72934
                ],
                [
                    11.92508,
                    57.72938
                ],
                [
                    11.92489,
                    57.72943
                ],
                [
                    11.92507,
                    57.72963
                ],
                [
                    11.92531,
                    57.7299
                ],
                [
                    11.92535,
                    57.72995
                ]
            ]
        },
        {
            "summary": {
                "distance": "",
                "duration": ""
            },
            "user": {
                "id": 2060,
                "token": "eyJhbGciOiJIUzI1NiIsInR5cCI6IkpXVCJ9.eyJpZCI6MjA2MCwicm9sZSI6InVzZXIiLCJpYXQiOjE3MDA5NjQzODMsImV4cCI6MTczMjUwMDM4M30.hI1E2PmH7QeRuDOJrlw-WmAxWIpmOHEoEeRxx1n6YRk"
            },
            "coords": [
                [
                    11.92535,
                    57.72995
                ],
                [
                    11.92531,
                    57.7299
                ],
                [
                    11.92507,
                    57.72963
                ],
                [
                    11.92489,
                    57.72943
                ],
                [
                    11.92508,
                    57.72938
                ],
                [
                    11.92505,
                    57.72934
                ],
                [
                    11.92558,
                    57.72921
                ],
                [
                    11.92612,
                    57.72908
                ],
                [
                    11.92637,
                    57.72903
                ],
                [
                    11.92659,
                    57.72898
                ],
                [
                    11.92637,
                    57.72853
                ],
                [
                    11.9263,
                    57.72843
                ],
                [
                    11.92622,
                    57.7283
                ],
                [
                    11.92618,
                    57.72814
                ],
                [
                    11.92586,
                    57.72758
                ],
                [
                    11.92553,
                    57.72766
                ],
                [
                    11.92416,
                    57.72796
                ],
                [
                    11.92409,
                    57.72782
                ],
                [
                    11.92405,
                    57.72757
                ],
                [
                    11.9241,
                    57.72726
                ]
            ]
        }
    ]
}