{
    "city": 3,
    "initialStart": [
        11.99363,
        57.70258
    ],
    "trips": [
        {
            "summary": {
                "distance": 324.4,
                "duration": 55.4
            },
            "user": {
                "id": 2063,
                "token": "eyJhbGciOiJIUzI1NiIsInR5cCI6IkpXVCJ9.eyJpZCI6MjA2Mywicm9sZSI6InVzZXIiLCJpYXQiOjE3MDA5NjQzODMsImV4cCI6MTczMjUwMDM4M30.VSCIeomVDp3XxO0k8zfp3KktRI6UhqlZxMXp-6WwPi0"
            },
            "coords": [
                [
                    11.99363,
                    57.70258
                ],
                [
                    11.99374,
                    57.70225
                ],
                [
                    11.99348,
                    57.70221
                ],
                [
                    11.99336,
                    57.70255
                ],
                [
                    11.99341,
                    57.70266
                ],
                [
                    11.99336,
                    57.70283
                ],
                [
                    11.99295,
                    57.70341
                ],
                [
                    11.99284,
                    57.70362
                ],
                [
                    11.99255,
                    57.70421
                ],
                [
                    11.9925,
                    57.70456
                ]
            ]
        },
        {
            "summary": {
                "distance": "",
                "duration": ""
            },
            "user": {
                "id": 2064,
                "token": "eyJhbGciOiJIUzI1NiIsInR5cCI6IkpXVCJ9.eyJpZCI6MjA2NCwicm9sZSI6InVzZXIiLCJpYXQiOjE3MDA5NjQzODMsImV4cCI6MTczMjUwMDM4M30.zxk7AtBxYIA6nuHUdP1HUZjN2ocFc0iddX8k_77hprI"
            },
            "coords": [
                [
                    11.9925,
                    57.70456
                ],
                [
                    11.99255,
                    57.70421
                ],
                [
                    11.99284,
                    57.70362
                ],
                [
                    11.99295,
                    57.70341
                ],
                [
                    11.99336,
                    57.70283
                ],
                [
                    11.99341,
                    57.70266
                ],
                [
                    11.99336,
                    57.70255
                ],
                [
                    11.99348,
                    57.70221
                ],
                [
                    11.99373,
                    57.70157
                ],
                [
                    11.99357,
                    57.70156
                ],
                [
                    11.9936,
                    57.70148
                ],
                [
                    11.99385,
                    57.70078
                ],
                [
                    11.99391,
                    57.70061
                ],
                [
                    11.99445,
                    57.70065
                ],
                [
                    11.99444,
                    57.70068
                ],
                [
                    11.99458,
                    57.7007
                ],
                [
                    11.99462,
                    57.70076
                ],
                [
                    11.9946,
                    57.70093
                ],
                [
                    11.99531,
                    57.70096
                ],
                [
                    11.99542,
                    57.70095
                ]
            ]
        }
    ],
    "apiKey": "bdc8cf1c9fea3e619ecbb90770c05247"
}