{
    "city": 3,
    "initialStart": [
        11.9646,
        57.72041
    ],
    "trips": [
        {
            "summary": {
                "distance": 808.9,
                "duration": 136.2
            },
            "user": {
                "id": 2067,
                "token": "eyJhbGciOiJIUzI1NiIsInR5cCI6IkpXVCJ9.eyJpZCI6MjA2Nywicm9sZSI6InVzZXIiLCJpYXQiOjE3MDA5NjQzODQsImV4cCI6MTczMjUwMDM4NH0.gckmb7j2UTY8FdBZrOijIbBHG8jY510vQU_LTV-edXQ"
            },
            "coords": [
                [
                    11.9646,
                    57.72041
                ],
                [
                    11.96493,
                    57.71975
                ],
                [
                    11.96491,
                    57.71963
                ],
                [
                    11.96388,
                    57.7195
                ],
                [
                    11.96361,
                    57.72001
                ],
                [
                    11.96337,
                    57.7204
                ],
                [
                    11.96328,
                    57.72056
                ],
                [
                    11.96324,
                    57.72063
                ],
                [
                    11.96343,
                    57.72067
                ],
                [
                    11.96356,
                    57.72072
                ],
                [
                    11.96471,
                    57.72088
                ],
                [
                    11.96564,
                    57.72101
                ],
                [
                    11.96686,
                    57.72119
                ],
                [
                    11.96779,
                    57.72132
                ],
                [
                    11.96839,
                    57.72144
                ],
                [
                    11.97003,
                    57.72179
                ],
                [
                    11.96998,
                    57.72184
                ],
                [
                    11.96992,
                    57.7219
                ],
                [
                    11.96971,
                    57.72185
                ],
                [
                    11.96857,
                    57.7216
                ]
            ]
        },
        {
            "summary": {
                "distance": 396.2,
                "duration": 64.8
            },
            "user": {
                "id": 2068,
                "token": "eyJhbGciOiJIUzI1NiIsInR5cCI6IkpXVCJ9.eyJpZCI6MjA2OCwicm9sZSI6InVzZXIiLCJpYXQiOjE3MDA5NjQzODQsImV4cCI6MTczMjUwMDM4NH0.YBTEsB3tC5xCkweEwXwF7B-ooXfUVkL_1VO8YID_2uY"
            },
            "coords": [
                [
                    11.96857,
                    57.7216
                ],
                [
                    11.96833,
                    57.72154
                ],
                [
                    11.96836,
                    57.72149
                ],
                [
                    11.96839,
                    57.72144
                ],
                [
                    11.97003,
                    57.72179
                ],
                [
                    11.97179,
                    57.72216
                ],
                [
                    11.97174,
                    57.72221
                ],
                [
                    11.97168,
                    57.72227
                ],
                [
                    11.97162,
                    57.72236
                ],
                [
                    11.97094,
                    57.72327
                ],
                [
                    11.97098,
                    57.72342
                ]
            ]
        }
    ]
}