{
    "city": 3,
    "initialStart": [
        12.00972,
        57.71829
    ],
    "trips": [
        {
            "summary": {
                "distance": 310.8,
                "duration": 50.9
            },
            "user": {
                "id": 2071,
                "token": "eyJhbGciOiJIUzI1NiIsInR5cCI6IkpXVCJ9.eyJpZCI6MjA3MSwicm9sZSI6InVzZXIiLCJpYXQiOjE3MDA5NjQzODQsImV4cCI6MTczMjUwMDM4NH0.PrNl29ip0RQarBb0G6w-X4VJyloiy7tvoIeTIYXR51M"
            },
            "coords": [
                [
                    12.00972,
                    57.71829
                ],
                [
                    12.00936,
                    57.71814
                ],
                [
                    12.00929,
                    57.7179
                ],
                [
                    12.00938,
                    57.71762
                ],
                [
                    12.00925,
                    57.71727
                ],
                [
                    12.00926,
                    57.7172
                ],
                [
                    12.00964,
                    57.71694
                ],
                [
                    12.00973,
                    57.71693
                ],
                [
                    12.00974,
                    57.71689
                ],
                [
                    12.0087,
                    57.71678
                ],
                [
                    12.00828,
                    57.71677
                ],
                [
                    12.00801,
                    57.7168
                ],
                [
                    12.00762,
                    57.71685
                ],
                [
                    12.00759,
                    57.71685
                ]
            ]
        },
        {
            "summary": {
                "distance": "",
                "duration": ""
            },
            "user": {
                "id": 2072,
                "token": "eyJhbGciOiJIUzI1NiIsInR5cCI6IkpXVCJ9.eyJpZCI6MjA3Miwicm9sZSI6InVzZXIiLCJpYXQiOjE3MDA5NjQzODQsImV4cCI6MTczMjUwMDM4NH0.0M--LT-f1XX9sFRt2SQs90QdJfjlS8iFLCLnUWVwSic"
            },
            "coords": [
                [
                    12.00759,
                    57.71685
                ],
                [
                    12.00727,
                    57.71686
                ],
                [
                    12.00713,
                    57.71685
                ],
                [
                    12.00678,
                    57.7168
                ],
                [
                    12.00624,
                    57.71668
                ],
                [
                    12.00589,
                    57.71665
                ],
                [
                    12.00588,
                    57.7166
                ],
                [
                    12.00588,
                    57.71655
                ],
                [
                    12.00587,
                    57.71645
                ],
                [
                    12.00587,
                    57.71639
                ],
                [
                    12.00574,
                    57.71632
                ],
                [
                    12.00509,
                    57.71607
                ],
                [
                    12.00486,
                    57.71595
                ],
                [
                    12.00469,
                    57.71585
                ],
                [
                    12.00442,
                    57.71563
                ],
                [
                    12.00446,
                    57.71561
                ],
                [
                    12.00449,
                    57.71556
                ],
                [
                    12.00462,
                    57.71558
                ],
                [
                    12.00481,
                    57.71562
                ],
                [
                    12.00506,
                    57.71566
                ]
            ]
        }
    ],
    "apiKey": "7e96e2076f023df1c44b418c49877e93"
}