{
    "city": 3,
    "initialStart": [
        11.92666,
        57.71389
    ],
    "trips": [
        {
            "summary": {
                "distance": 402.9,
                "duration": 80.6
            },
            "user": {
                "id": 2077,
                "token": "eyJhbGciOiJIUzI1NiIsInR5cCI6IkpXVCJ9.eyJpZCI6MjA3Nywicm9sZSI6InVzZXIiLCJpYXQiOjE3MDA5NjQ0NDgsImV4cCI6MTczMjUwMDQ0OH0.bbuAjbx_rRbArytPTnbneCvpxQ094fJuNBL7Vv53F14"
            },
            "coords": [
                [
                    11.92666,
                    57.71389
                ],
                [
                    11.927,
                    57.71401
                ],
                [
                    11.92712,
                    57.71408
                ],
                [
                    11.92725,
                    57.71404
                ],
                [
                    11.92734,
                    57.71404
                ],
                [
                    11.92743,
                    57.71406
                ],
                [
                    11.92749,
                    57.7141
                ],
                [
                    11.92751,
                    57.71415
                ],
                [
                    11.9275,
                    57.7142
                ],
                [
                    11.92745,
                    57.71424
                ],
                [
                    11.92737,
                    57.71427
                ],
                [
                    11.92728,
                    57.71427
                ],
                [
                    11.92715,
                    57.71425
                ],
                [
                    11.92704,
                    57.7143
                ],
                [
                    11.92644,
                    57.71457
                ],
                [
                    11.926,
                    57.71478
                ],
                [
                    11.92417,
                    57.71561
                ],
                [
                    11.92401,
                    57.71551
                ],
                [
                    11.92356,
                    57.71572
                ],
                [
                    11.9233,
                    57.71556
                ]
            ]
        },
        {
            "summary": {
                "distance": "",
                "duration": ""
            },
            "user": {
                "id": 2078,
                "token": "eyJhbGciOiJIUzI1NiIsInR5cCI6IkpXVCJ9.eyJpZCI6MjA3OCwicm9sZSI6InVzZXIiLCJpYXQiOjE3MDA5NjQ0NDgsImV4cCI6MTczMjUwMDQ0OH0.ZTa7o2OTw5Ts_-zTiOe1G3fRp1zfhcfIM0y1C5mBjH4"
            },
            "coords": [
                [
                    11.9233,
                    57.71556
                ],
                [
                    11.92356,
                    57.71572
                ],
                [
                    11.92401,
                    57.71551
                ],
                [
                    11.92417,
                    57.71561
                ],
                [
                    11.926,
                    57.71478
                ],
                [
                    11.92644,
                    57.71457
                ],
                [
                    11.9265,
                    57.7146
                ],
                [
                    11.92661,
                    57.71455
                ],
                [
                    11.92679,
                    57.71446
                ],
                [
                    11.92696,
                    57.7144
                ],
                [
                    11.92712,
                    57.71434
                ],
                [
                    11.92731,
                    57.71433
                ],
                [
                    11.92745,
                    57.71435
                ],
                [
                    11.92748,
                    57.71437
                ],
                [
                    11.92773,
                    57.71461
                ],
                [
                    11.92823,
                    57.71528
                ],
                [
                    11.92844,
                    57.71557
                ],
                [
                    11.92833,
                    57.71558
                ],
                [
                    11.92802,
                    57.7156
                ],
                [
                    11.928,
                    57.7156
                ]
            ]
        }
    ],
    "apiKey": "bd1b18bb1e73dc90302ec669ea4f2581"
}