{
    "city": 1,
    "initialStart": [
        18.0295,
        59.33313
    ],
    "trips": [
        {
            "summary": {
                "distance": 539.1,
                "duration": 104.9
            },
            "user": {
                "id": 207,
                "token": "eyJhbGciOiJIUzI1NiIsInR5cCI6IkpXVCJ9.eyJpZCI6MjA3LCJyb2xlIjoidXNlciIsImlhdCI6MTcwMDkzMjc0NSwiZXhwIjoxNzMyNDY4NzQ1fQ.xpXFG6DDdrroxZ8GDWnKUhEXSc3SSHvzFc3VI33QoHk"
            },
            "coords": [
                [
                    18.0295,
                    59.33313
                ],
                [
                    18.02972,
                    59.33337
                ],
                [
                    18.02985,
                    59.33355
                ],
                [
                    18.02961,
                    59.33338
                ],
                [
                    18.02909,
                    59.33284
                ],
                [
                    18.02886,
                    59.33259
                ],
                [
                    18.02864,
                    59.33235
                ],
                [
                    18.02825,
                    59.33223
                ],
                [
                    18.02684,
                    59.33218
                ],
                [
                    18.02669,
                    59.33216
                ],
                [
                    18.02476,
                    59.33208
                ],
                [
                    18.02418,
                    59.33206
                ],
                [
                    18.02404,
                    59.33204
                ],
                [
                    18.02407,
                    59.332
                ],
                [
                    18.02409,
                    59.33195
                ],
                [
                    18.02412,
                    59.33191
                ],
                [
                    18.02423,
                    59.33183
                ],
                [
                    18.02423,
                    59.33177
                ],
                [
                    18.02424,
                    59.33172
                ],
                [
                    18.02425,
                    59.33168
                ],
                [
                    18.02446,
                    59.33169
                ],
                [
                    18.02441,
                    59.33161
                ],
                [
                    18.02436,
                    59.33154
                ]
            ]
        },
        {
            "summary": {
                "distance": 973.7,
                "duration": 202.9
            },
            "user": {
                "id": 208,
                "token": "eyJhbGciOiJIUzI1NiIsInR5cCI6IkpXVCJ9.eyJpZCI6MjA4LCJyb2xlIjoidXNlciIsImlhdCI6MTcwMDkzMjc0NSwiZXhwIjoxNzMyNDY4NzQ1fQ.i-EUtCQspcPF3WM5tWritNkZ9mYbEYBOxnZyDj5N2vw"
            },
            "coords": [
                [
                    18.02436,
                    59.33154
                ],
                [
                    18.02441,
                    59.33161
                ],
                [
                    18.02446,
                    59.33169
                ],
                [
                    18.02584,
                    59.33171
                ],
                [
                    18.0267,
                    59.33176
                ],
                [
                    18.02679,
                    59.33178
                ],
                [
                    18.02766,
                    59.33182
                ],
                [
                    18.02838,
                    59.33184
                ],
                [
                    18.02854,
                    59.33189
                ],
                [
                    18.02881,
                    59.33191
                ],
                [
                    18.0288,
                    59.33199
                ],
                [
                    18.0288,
                    59.33212
                ],
                [
                    18.0288,
                    59.33219
                ],
                [
                    18.02867,
                    59.33224
                ],
                [
                    18.02853,
                    59.33224
                ],
                [
                    18.02825,
                    59.33223
                ],
                [
                    18.02684,
                    59.33218
                ],
                [
                    18.02669,
                    59.33216
                ],
                [
                    18.02476,
                    59.33208
                ],
                [
                    18.02418,
                    59.33206
                ],
                [
                    18.02404,
                    59.33204
                ],
                [
                    18.02397,
                    59.3321
                ],
                [
                    18.02389,
                    59.33245
                ],
                [
                    18.02393,
                    59.33252
                ],
                [
                    18.02412,
                    59.33284
                ],
                [
                    18.02431,
                    59.33316
                ],
                [
                    18.02442,
                    59.33334
                ],
                [
                    18.02445,
                    59.3334
                ],
                [
                    18.02453,
                    59.33353
                ],
                [
                    18.02488,
                    59.33413
                ],
                [
                    18.02493,
                    59.33422
                ],
                [
                    18.02499,
                    59.33432
                ],
                [
                    18.02502,
                    59.33437
                ],
                [
                    18.02522,
                    59.33471
                ],
                [
                    18.02525,
                    59.33476
                ],
                [
                    18.02587,
                    59.33467
                ],
                [
                    18.02601,
                    59.3349
                ],
                [
                    18.02613,
                    59.33493
                ],
                [
                    18.02642,
                    59.33489
                ]
            ]
        }
    ]
}