{
    "city": 3,
    "initialStart": [
        11.99231,
        57.72587
    ],
    "trips": [
        {
            "summary": {
                "distance": 546.6,
                "duration": 143.1
            },
            "user": {
                "id": 2095,
                "token": "eyJhbGciOiJIUzI1NiIsInR5cCI6IkpXVCJ9.eyJpZCI6MjA5NSwicm9sZSI6InVzZXIiLCJpYXQiOjE3MDA5NjQ0NTYsImV4cCI6MTczMjUwMDQ1Nn0.3Tk-DqnyJF6ybi0fQ96qWKt-e2WoxnCkKta3tDNHbOw"
            },
            "coords": [
                [
                    11.99231,
                    57.72587
                ],
                [
                    11.99237,
                    57.72595
                ],
                [
                    11.99269,
                    57.72589
                ],
                [
                    11.99326,
                    57.72576
                ],
                [
                    11.995,
                    57.72537
                ],
                [
                    11.99496,
                    57.72531
                ],
                [
                    11.99505,
                    57.72529
                ],
                [
                    11.99444,
                    57.72443
                ],
                [
                    11.99424,
                    57.72414
                ],
                [
                    11.99361,
                    57.7233
                ],
                [
                    11.99267,
                    57.72351
                ],
                [
                    11.9926,
                    57.72354
                ],
                [
                    11.99252,
                    57.72351
                ],
                [
                    11.9918,
                    57.72367
                ]
            ]
        },
        {
            "summary": {
                "distance": "",
                "duration": ""
            },
            "user": {
                "id": 2096,
                "token": "eyJhbGciOiJIUzI1NiIsInR5cCI6IkpXVCJ9.eyJpZCI6MjA5Niwicm9sZSI6InVzZXIiLCJpYXQiOjE3MDA5NjQ0NTYsImV4cCI6MTczMjUwMDQ1Nn0.U0e1v9uMupvNgU0SHnEEdoHmnIxW57sjOK6nZY320jU"
            },
            "coords": [
                [
                    11.9918,
                    57.72367
                ],
                [
                    11.99252,
                    57.72351
                ],
                [
                    11.9926,
                    57.72354
                ],
                [
                    11.99267,
                    57.72351
                ],
                [
                    11.99361,
                    57.7233
                ],
                [
                    11.99424,
                    57.72414
                ],
                [
                    11.99444,
                    57.72443
                ],
                [
                    11.99505,
                    57.72529
                ],
                [
                    11.99621,
                    57.72709
                ],
                [
                    11.99649,
                    57.72727
                ],
                [
                    11.99656,
                    57.72734
                ],
                [
                    11.99675,
                    57.72766
                ],
                [
                    11.99574,
                    57.72787
                ],
                [
                    11.99464,
                    57.72811
                ],
                [
                    11.9945,
                    57.7282
                ],
                [
                    11.99404,
                    57.72828
                ],
                [
                    11.99388,
                    57.72833
                ],
                [
                    11.99274,
                    57.72854
                ],
                [
                    11.99255,
                    57.72856
                ],
                [
                    11.99205,
                    57.72865
                ]
            ]
        }
    ]
}