{
    "city": 3,
    "initialStart": [
        11.95297,
        57.7269
    ],
    "trips": [
        {
            "summary": {
                "distance": 508.3,
                "duration": 83.2
            },
            "user": {
                "id": 2111,
                "token": "eyJhbGciOiJIUzI1NiIsInR5cCI6IkpXVCJ9.eyJpZCI6MjExMSwicm9sZSI6InVzZXIiLCJpYXQiOjE3MDA5NjQ0NTgsImV4cCI6MTczMjUwMDQ1OH0.myqbA2XIeSFZE9Einlf50D-YVWzI5lGIQaQ8g_eJ4p0"
            },
            "coords": [
                [
                    11.95297,
                    57.7269
                ],
                [
                    11.95334,
                    57.7267
                ],
                [
                    11.95445,
                    57.72612
                ],
                [
                    11.95452,
                    57.72603
                ],
                [
                    11.95452,
                    57.72596
                ],
                [
                    11.95447,
                    57.72591
                ],
                [
                    11.95366,
                    57.72542
                ],
                [
                    11.95306,
                    57.72506
                ],
                [
                    11.95389,
                    57.72469
                ],
                [
                    11.95454,
                    57.7244
                ],
                [
                    11.95475,
                    57.72452
                ],
                [
                    11.95494,
                    57.72464
                ],
                [
                    11.95585,
                    57.72521
                ]
            ]
        },
        {
            "summary": {
                "distance": 498.3,
                "duration": 83.9
            },
            "user": {
                "id": 2112,
                "token": "eyJhbGciOiJIUzI1NiIsInR5cCI6IkpXVCJ9.eyJpZCI6MjExMiwicm9sZSI6InVzZXIiLCJpYXQiOjE3MDA5NjQ0NTgsImV4cCI6MTczMjUwMDQ1OH0.2cvlL_NHvMlaFRcaGEVbX9yoeE2dtl-t2HoE_4LbQSI"
            },
            "coords": [
                [
                    11.95585,
                    57.72521
                ],
                [
                    11.95494,
                    57.72464
                ],
                [
                    11.95475,
                    57.72452
                ],
                [
                    11.95454,
                    57.7244
                ],
                [
                    11.95585,
                    57.72381
                ],
                [
                    11.95592,
                    57.72378
                ],
                [
                    11.95638,
                    57.72359
                ],
                [
                    11.95678,
                    57.72342
                ],
                [
                    11.95695,
                    57.72335
                ],
                [
                    11.95718,
                    57.72328
                ],
                [
                    11.95737,
                    57.72347
                ],
                [
                    11.95757,
                    57.72367
                ],
                [
                    11.95763,
                    57.72403
                ],
                [
                    11.9577,
                    57.72426
                ],
                [
                    11.95836,
                    57.7242
                ],
                [
                    11.9587,
                    57.7241
                ]
            ]
        }
    ],
    "apiKey": "73721ab42f0bfa3f874bef6bd2f8832f"
}