{
    "city": 1,
    "initialStart": [
        18.07122,
        59.34241
    ],
    "trips": [
        {
            "summary": {
                "distance": 789.5,
                "duration": 153.2
            },
            "user": {
                "id": 211,
                "token": "eyJhbGciOiJIUzI1NiIsInR5cCI6IkpXVCJ9.eyJpZCI6MjExLCJyb2xlIjoidXNlciIsImlhdCI6MTcwMDkzMjc0NiwiZXhwIjoxNzMyNDY4NzQ2fQ.pJFajdPpF91g1LO9p9YEzbH0QbbxgBK_ddQn3ru50bM"
            },
            "coords": [
                [
                    18.07122,
                    59.34241
                ],
                [
                    18.0717,
                    59.34302
                ],
                [
                    18.07181,
                    59.34299
                ],
                [
                    18.07188,
                    59.34298
                ],
                [
                    18.0709,
                    59.34173
                ],
                [
                    18.07082,
                    59.34174
                ],
                [
                    18.0706,
                    59.34176
                ],
                [
                    18.07038,
                    59.3418
                ],
                [
                    18.07007,
                    59.34189
                ],
                [
                    18.06954,
                    59.34216
                ],
                [
                    18.06908,
                    59.3424
                ],
                [
                    18.06897,
                    59.34245
                ],
                [
                    18.06834,
                    59.34279
                ],
                [
                    18.06824,
                    59.34284
                ],
                [
                    18.06766,
                    59.34314
                ],
                [
                    18.06749,
                    59.34323
                ],
                [
                    18.06726,
                    59.34317
                ],
                [
                    18.06566,
                    59.34276
                ],
                [
                    18.06558,
                    59.34271
                ],
                [
                    18.0652,
                    59.34236
                ],
                [
                    18.06484,
                    59.34208
                ],
                [
                    18.06459,
                    59.34201
                ],
                [
                    18.06449,
                    59.34198
                ],
                [
                    18.06444,
                    59.34196
                ],
                [
                    18.06428,
                    59.34191
                ],
                [
                    18.06438,
                    59.34181
                ],
                [
                    18.06471,
                    59.34148
                ]
            ]
        },
        {
            "summary": {
                "distance": 920,
                "duration": 157.6
            },
            "user": {
                "id": 212,
                "token": "eyJhbGciOiJIUzI1NiIsInR5cCI6IkpXVCJ9.eyJpZCI6MjEyLCJyb2xlIjoidXNlciIsImlhdCI6MTcwMDkzMjc0NiwiZXhwIjoxNzMyNDY4NzQ2fQ.RWfgbwJldmPafCezT99Vtu3yAKpYGKT6hzWtHxs8UEQ"
            },
            "coords": [
                [
                    18.0647,
                    59.34148
                ],
                [
                    18.06512,
                    59.34105
                ],
                [
                    18.06524,
                    59.34094
                ],
                [
                    18.06535,
                    59.34103
                ],
                [
                    18.06541,
                    59.34105
                ],
                [
                    18.06547,
                    59.34109
                ],
                [
                    18.06543,
                    59.34113
                ],
                [
                    18.06531,
                    59.34125
                ],
                [
                    18.06528,
                    59.34128
                ],
                [
                    18.06482,
                    59.34177
                ],
                [
                    18.06467,
                    59.34182
                ],
                [
                    18.06463,
                    59.34187
                ],
                [
                    18.06449,
                    59.34198
                ],
                [
                    18.06444,
                    59.34196
                ],
                [
                    18.06428,
                    59.34191
                ],
                [
                    18.06413,
                    59.34187
                ],
                [
                    18.06306,
                    59.34158
                ],
                [
                    18.06292,
                    59.34154
                ],
                [
                    18.06276,
                    59.3415
                ],
                [
                    18.06158,
                    59.34118
                ],
                [
                    18.06141,
                    59.34114
                ],
                [
                    18.06125,
                    59.34109
                ],
                [
                    18.06022,
                    59.34082
                ],
                [
                    18.06015,
                    59.3408
                ],
                [
                    18.06006,
                    59.34077
                ],
                [
                    18.0591,
                    59.34052
                ],
                [
                    18.05896,
                    59.34048
                ],
                [
                    18.05883,
                    59.34044
                ],
                [
                    18.05868,
                    59.34039
                ],
                [
                    18.05786,
                    59.34016
                ],
                [
                    18.05792,
                    59.3401
                ],
                [
                    18.05872,
                    59.33931
                ],
                [
                    18.0588,
                    59.33923
                ],
                [
                    18.05886,
                    59.33917
                ],
                [
                    18.05957,
                    59.33846
                ],
                [
                    18.06032,
                    59.33865
                ],
                [
                    18.06029,
                    59.33873
                ],
                [
                    18.06039,
                    59.33875
                ],
                [
                    18.06055,
                    59.33879
                ],
                [
                    18.06053,
                    59.33882
                ]
            ]
        }
    ]
}