{
    "city": 1,
    "initialStart": [
        18.04805,
        59.34326
    ],
    "trips": [
        {
            "summary": {
                "distance": 442.1,
                "duration": 96.5
            },
            "user": {
                "id": 213,
                "token": "eyJhbGciOiJIUzI1NiIsInR5cCI6IkpXVCJ9.eyJpZCI6MjEzLCJyb2xlIjoidXNlciIsImlhdCI6MTcwMDkzMjk3MiwiZXhwIjoxNzMyNDY4OTcyfQ.FPwC2-hLgigqhJbHTL6JR_dI1_ECMRddwk8yg95zJ2U"
            },
            "coords": [
                [
                    18.04805,
                    59.34326
                ],
                [
                    18.04821,
                    59.34311
                ],
                [
                    18.04808,
                    59.3431
                ],
                [
                    18.04816,
                    59.34303
                ],
                [
                    18.04732,
                    59.343
                ],
                [
                    18.04642,
                    59.34297
                ],
                [
                    18.04636,
                    59.34295
                ],
                [
                    18.04617,
                    59.3429
                ],
                [
                    18.04488,
                    59.34285
                ],
                [
                    18.04449,
                    59.34283
                ],
                [
                    18.04415,
                    59.34282
                ],
                [
                    18.04249,
                    59.34276
                ],
                [
                    18.0424,
                    59.34276
                ],
                [
                    18.04243,
                    59.34267
                ],
                [
                    18.04245,
                    59.34259
                ],
                [
                    18.04251,
                    59.34259
                ],
                [
                    18.04257,
                    59.34259
                ],
                [
                    18.04268,
                    59.3424
                ],
                [
                    18.04292,
                    59.34217
                ]
            ]
        },
        {
            "summary": {
                "distance": 693.9,
                "duration": 138.3
            },
            "user": {
                "id": 214,
                "token": "eyJhbGciOiJIUzI1NiIsInR5cCI6IkpXVCJ9.eyJpZCI6MjE0LCJyb2xlIjoidXNlciIsImlhdCI6MTcwMDkzMjk3MiwiZXhwIjoxNzMyNDY4OTcyfQ.9fzJ9Dbne0MHfh3bYoThnWxMAHXsB7bKUWZtADhDgAs"
            },
            "coords": [
                [
                    18.04292,
                    59.34217
                ],
                [
                    18.04268,
                    59.3424
                ],
                [
                    18.04257,
                    59.34259
                ],
                [
                    18.04251,
                    59.34259
                ],
                [
                    18.04245,
                    59.34259
                ],
                [
                    18.04243,
                    59.34267
                ],
                [
                    18.0424,
                    59.34276
                ],
                [
                    18.04079,
                    59.3427
                ],
                [
                    18.04054,
                    59.34269
                ],
                [
                    18.04031,
                    59.34268
                ],
                [
                    18.03894,
                    59.34263
                ],
                [
                    18.03885,
                    59.34263
                ],
                [
                    18.03874,
                    59.34262
                ],
                [
                    18.03857,
                    59.34262
                ],
                [
                    18.03851,
                    59.34262
                ],
                [
                    18.03843,
                    59.34249
                ],
                [
                    18.03836,
                    59.34239
                ],
                [
                    18.03773,
                    59.34152
                ],
                [
                    18.03768,
                    59.34148
                ],
                [
                    18.03762,
                    59.34145
                ],
                [
                    18.03757,
                    59.3414
                ],
                [
                    18.03756,
                    59.34138
                ],
                [
                    18.03762,
                    59.34128
                ],
                [
                    18.03769,
                    59.34117
                ],
                [
                    18.03773,
                    59.34112
                ],
                [
                    18.03776,
                    59.34107
                ],
                [
                    18.03785,
                    59.34096
                ],
                [
                    18.03839,
                    59.34033
                ],
                [
                    18.03844,
                    59.3403
                ],
                [
                    18.03853,
                    59.34016
                ],
                [
                    18.03877,
                    59.33988
                ],
                [
                    18.03891,
                    59.33976
                ],
                [
                    18.03898,
                    59.33978
                ],
                [
                    18.03909,
                    59.33981
                ],
                [
                    18.03915,
                    59.33982
                ],
                [
                    18.03925,
                    59.33986
                ],
                [
                    18.03927,
                    59.33984
                ],
                [
                    18.03928,
                    59.33979
                ],
                [
                    18.03941,
                    59.33966
                ],
                [
                    18.03944,
                    59.33963
                ]
            ]
        }
    ],
    "apiKey": "6c8da30ccd42137b09c41d4abd8307b4"
}