{
    "city": 1,
    "initialStart": [
        18.06822,
        59.3318
    ],
    "trips": [
        {
            "summary": {
                "distance": 602.7,
                "duration": 109.8
            },
            "user": {
                "id": 215,
                "token": "eyJhbGciOiJIUzI1NiIsInR5cCI6IkpXVCJ9.eyJpZCI6MjE1LCJyb2xlIjoidXNlciIsImlhdCI6MTcwMDkzMjk3MiwiZXhwIjoxNzMyNDY4OTcyfQ.g_viRbA6iudS-xuEBRyRQePexJNPyDKCWEjX7z3YdKI"
            },
            "coords": [
                [
                    18.06822,
                    59.3318
                ],
                [
                    18.06831,
                    59.33129
                ],
                [
                    18.06839,
                    59.33077
                ],
                [
                    18.06843,
                    59.33048
                ],
                [
                    18.06844,
                    59.33042
                ],
                [
                    18.06846,
                    59.33032
                ],
                [
                    18.06854,
                    59.3302
                ],
                [
                    18.06753,
                    59.32997
                ],
                [
                    18.06734,
                    59.32991
                ],
                [
                    18.06732,
                    59.32995
                ],
                [
                    18.06729,
                    59.33
                ],
                [
                    18.06699,
                    59.33028
                ],
                [
                    18.06678,
                    59.3305
                ],
                [
                    18.06656,
                    59.3307
                ],
                [
                    18.06615,
                    59.33111
                ],
                [
                    18.06477,
                    59.33075
                ],
                [
                    18.06442,
                    59.33066
                ],
                [
                    18.06407,
                    59.33057
                ],
                [
                    18.06355,
                    59.33044
                ],
                [
                    18.06303,
                    59.3303
                ]
            ]
        },
        {
            "summary": {
                "distance": 836.1,
                "duration": 137.2
            },
            "user": {
                "id": 216,
                "token": "eyJhbGciOiJIUzI1NiIsInR5cCI6IkpXVCJ9.eyJpZCI6MjE2LCJyb2xlIjoidXNlciIsImlhdCI6MTcwMDkzMjk3MiwiZXhwIjoxNzMyNDY4OTcyfQ.9pEDhdJPUlwDg30gPOu90H0tDlfhcYxZqhB3nl9kYzE"
            },
            "coords": [
                [
                    18.06303,
                    59.3303
                ],
                [
                    18.06251,
                    59.33017
                ],
                [
                    18.06236,
                    59.33012
                ],
                [
                    18.0623,
                    59.33018
                ],
                [
                    18.062,
                    59.33048
                ],
                [
                    18.0619,
                    59.33052
                ],
                [
                    18.06176,
                    59.33052
                ],
                [
                    18.06135,
                    59.33042
                ],
                [
                    18.06115,
                    59.33037
                ],
                [
                    18.061,
                    59.33045
                ],
                [
                    18.06049,
                    59.33098
                ],
                [
                    18.06044,
                    59.33101
                ],
                [
                    18.06037,
                    59.33101
                ],
                [
                    18.06029,
                    59.33099
                ],
                [
                    18.05946,
                    59.33078
                ],
                [
                    18.05937,
                    59.33076
                ],
                [
                    18.05928,
                    59.33075
                ],
                [
                    18.05911,
                    59.33071
                ],
                [
                    18.05904,
                    59.3307
                ],
                [
                    18.05914,
                    59.33059
                ],
                [
                    18.05984,
                    59.3298
                ],
                [
                    18.05986,
                    59.32977
                ],
                [
                    18.05996,
                    59.32967
                ],
                [
                    18.06078,
                    59.32878
                ],
                [
                    18.06084,
                    59.32867
                ],
                [
                    18.06083,
                    59.32858
                ],
                [
                    18.06098,
                    59.32853
                ],
                [
                    18.06104,
                    59.32851
                ],
                [
                    18.0611,
                    59.32848
                ],
                [
                    18.06147,
                    59.32833
                ],
                [
                    18.06161,
                    59.32828
                ],
                [
                    18.06219,
                    59.32826
                ],
                [
                    18.06242,
                    59.32823
                ],
                [
                    18.06266,
                    59.32819
                ],
                [
                    18.06278,
                    59.32815
                ],
                [
                    18.06285,
                    59.32812
                ],
                [
                    18.06287,
                    59.32812
                ],
                [
                    18.06299,
                    59.32807
                ],
                [
                    18.06426,
                    59.32728
                ],
                [
                    18.06422,
                    59.32727
                ],
                [
                    18.064,
                    59.32721
                ]
            ]
        }
    ],
    "apiKey": "48d1d0e8d3bde0200805fb16d12eef36"
}