{
    "city": 1,
    "initialStart": [
        18.00307,
        59.33272
    ],
    "trips": [
        {
            "summary": {
                "distance": 569.6,
                "duration": 102.8
            },
            "user": {
                "id": 217,
                "token": "eyJhbGciOiJIUzI1NiIsInR5cCI6IkpXVCJ9.eyJpZCI6MjE3LCJyb2xlIjoidXNlciIsImlhdCI6MTcwMDkzMjk3MywiZXhwIjoxNzMyNDY4OTczfQ.rOy4b3_CvN0qPKdxn70n0fspWjYTn-c-T0axsdNItbY"
            },
            "coords": [
                [
                    18.00307,
                    59.33272
                ],
                [
                    18.00287,
                    59.33276
                ],
                [
                    18.00294,
                    59.33285
                ],
                [
                    18.00295,
                    59.33287
                ],
                [
                    18.00297,
                    59.3329
                ],
                [
                    18.00274,
                    59.33294
                ],
                [
                    18.00281,
                    59.33304
                ],
                [
                    18.00345,
                    59.33376
                ],
                [
                    18.00333,
                    59.3338
                ],
                [
                    18.00353,
                    59.33403
                ],
                [
                    18.00358,
                    59.33425
                ],
                [
                    18.00348,
                    59.33494
                ],
                [
                    18.0034,
                    59.33577
                ],
                [
                    18.00347,
                    59.336
                ],
                [
                    18.00358,
                    59.33617
                ],
                [
                    18.00367,
                    59.33626
                ],
                [
                    18.00375,
                    59.33633
                ],
                [
                    18.00427,
                    59.33658
                ],
                [
                    18.00446,
                    59.33665
                ],
                [
                    18.00473,
                    59.3367
                ],
                [
                    18.00486,
                    59.33671
                ],
                [
                    18.00505,
                    59.33671
                ],
                [
                    18.00508,
                    59.33666
                ],
                [
                    18.00536,
                    59.33668
                ],
                [
                    18.00542,
                    59.33662
                ],
                [
                    18.00558,
                    59.33653
                ]
            ]
        },
        {
            "summary": {
                "distance": 572.2,
                "duration": 111.4
            },
            "user": {
                "id": 218,
                "token": "eyJhbGciOiJIUzI1NiIsInR5cCI6IkpXVCJ9.eyJpZCI6MjE4LCJyb2xlIjoidXNlciIsImlhdCI6MTcwMDkzMjk3MywiZXhwIjoxNzMyNDY4OTczfQ.hphzAMp6X41Io9W6qzHlc2TJmEqJr_L987D8unSs1ys"
            },
            "coords": [
                [
                    18.00558,
                    59.33653
                ],
                [
                    18.00542,
                    59.33662
                ],
                [
                    18.00536,
                    59.33668
                ],
                [
                    18.00508,
                    59.33666
                ],
                [
                    18.00505,
                    59.33671
                ],
                [
                    18.00486,
                    59.33671
                ],
                [
                    18.00473,
                    59.3367
                ],
                [
                    18.00446,
                    59.33665
                ],
                [
                    18.00427,
                    59.33658
                ],
                [
                    18.00375,
                    59.33633
                ],
                [
                    18.00367,
                    59.33626
                ],
                [
                    18.00358,
                    59.33617
                ],
                [
                    18.00347,
                    59.336
                ],
                [
                    18.0034,
                    59.33577
                ],
                [
                    18.00348,
                    59.33494
                ],
                [
                    18.00358,
                    59.33425
                ],
                [
                    18.00353,
                    59.33403
                ],
                [
                    18.00333,
                    59.3338
                ],
                [
                    18.00345,
                    59.33376
                ],
                [
                    18.00281,
                    59.33304
                ],
                [
                    18.00291,
                    59.33302
                ],
                [
                    18.00294,
                    59.33298
                ],
                [
                    18.00322,
                    59.3331
                ],
                [
                    18.00363,
                    59.33318
                ]
            ]
        }
    ],
    "apiKey": "360444de6683c5893b400f3d9df24cb1"
}