{
    "city": 1,
    "initialStart": [
        18.07092,
        59.34435
    ],
    "trips": [
        {
            "summary": {
                "distance": 545.2,
                "duration": 129.2
            },
            "user": {
                "id": 223,
                "token": "eyJhbGciOiJIUzI1NiIsInR5cCI6IkpXVCJ9.eyJpZCI6MjIzLCJyb2xlIjoidXNlciIsImlhdCI6MTcwMDkzMjk3NCwiZXhwIjoxNzMyNDY4OTc0fQ.AZezP9I2SluoSda3p-KBu6O-1XEdWHCLsSUboeQgSd8"
            },
            "coords": [
                [
                    18.07092,
                    59.34435
                ],
                [
                    18.07055,
                    59.34389
                ],
                [
                    18.07046,
                    59.34391
                ],
                [
                    18.07041,
                    59.34384
                ],
                [
                    18.07031,
                    59.34384
                ],
                [
                    18.07014,
                    59.3438
                ],
                [
                    18.07005,
                    59.34373
                ],
                [
                    18.07005,
                    59.34366
                ],
                [
                    18.07008,
                    59.34361
                ],
                [
                    18.07019,
                    59.34352
                ],
                [
                    18.07027,
                    59.3435
                ],
                [
                    18.07045,
                    59.34348
                ],
                [
                    18.07063,
                    59.3435
                ],
                [
                    18.07073,
                    59.34355
                ],
                [
                    18.07082,
                    59.34351
                ],
                [
                    18.07171,
                    59.34311
                ],
                [
                    18.07187,
                    59.34307
                ],
                [
                    18.07194,
                    59.34305
                ],
                [
                    18.07199,
                    59.34304
                ],
                [
                    18.07214,
                    59.34299
                ],
                [
                    18.07367,
                    59.34271
                ],
                [
                    18.07467,
                    59.34251
                ],
                [
                    18.07529,
                    59.34238
                ],
                [
                    18.07543,
                    59.34233
                ],
                [
                    18.0756,
                    59.3423
                ],
                [
                    18.07555,
                    59.34224
                ],
                [
                    18.07548,
                    59.34222
                ],
                [
                    18.07504,
                    59.34168
                ]
            ]
        },
        {
            "summary": {
                "distance": 713.1,
                "duration": 139.9
            },
            "user": {
                "id": 224,
                "token": "eyJhbGciOiJIUzI1NiIsInR5cCI6IkpXVCJ9.eyJpZCI6MjI0LCJyb2xlIjoidXNlciIsImlhdCI6MTcwMDkzMjk3NCwiZXhwIjoxNzMyNDY4OTc0fQ.uVjqBdhIK7of1_Ak_ZFdpF13v3BEPi_m2ryHth-uKng"
            },
            "coords": [
                [
                    18.07505,
                    59.34168
                ],
                [
                    18.07548,
                    59.34222
                ],
                [
                    18.07555,
                    59.34224
                ],
                [
                    18.0756,
                    59.3423
                ],
                [
                    18.07604,
                    59.34221
                ],
                [
                    18.07643,
                    59.34213
                ],
                [
                    18.07649,
                    59.34212
                ],
                [
                    18.07714,
                    59.34198
                ],
                [
                    18.07732,
                    59.34195
                ],
                [
                    18.07744,
                    59.34193
                ],
                [
                    18.07752,
                    59.34192
                ],
                [
                    18.0783,
                    59.34286
                ],
                [
                    18.07854,
                    59.34316
                ],
                [
                    18.07874,
                    59.34337
                ],
                [
                    18.07885,
                    59.34348
                ],
                [
                    18.07893,
                    59.3435
                ],
                [
                    18.07904,
                    59.34357
                ],
                [
                    18.07919,
                    59.34362
                ],
                [
                    18.07904,
                    59.34366
                ],
                [
                    18.07902,
                    59.34367
                ],
                [
                    18.07888,
                    59.34371
                ],
                [
                    18.07881,
                    59.34373
                ],
                [
                    18.07789,
                    59.34394
                ],
                [
                    18.07798,
                    59.34404
                ],
                [
                    18.07644,
                    59.34442
                ],
                [
                    18.07635,
                    59.34433
                ],
                [
                    18.07619,
                    59.34437
                ],
                [
                    18.07637,
                    59.34456
                ],
                [
                    18.07644,
                    59.34462
                ],
                [
                    18.07685,
                    59.34492
                ],
                [
                    18.07712,
                    59.34484
                ]
            ]
        }
    ]
}