{
    "city": 1,
    "initialStart": [
        18.07988,
        59.34441
    ],
    "trips": [
        {
            "summary": {
                "distance": 386.2,
                "duration": 76.1
            },
            "user": {
                "id": 225,
                "token": "eyJhbGciOiJIUzI1NiIsInR5cCI6IkpXVCJ9.eyJpZCI6MjI1LCJyb2xlIjoidXNlciIsImlhdCI6MTcwMDkzMjk3NCwiZXhwIjoxNzMyNDY4OTc0fQ.9Kb16nEbCj48iLUyjy6EWgQTkZvbQPveG0GoniZ6ZeU"
            },
            "coords": [
                [
                    18.07988,
                    59.34441
                ],
                [
                    18.07948,
                    59.34398
                ],
                [
                    18.07947,
                    59.34392
                ],
                [
                    18.07935,
                    59.34395
                ],
                [
                    18.07916,
                    59.34399
                ],
                [
                    18.07913,
                    59.34396
                ],
                [
                    18.07906,
                    59.34388
                ],
                [
                    18.07888,
                    59.34371
                ],
                [
                    18.07876,
                    59.3436
                ],
                [
                    18.0787,
                    59.34352
                ],
                [
                    18.07866,
                    59.34339
                ],
                [
                    18.07823,
                    59.34288
                ],
                [
                    18.07744,
                    59.34193
                ],
                [
                    18.07752,
                    59.34192
                ],
                [
                    18.07765,
                    59.34189
                ],
                [
                    18.07759,
                    59.34182
                ],
                [
                    18.07819,
                    59.3417
                ]
            ]
        },
        {
            "summary": {
                "distance": 536.7,
                "duration": 124.5
            },
            "user": {
                "id": 226,
                "token": "eyJhbGciOiJIUzI1NiIsInR5cCI6IkpXVCJ9.eyJpZCI6MjI2LCJyb2xlIjoidXNlciIsImlhdCI6MTcwMDkzMjk3NCwiZXhwIjoxNzMyNDY4OTc0fQ.XaIS0xWkl_aST0PdTn38Dr-Mk_9ANT4NrD96Iho_XOc"
            },
            "coords": [
                [
                    18.07819,
                    59.3417
                ],
                [
                    18.07759,
                    59.34182
                ],
                [
                    18.07765,
                    59.34189
                ],
                [
                    18.07752,
                    59.34192
                ],
                [
                    18.07744,
                    59.34193
                ],
                [
                    18.07646,
                    59.34069
                ],
                [
                    18.0764,
                    59.34062
                ],
                [
                    18.07624,
                    59.34065
                ],
                [
                    18.07566,
                    59.34077
                ],
                [
                    18.07511,
                    59.34088
                ],
                [
                    18.07455,
                    59.341
                ],
                [
                    18.0744,
                    59.34103
                ],
                [
                    18.07427,
                    59.34105
                ],
                [
                    18.07276,
                    59.34136
                ],
                [
                    18.07261,
                    59.34139
                ],
                [
                    18.07266,
                    59.34145
                ],
                [
                    18.07251,
                    59.34148
                ],
                [
                    18.07301,
                    59.34209
                ]
            ]
        }
    ],
    "apiKey": "1d06741e4e41435b136a9ba6a4dbd23d"
}