{
    "city": 1,
    "initialStart": [
        18.05947,
        59.33161
    ],
    "trips": [
        {
            "summary": {
                "distance": 668.4,
                "duration": 288.1
            },
            "user": {
                "id": 227,
                "token": "eyJhbGciOiJIUzI1NiIsInR5cCI6IkpXVCJ9.eyJpZCI6MjI3LCJyb2xlIjoidXNlciIsImlhdCI6MTcwMDkzMjk3NCwiZXhwIjoxNzMyNDY4OTc0fQ.k1tONV_ljsHCbs_dDxufavZACw8xM6BK2-EdV6DA7aM"
            },
            "coords": [
                [
                    18.05947,
                    59.33161
                ],
                [
                    18.05947,
                    59.33154
                ],
                [
                    18.05917,
                    59.33151
                ],
                [
                    18.05962,
                    59.33086
                ],
                [
                    18.05967,
                    59.33078
                ],
                [
                    18.05971,
                    59.33074
                ],
                [
                    18.05954,
                    59.3307
                ],
                [
                    18.05952,
                    59.33068
                ],
                [
                    18.05945,
                    59.33067
                ],
                [
                    18.05937,
                    59.33076
                ],
                [
                    18.05931,
                    59.33083
                ],
                [
                    18.05849,
                    59.33174
                ],
                [
                    18.05842,
                    59.33182
                ],
                [
                    18.05831,
                    59.33194
                ],
                [
                    18.05773,
                    59.33258
                ],
                [
                    18.05768,
                    59.33264
                ],
                [
                    18.05674,
                    59.33368
                ],
                [
                    18.05664,
                    59.33379
                ],
                [
                    18.05654,
                    59.3339
                ],
                [
                    18.0558,
                    59.33472
                ],
                [
                    18.05574,
                    59.3347
                ],
                [
                    18.05562,
                    59.33468
                ],
                [
                    18.05552,
                    59.33465
                ],
                [
                    18.05568,
                    59.33448
                ]
            ]
        },
        {
            "summary": {
                "distance": 611,
                "duration": 113.1
            },
            "user": {
                "id": 228,
                "token": "eyJhbGciOiJIUzI1NiIsInR5cCI6IkpXVCJ9.eyJpZCI6MjI4LCJyb2xlIjoidXNlciIsImlhdCI6MTcwMDkzMjk3NSwiZXhwIjoxNzMyNDY4OTc1fQ.d09-Te0qfoDjD-zKYU7APmoKrcMLUAAzigg9blCeZLk"
            },
            "coords": [
                [
                    18.05568,
                    59.33448
                ],
                [
                    18.05552,
                    59.33465
                ],
                [
                    18.05562,
                    59.33468
                ],
                [
                    18.05635,
                    59.33386
                ],
                [
                    18.05643,
                    59.33378
                ],
                [
                    18.05628,
                    59.33374
                ],
                [
                    18.05505,
                    59.33342
                ],
                [
                    18.05388,
                    59.33313
                ],
                [
                    18.05363,
                    59.33307
                ],
                [
                    18.0525,
                    59.3328
                ],
                [
                    18.05237,
                    59.33277
                ],
                [
                    18.05245,
                    59.33267
                ],
                [
                    18.05258,
                    59.33271
                ],
                [
                    18.05267,
                    59.33265
                ],
                [
                    18.0537,
                    59.33157
                ],
                [
                    18.05293,
                    59.33137
                ],
                [
                    18.05286,
                    59.33138
                ],
                [
                    18.05283,
                    59.33138
                ]
            ]
        }
    ],
    "apiKey": "13d3b2efd4a5907ed8b7346cadcd64f2"
}