{
    "city": 1,
    "initialStart": [
        18.02049,
        59.33079
    ],
    "trips": [
        {
            "summary": {
                "distance": 514.1,
                "duration": 115.5
            },
            "user": {
                "id": 229,
                "token": "eyJhbGciOiJIUzI1NiIsInR5cCI6IkpXVCJ9.eyJpZCI6MjI5LCJyb2xlIjoidXNlciIsImlhdCI6MTcwMDkzMjk3NSwiZXhwIjoxNzMyNDY4OTc1fQ.8FV7dhvHkVIejC81DIMs3em4wbXAIcdozbdjZLwF6OY"
            },
            "coords": [
                [
                    18.02049,
                    59.33079
                ],
                [
                    18.02036,
                    59.33092
                ],
                [
                    18.02011,
                    59.33101
                ],
                [
                    18.01996,
                    59.33108
                ],
                [
                    18.01975,
                    59.33124
                ],
                [
                    18.01968,
                    59.33124
                ],
                [
                    18.01954,
                    59.33124
                ],
                [
                    18.01934,
                    59.33127
                ],
                [
                    18.01915,
                    59.33132
                ],
                [
                    18.01897,
                    59.33139
                ],
                [
                    18.01833,
                    59.33133
                ],
                [
                    18.01673,
                    59.33119
                ],
                [
                    18.01571,
                    59.33113
                ],
                [
                    18.0147,
                    59.33107
                ],
                [
                    18.01465,
                    59.33107
                ],
                [
                    18.01431,
                    59.33082
                ],
                [
                    18.01417,
                    59.33075
                ],
                [
                    18.01415,
                    59.3306
                ],
                [
                    18.0145,
                    59.33008
                ],
                [
                    18.01403,
                    59.32999
                ]
            ]
        },
        {
            "summary": {
                "distance": 577,
                "duration": 166.4
            },
            "user": {
                "id": 230,
                "token": "eyJhbGciOiJIUzI1NiIsInR5cCI6IkpXVCJ9.eyJpZCI6MjMwLCJyb2xlIjoidXNlciIsImlhdCI6MTcwMDkzMjk3NSwiZXhwIjoxNzMyNDY4OTc1fQ.9NOkHU0nDQNkd1BMbbGlXiQweaVyeq03oh9IkzR58Kk"
            },
            "coords": [
                [
                    18.01403,
                    59.32999
                ],
                [
                    18.01378,
                    59.32995
                ],
                [
                    18.01353,
                    59.3299
                ],
                [
                    18.0137,
                    59.32967
                ],
                [
                    18.01387,
                    59.32942
                ],
                [
                    18.01395,
                    59.32931
                ],
                [
                    18.01424,
                    59.3289
                ],
                [
                    18.01437,
                    59.32872
                ],
                [
                    18.01445,
                    59.3286
                ],
                [
                    18.01445,
                    59.32855
                ],
                [
                    18.01335,
                    59.32858
                ],
                [
                    18.01318,
                    59.32858
                ],
                [
                    18.01316,
                    59.32839
                ],
                [
                    18.01315,
                    59.32831
                ],
                [
                    18.01312,
                    59.32798
                ],
                [
                    18.01304,
                    59.32728
                ],
                [
                    18.01309,
                    59.32722
                ],
                [
                    18.01206,
                    59.32725
                ],
                [
                    18.01187,
                    59.32726
                ],
                [
                    18.01109,
                    59.32728
                ],
                [
                    18.01104,
                    59.32752
                ],
                [
                    18.01102,
                    59.32757
                ],
                [
                    18.01091,
                    59.32763
                ],
                [
                    18.0108,
                    59.32766
                ]
            ]
        }
    ]
}