{
    "city": 1,
    "initialStart": [
        18.08409,
        59.34321
    ],
    "trips": [
        {
            "summary": {
                "distance": 473.2,
                "duration": 141.8
            },
            "user": {
                "id": 231,
                "token": "eyJhbGciOiJIUzI1NiIsInR5cCI6IkpXVCJ9.eyJpZCI6MjMxLCJyb2xlIjoidXNlciIsImlhdCI6MTcwMDkzMjk3NSwiZXhwIjoxNzMyNDY4OTc1fQ.7CWAL3mNgFlQL80UiDhnPfS3NR1V5rTGp6FVILBP1ZY"
            },
            "coords": [
                [
                    18.08409,
                    59.34321
                ],
                [
                    18.08435,
                    59.34316
                ],
                [
                    18.08456,
                    59.34334
                ],
                [
                    18.08484,
                    59.34362
                ],
                [
                    18.08502,
                    59.34357
                ],
                [
                    18.08505,
                    59.34353
                ],
                [
                    18.08533,
                    59.34348
                ],
                [
                    18.08586,
                    59.3434
                ],
                [
                    18.08593,
                    59.3434
                ],
                [
                    18.08604,
                    59.3434
                ],
                [
                    18.08661,
                    59.3434
                ],
                [
                    18.08683,
                    59.34342
                ],
                [
                    18.08688,
                    59.34333
                ],
                [
                    18.08691,
                    59.34308
                ],
                [
                    18.08708,
                    59.34309
                ],
                [
                    18.08724,
                    59.34309
                ],
                [
                    18.08745,
                    59.34304
                ],
                [
                    18.08766,
                    59.34305
                ],
                [
                    18.08759,
                    59.34301
                ],
                [
                    18.08767,
                    59.34297
                ],
                [
                    18.0882,
                    59.34277
                ],
                [
                    18.08836,
                    59.34272
                ],
                [
                    18.08853,
                    59.34268
                ],
                [
                    18.08955,
                    59.34243
                ],
                [
                    18.08967,
                    59.3424
                ],
                [
                    18.08991,
                    59.34234
                ],
                [
                    18.09,
                    59.34232
                ],
                [
                    18.0901,
                    59.34229
                ],
                [
                    18.09003,
                    59.34223
                ],
                [
                    18.09033,
                    59.34215
                ]
            ]
        },
        {
            "summary": {
                "distance": 507.3,
                "duration": 118.7
            },
            "user": {
                "id": 232,
                "token": "eyJhbGciOiJIUzI1NiIsInR5cCI6IkpXVCJ9.eyJpZCI6MjMyLCJyb2xlIjoidXNlciIsImlhdCI6MTcwMDkzMjk3NSwiZXhwIjoxNzMyNDY4OTc1fQ.K3KCWr6_UGq0YfYMphjFWeHeEIHNy_ZRpQLRxQSvTps"
            },
            "coords": [
                [
                    18.09033,
                    59.34215
                ],
                [
                    18.09003,
                    59.34223
                ],
                [
                    18.0901,
                    59.34229
                ],
                [
                    18.09,
                    59.34232
                ],
                [
                    18.08991,
                    59.34234
                ],
                [
                    18.08936,
                    59.34175
                ],
                [
                    18.08921,
                    59.34168
                ],
                [
                    18.08929,
                    59.34159
                ],
                [
                    18.08913,
                    59.34142
                ],
                [
                    18.0891,
                    59.34135
                ],
                [
                    18.08905,
                    59.34125
                ],
                [
                    18.08899,
                    59.34118
                ],
                [
                    18.08889,
                    59.3411
                ],
                [
                    18.08876,
                    59.341
                ],
                [
                    18.08867,
                    59.34094
                ],
                [
                    18.08851,
                    59.34077
                ],
                [
                    18.08841,
                    59.34072
                ],
                [
                    18.08832,
                    59.34062
                ],
                [
                    18.08811,
                    59.34041
                ],
                [
                    18.0876,
                    59.33984
                ],
                [
                    18.08743,
                    59.33987
                ],
                [
                    18.08591,
                    59.34018
                ],
                [
                    18.08586,
                    59.34013
                ],
                [
                    18.08582,
                    59.34012
                ],
                [
                    18.08554,
                    59.33976
                ]
            ]
        }
    ],
    "apiKey": "ab3b6f4851c141ae5431ec76bcfa7601"
}