{
    "city": 1,
    "initialStart": [
        18.05728,
        59.31332
    ],
    "trips": [
        {
            "summary": {
                "distance": 409.7,
                "duration": 79.8
            },
            "user": {
                "id": 233,
                "token": "eyJhbGciOiJIUzI1NiIsInR5cCI6IkpXVCJ9.eyJpZCI6MjMzLCJyb2xlIjoidXNlciIsImlhdCI6MTcwMDkzMzUyMCwiZXhwIjoxNzMyNDY5NTIwfQ.vNxshT-hiNPhGprvsF9pYff5ucfIUVncNbU_W0XsKK4"
            },
            "coords": [
                [
                    18.05728,
                    59.31332
                ],
                [
                    18.05713,
                    59.31365
                ],
                [
                    18.05724,
                    59.31367
                ],
                [
                    18.05719,
                    59.31375
                ],
                [
                    18.05714,
                    59.31386
                ],
                [
                    18.05691,
                    59.31437
                ],
                [
                    18.05688,
                    59.31442
                ],
                [
                    18.05683,
                    59.31453
                ],
                [
                    18.05678,
                    59.31462
                ],
                [
                    18.05647,
                    59.31525
                ],
                [
                    18.05643,
                    59.31533
                ],
                [
                    18.05612,
                    59.31596
                ],
                [
                    18.05598,
                    59.31595
                ],
                [
                    18.05476,
                    59.3158
                ],
                [
                    18.05466,
                    59.31601
                ]
            ]
        },
        {
            "summary": {
                "distance": 651.9,
                "duration": 106.7
            },
            "user": {
                "id": 234,
                "token": "eyJhbGciOiJIUzI1NiIsInR5cCI6IkpXVCJ9.eyJpZCI6MjM0LCJyb2xlIjoidXNlciIsImlhdCI6MTcwMDkzMzUyMCwiZXhwIjoxNzMyNDY5NTIwfQ.IunAMwzhkVsec6VlQwwSQgec9LuAFc41iib5R_NebNo"
            },
            "coords": [
                [
                    18.05466,
                    59.31601
                ],
                [
                    18.05447,
                    59.31641
                ],
                [
                    18.05427,
                    59.31641
                ],
                [
                    18.05395,
                    59.31704
                ],
                [
                    18.05531,
                    59.31723
                ],
                [
                    18.05549,
                    59.31725
                ],
                [
                    18.05553,
                    59.31716
                ],
                [
                    18.05578,
                    59.31667
                ],
                [
                    18.05582,
                    59.31658
                ],
                [
                    18.05609,
                    59.31604
                ],
                [
                    18.05612,
                    59.31596
                ],
                [
                    18.05643,
                    59.31533
                ],
                [
                    18.05647,
                    59.31525
                ],
                [
                    18.05657,
                    59.3153
                ],
                [
                    18.05779,
                    59.31546
                ],
                [
                    18.05928,
                    59.31565
                ],
                [
                    18.05941,
                    59.31561
                ],
                [
                    18.05986,
                    59.31567
                ]
            ]
        }
    ],
    "apiKey": "78646ea155210d732c7f4444b6f10e2c"
}