{
    "city": 1,
    "initialStart": [
        18.08934,
        59.33288
    ],
    "trips": [
        {
            "summary": {
                "distance": 522.5,
                "duration": 118
            },
            "user": {
                "id": 237,
                "token": "eyJhbGciOiJIUzI1NiIsInR5cCI6IkpXVCJ9.eyJpZCI6MjM3LCJyb2xlIjoidXNlciIsImlhdCI6MTcwMDkzMzUyMCwiZXhwIjoxNzMyNDY5NTIwfQ.BnqmJ9qmBXu8f1YhaJg0d5CHE7zvwV_qd5xvsgLB4CY"
            },
            "coords": [
                [
                    18.08934,
                    59.33288
                ],
                [
                    18.08911,
                    59.33256
                ],
                [
                    18.08892,
                    59.33255
                ],
                [
                    18.08981,
                    59.33372
                ],
                [
                    18.08962,
                    59.33376
                ],
                [
                    18.08813,
                    59.33407
                ],
                [
                    18.08799,
                    59.3341
                ],
                [
                    18.08794,
                    59.33413
                ],
                [
                    18.08682,
                    59.33437
                ],
                [
                    18.08667,
                    59.3344
                ],
                [
                    18.08653,
                    59.33443
                ],
                [
                    18.08543,
                    59.33465
                ],
                [
                    18.0854,
                    59.33461
                ],
                [
                    18.08536,
                    59.33461
                ],
                [
                    18.08498,
                    59.33413
                ]
            ]
        },
        {
            "summary": {
                "distance": 479,
                "duration": 105.3
            },
            "user": {
                "id": 238,
                "token": "eyJhbGciOiJIUzI1NiIsInR5cCI6IkpXVCJ9.eyJpZCI6MjM4LCJyb2xlIjoidXNlciIsImlhdCI6MTcwMDkzMzUyMCwiZXhwIjoxNzMyNDY5NTIwfQ.CkhJ8NV5GbkUdRylV061HcV40kODxxRPwLMH9-kBIzI"
            },
            "coords": [
                [
                    18.08498,
                    59.33413
                ],
                [
                    18.08536,
                    59.33461
                ],
                [
                    18.0854,
                    59.33461
                ],
                [
                    18.08543,
                    59.33465
                ],
                [
                    18.08532,
                    59.33468
                ],
                [
                    18.08404,
                    59.33304
                ],
                [
                    18.08401,
                    59.33297
                ],
                [
                    18.08398,
                    59.33292
                ],
                [
                    18.0836,
                    59.33244
                ],
                [
                    18.08344,
                    59.33245
                ],
                [
                    18.08211,
                    59.33262
                ],
                [
                    18.08204,
                    59.33264
                ],
                [
                    18.08191,
                    59.33268
                ],
                [
                    18.08191,
                    59.33259
                ],
                [
                    18.0818,
                    59.33261
                ],
                [
                    18.08165,
                    59.33243
                ]
            ]
        }
    ]
}