{
    "city": 1,
    "initialStart": [
        18.09423,
        59.30781
    ],
    "trips": [
        {
            "summary": {
                "distance": 385.6,
                "duration": 88
            },
            "user": {
                "id": 23,
                "token": "eyJhbGciOiJIUzI1NiIsInR5cCI6IkpXVCJ9.eyJpZCI6MjMsInJvbGUiOiJ1c2VyIiwiaWF0IjoxNzAwOTMxNDk3LCJleHAiOjE3MzI0Njc0OTd9.qT4Hg6ng4DLbl1i4J9xWtw9RhKZRIahpdrWOr8lGa8A"
            },
            "coords": [
                [
                    18.09423,
                    59.30781
                ],
                [
                    18.09428,
                    59.30789
                ],
                [
                    18.09441,
                    59.30808
                ],
                [
                    18.09475,
                    59.30854
                ],
                [
                    18.09537,
                    59.30844
                ],
                [
                    18.09545,
                    59.30846
                ],
                [
                    18.09566,
                    59.3085
                ],
                [
                    18.09649,
                    59.30868
                ],
                [
                    18.09693,
                    59.30877
                ],
                [
                    18.09712,
                    59.30877
                ],
                [
                    18.09731,
                    59.30911
                ],
                [
                    18.09733,
                    59.30914
                ],
                [
                    18.09761,
                    59.30965
                ],
                [
                    18.09787,
                    59.31011
                ]
            ]
        },
        {
            "summary": {
                "distance": 981.9,
                "duration": 170.7
            },
            "user": {
                "id": 24,
                "token": "eyJhbGciOiJIUzI1NiIsInR5cCI6IkpXVCJ9.eyJpZCI6MjQsInJvbGUiOiJ1c2VyIiwiaWF0IjoxNzAwOTMxNDk3LCJleHAiOjE3MzI0Njc0OTd9.EjTz1ucBsFGpuandgbH56LuA1191WQoh-YhJ7sSeJzo"
            },
            "coords": [
                [
                    18.09787,
                    59.31011
                ],
                [
                    18.09761,
                    59.30965
                ],
                [
                    18.09733,
                    59.30914
                ],
                [
                    18.09731,
                    59.30911
                ],
                [
                    18.09712,
                    59.30877
                ],
                [
                    18.0971,
                    59.30861
                ],
                [
                    18.09709,
                    59.30852
                ],
                [
                    18.09714,
                    59.30846
                ],
                [
                    18.09739,
                    59.30833
                ],
                [
                    18.0974,
                    59.30824
                ],
                [
                    18.09739,
                    59.30819
                ],
                [
                    18.09728,
                    59.30816
                ],
                [
                    18.09679,
                    59.30795
                ],
                [
                    18.09623,
                    59.30772
                ],
                [
                    18.09585,
                    59.30759
                ],
                [
                    18.09483,
                    59.30735
                ],
                [
                    18.09371,
                    59.30708
                ],
                [
                    18.09323,
                    59.30696
                ],
                [
                    18.09315,
                    59.30699
                ],
                [
                    18.09275,
                    59.30715
                ],
                [
                    18.0919,
                    59.30748
                ],
                [
                    18.09124,
                    59.30774
                ],
                [
                    18.09122,
                    59.30779
                ],
                [
                    18.09101,
                    59.30803
                ],
                [
                    18.09074,
                    59.30796
                ],
                [
                    18.09065,
                    59.30796
                ],
                [
                    18.09046,
                    59.30803
                ],
                [
                    18.08973,
                    59.30833
                ],
                [
                    18.09076,
                    59.30901
                ],
                [
                    18.09165,
                    59.30865
                ],
                [
                    18.09228,
                    59.30904
                ]
            ]
        }
    ]
}