{
    "city": 1,
    "initialStart": [
        18.04683,
        59.34314
    ],
    "trips": [
        {
            "summary": {
                "distance": 1272.2,
                "duration": 556.8
            },
            "user": {
                "id": 241,
                "token": "eyJhbGciOiJIUzI1NiIsInR5cCI6IkpXVCJ9.eyJpZCI6MjQxLCJyb2xlIjoidXNlciIsImlhdCI6MTcwMDkzMzUyMSwiZXhwIjoxNzMyNDY5NTIxfQ.9AU9NfeZKnieNG0hEgTmwYYkq0Vbvi3VmIINOl8Q2EM"
            },
            "coords": [
                [
                    18.04683,
                    59.34314
                ],
                [
                    18.04364,
                    59.34405
                ],
                [
                    18.04358,
                    59.344
                ],
                [
                    18.0432,
                    59.3441
                ],
                [
                    18.04313,
                    59.34412
                ],
                [
                    18.04256,
                    59.34472
                ],
                [
                    18.04216,
                    59.34513
                ],
                [
                    18.0421,
                    59.34519
                ],
                [
                    18.04197,
                    59.34516
                ],
                [
                    18.04191,
                    59.34514
                ],
                [
                    18.04188,
                    59.34518
                ],
                [
                    18.04202,
                    59.34521
                ],
                [
                    18.04182,
                    59.34543
                ],
                [
                    18.0419,
                    59.34545
                ],
                [
                    18.04197,
                    59.34538
                ],
                [
                    18.04338,
                    59.34395
                ],
                [
                    18.04346,
                    59.34387
                ],
                [
                    18.04362,
                    59.34391
                ],
                [
                    18.04494,
                    59.34425
                ],
                [
                    18.04508,
                    59.34428
                ],
                [
                    18.04524,
                    59.34433
                ],
                [
                    18.04638,
                    59.34462
                ],
                [
                    18.04652,
                    59.34465
                ],
                [
                    18.04659,
                    59.34457
                ],
                [
                    18.04742,
                    59.34376
                ],
                [
                    18.048,
                    59.34318
                ],
                [
                    18.04808,
                    59.3431
                ],
                [
                    18.04816,
                    59.34303
                ],
                [
                    18.0482,
                    59.34298
                ],
                [
                    18.04827,
                    59.34291
                ],
                [
                    18.04873,
                    59.34244
                ],
                [
                    18.04879,
                    59.34238
                ],
                [
                    18.04884,
                    59.34234
                ],
                [
                    18.04905,
                    59.34239
                ],
                [
                    18.04991,
                    59.3426
                ],
                [
                    18.04999,
                    59.34252
                ],
                [
                    18.05007,
                    59.34254
                ],
                [
                    18.05069,
                    59.34192
                ]
            ]
        },
        {
            "summary": {
                "distance": 297.9,
                "duration": 90.8
            },
            "user": {
                "id": 242,
                "token": "eyJhbGciOiJIUzI1NiIsInR5cCI6IkpXVCJ9.eyJpZCI6MjQyLCJyb2xlIjoidXNlciIsImlhdCI6MTcwMDkzMzUyMSwiZXhwIjoxNzMyNDY5NTIxfQ.5V0jpfRevpkswNTsH7sxqtV4Tp9sLVkOc53wcdpSP5s"
            },
            "coords": [
                [
                    18.05069,
                    59.34192
                ],
                [
                    18.05007,
                    59.34254
                ],
                [
                    18.04999,
                    59.34252
                ],
                [
                    18.04991,
                    59.3426
                ],
                [
                    18.05093,
                    59.34285
                ],
                [
                    18.05099,
                    59.34286
                ],
                [
                    18.05091,
                    59.34294
                ],
                [
                    18.0509,
                    59.34305
                ],
                [
                    18.05082,
                    59.34313
                ],
                [
                    18.05077,
                    59.34318
                ],
                [
                    18.05043,
                    59.34353
                ],
                [
                    18.0504,
                    59.34356
                ],
                [
                    18.05038,
                    59.34359
                ],
                [
                    18.05034,
                    59.34363
                ],
                [
                    18.05028,
                    59.34361
                ],
                [
                    18.0502,
                    59.34359
                ],
                [
                    18.04993,
                    59.34386
                ],
                [
                    18.0499,
                    59.34385
                ]
            ]
        }
    ],
    "apiKey": "ab11104e0ef6f9bd1ba8d602b3ad7737"
}