{
    "city": 1,
    "initialStart": [
        18.02144,
        59.3503
    ],
    "trips": [
        {
            "summary": {
                "distance": 433.7,
                "duration": 75
            },
            "user": {
                "id": 243,
                "token": "eyJhbGciOiJIUzI1NiIsInR5cCI6IkpXVCJ9.eyJpZCI6MjQzLCJyb2xlIjoidXNlciIsImlhdCI6MTcwMDkzMzUyMSwiZXhwIjoxNzMyNDY5NTIxfQ.cBn29eO8gSmOoVBA9zJWQW4xkNOkzOHYjbTtmlOMaD0"
            },
            "coords": [
                [
                    18.02144,
                    59.3503
                ],
                [
                    18.02153,
                    59.35023
                ],
                [
                    18.02157,
                    59.3502
                ],
                [
                    18.02167,
                    59.35
                ],
                [
                    18.02166,
                    59.34976
                ],
                [
                    18.02171,
                    59.3497
                ],
                [
                    18.02178,
                    59.34966
                ],
                [
                    18.02185,
                    59.34962
                ],
                [
                    18.02165,
                    59.34951
                ],
                [
                    18.0215,
                    59.34938
                ],
                [
                    18.02142,
                    59.34919
                ],
                [
                    18.0213,
                    59.34865
                ],
                [
                    18.02121,
                    59.34852
                ],
                [
                    18.02207,
                    59.34863
                ],
                [
                    18.02221,
                    59.34864
                ],
                [
                    18.02248,
                    59.34857
                ],
                [
                    18.02245,
                    59.3485
                ],
                [
                    18.02235,
                    59.34821
                ],
                [
                    18.02246,
                    59.34812
                ],
                [
                    18.0227,
                    59.34795
                ],
                [
                    18.02278,
                    59.34792
                ],
                [
                    18.02282,
                    59.34789
                ],
                [
                    18.02269,
                    59.34785
                ],
                [
                    18.02266,
                    59.34784
                ],
                [
                    18.02213,
                    59.34766
                ],
                [
                    18.02199,
                    59.34776
                ]
            ]
        },
        {
            "summary": {
                "distance": 574.7,
                "duration": 101.9
            },
            "user": {
                "id": 244,
                "token": "eyJhbGciOiJIUzI1NiIsInR5cCI6IkpXVCJ9.eyJpZCI6MjQ0LCJyb2xlIjoidXNlciIsImlhdCI6MTcwMDkzMzUyMSwiZXhwIjoxNzMyNDY5NTIxfQ.ThkjJsiG4Andrqk6u0WgO4zw-cAJCRdW0Y9-m0SJSg8"
            },
            "coords": [
                [
                    18.02199,
                    59.34776
                ],
                [
                    18.02213,
                    59.34766
                ],
                [
                    18.02266,
                    59.34784
                ],
                [
                    18.02269,
                    59.34785
                ],
                [
                    18.02282,
                    59.34789
                ],
                [
                    18.02278,
                    59.34792
                ],
                [
                    18.0227,
                    59.34795
                ],
                [
                    18.02246,
                    59.34812
                ],
                [
                    18.02235,
                    59.34821
                ],
                [
                    18.02245,
                    59.3485
                ],
                [
                    18.02248,
                    59.34857
                ],
                [
                    18.02221,
                    59.34864
                ],
                [
                    18.02207,
                    59.34863
                ],
                [
                    18.02121,
                    59.34852
                ],
                [
                    18.0213,
                    59.34865
                ],
                [
                    18.02142,
                    59.34919
                ],
                [
                    18.0215,
                    59.34938
                ],
                [
                    18.02141,
                    59.34937
                ],
                [
                    18.02133,
                    59.34937
                ],
                [
                    18.02064,
                    59.34933
                ],
                [
                    18.02061,
                    59.34947
                ],
                [
                    18.0206,
                    59.34951
                ],
                [
                    18.02057,
                    59.34972
                ],
                [
                    18.02036,
                    59.34995
                ],
                [
                    18.02028,
                    59.35024
                ],
                [
                    18.02028,
                    59.3504
                ],
                [
                    18.02038,
                    59.35045
                ],
                [
                    18.02064,
                    59.35047
                ],
                [
                    18.02065,
                    59.35057
                ],
                [
                    18.02033,
                    59.3506
                ],
                [
                    18.02018,
                    59.35064
                ],
                [
                    18.02005,
                    59.35068
                ],
                [
                    18.0199,
                    59.3508
                ]
            ]
        }
    ],
    "apiKey": "dbb2804ca137a1e75c8e7c5aa11832a4"
}