{
    "city": 1,
    "initialStart": [
        18.0221,
        59.35111
    ],
    "trips": [
        {
            "summary": {
                "distance": 324.3,
                "duration": 82.8
            },
            "user": {
                "id": 245,
                "token": "eyJhbGciOiJIUzI1NiIsInR5cCI6IkpXVCJ9.eyJpZCI6MjQ1LCJyb2xlIjoidXNlciIsImlhdCI6MTcwMDkzMzUyMiwiZXhwIjoxNzMyNDY5NTIyfQ.ACazr2n0K6bffJdgrtiOpcVmCScEgPhePcOCtCiRnpI"
            },
            "coords": [
                [
                    18.0221,
                    59.35111
                ],
                [
                    18.0222,
                    59.35113
                ],
                [
                    18.02236,
                    59.3512
                ],
                [
                    18.02406,
                    59.35046
                ],
                [
                    18.02422,
                    59.35051
                ],
                [
                    18.0244,
                    59.35057
                ],
                [
                    18.02452,
                    59.35061
                ],
                [
                    18.02471,
                    59.35056
                ],
                [
                    18.02519,
                    59.35071
                ],
                [
                    18.02528,
                    59.35064
                ],
                [
                    18.02545,
                    59.3507
                ],
                [
                    18.02627,
                    59.35098
                ],
                [
                    18.02668,
                    59.35112
                ]
            ]
        },
        {
            "summary": {
                "distance": 833.3,
                "duration": 179.3
            },
            "user": {
                "id": 246,
                "token": "eyJhbGciOiJIUzI1NiIsInR5cCI6IkpXVCJ9.eyJpZCI6MjQ2LCJyb2xlIjoidXNlciIsImlhdCI6MTcwMDkzMzUyMiwiZXhwIjoxNzMyNDY5NTIyfQ.TPmMtwe-RU8MehUaTMKIPDwWMrgoWY8QdBd9uyTJfD0"
            },
            "coords": [
                [
                    18.02668,
                    59.35112
                ],
                [
                    18.02627,
                    59.35098
                ],
                [
                    18.02545,
                    59.3507
                ],
                [
                    18.02528,
                    59.35064
                ],
                [
                    18.02515,
                    59.3506
                ],
                [
                    18.0248,
                    59.35051
                ],
                [
                    18.02462,
                    59.35047
                ],
                [
                    18.02443,
                    59.35041
                ],
                [
                    18.02426,
                    59.35037
                ],
                [
                    18.02437,
                    59.35031
                ],
                [
                    18.02451,
                    59.35025
                ],
                [
                    18.02462,
                    59.35021
                ],
                [
                    18.02615,
                    59.34958
                ],
                [
                    18.02715,
                    59.34913
                ],
                [
                    18.02856,
                    59.34846
                ],
                [
                    18.02919,
                    59.3481
                ],
                [
                    18.02943,
                    59.34793
                ],
                [
                    18.0297,
                    59.3478
                ],
                [
                    18.02986,
                    59.34786
                ],
                [
                    18.02991,
                    59.34788
                ],
                [
                    18.03008,
                    59.34785
                ],
                [
                    18.03014,
                    59.34787
                ],
                [
                    18.03031,
                    59.34793
                ],
                [
                    18.03029,
                    59.34796
                ],
                [
                    18.03031,
                    59.34798
                ],
                [
                    18.03058,
                    59.34805
                ],
                [
                    18.03055,
                    59.34807
                ],
                [
                    18.03047,
                    59.34813
                ],
                [
                    18.0304,
                    59.34816
                ],
                [
                    18.03007,
                    59.34806
                ],
                [
                    18.02995,
                    59.34807
                ],
                [
                    18.02849,
                    59.3488
                ],
                [
                    18.02867,
                    59.3489
                ],
                [
                    18.02881,
                    59.34897
                ]
            ]
        }
    ]
}