{
    "city": 1,
    "initialStart": [
        18.06502,
        59.33797
    ],
    "trips": [
        {
            "summary": {
                "distance": 924.8,
                "duration": 170.6
            },
            "user": {
                "id": 247,
                "token": "eyJhbGciOiJIUzI1NiIsInR5cCI6IkpXVCJ9.eyJpZCI6MjQ3LCJyb2xlIjoidXNlciIsImlhdCI6MTcwMDkzMzUyMiwiZXhwIjoxNzMyNDY5NTIyfQ.Wh0TWxJlLmKKZec4pnQenF0tr5Enp-aDoJCg0ch78Ks"
            },
            "coords": [
                [
                    18.06502,
                    59.33797
                ],
                [
                    18.06496,
                    59.33793
                ],
                [
                    18.06479,
                    59.33786
                ],
                [
                    18.06468,
                    59.33769
                ],
                [
                    18.0649,
                    59.33717
                ],
                [
                    18.06493,
                    59.3371
                ],
                [
                    18.06615,
                    59.33716
                ],
                [
                    18.06736,
                    59.33722
                ],
                [
                    18.06723,
                    59.33798
                ],
                [
                    18.06717,
                    59.33828
                ],
                [
                    18.06711,
                    59.33884
                ],
                [
                    18.06707,
                    59.33896
                ],
                [
                    18.06699,
                    59.33906
                ],
                [
                    18.06599,
                    59.34011
                ],
                [
                    18.06595,
                    59.34014
                ],
                [
                    18.0655,
                    59.34059
                ],
                [
                    18.06548,
                    59.34068
                ],
                [
                    18.06551,
                    59.34079
                ],
                [
                    18.0658,
                    59.34067
                ],
                [
                    18.06627,
                    59.34047
                ],
                [
                    18.0665,
                    59.34037
                ],
                [
                    18.06669,
                    59.34026
                ],
                [
                    18.06681,
                    59.34017
                ],
                [
                    18.0673,
                    59.3397
                ],
                [
                    18.06766,
                    59.33935
                ],
                [
                    18.06776,
                    59.33928
                ],
                [
                    18.06788,
                    59.33933
                ],
                [
                    18.06778,
                    59.33942
                ],
                [
                    18.06782,
                    59.33943
                ],
                [
                    18.06786,
                    59.33945
                ],
                [
                    18.06767,
                    59.33964
                ]
            ]
        },
        {
            "summary": {
                "distance": 373.7,
                "duration": 71.4
            },
            "user": {
                "id": 248,
                "token": "eyJhbGciOiJIUzI1NiIsInR5cCI6IkpXVCJ9.eyJpZCI6MjQ4LCJyb2xlIjoidXNlciIsImlhdCI6MTcwMDkzMzUyMiwiZXhwIjoxNzMyNDY5NTIyfQ.6CykUBTOCt6LzD2L8bVhackkqYNvvLjSQgEyHNHmFkg"
            },
            "coords": [
                [
                    18.06767,
                    59.33964
                ],
                [
                    18.06786,
                    59.33945
                ],
                [
                    18.06792,
                    59.33943
                ],
                [
                    18.06799,
                    59.33937
                ],
                [
                    18.06874,
                    59.33966
                ],
                [
                    18.06902,
                    59.33968
                ],
                [
                    18.06932,
                    59.33973
                ],
                [
                    18.06979,
                    59.33989
                ],
                [
                    18.06993,
                    59.33989
                ],
                [
                    18.07001,
                    59.33989
                ],
                [
                    18.07002,
                    59.34057
                ],
                [
                    18.07012,
                    59.34076
                ],
                [
                    18.0707,
                    59.34147
                ],
                [
                    18.07075,
                    59.34153
                ],
                [
                    18.07099,
                    59.34148
                ]
            ]
        }
    ],
    "apiKey": "8129df75d04f6269a0195dec65605ac7"
}