{
    "city": 1,
    "initialStart": [
        18.08842,
        59.30921
    ],
    "trips": [
        {
            "summary": {
                "distance": 786.4,
                "duration": 161.4
            },
            "user": {
                "id": 251,
                "token": "eyJhbGciOiJIUzI1NiIsInR5cCI6IkpXVCJ9.eyJpZCI6MjUxLCJyb2xlIjoidXNlciIsImlhdCI6MTcwMDkzMzUyMywiZXhwIjoxNzMyNDY5NTIzfQ.9y6EZkmVoiOFLBlKpmucUi9CSre2orZU-CkCpvEi31c"
            },
            "coords": [
                [
                    18.08842,
                    59.30921
                ],
                [
                    18.08875,
                    59.30908
                ],
                [
                    18.08885,
                    59.30904
                ],
                [
                    18.08899,
                    59.30901
                ],
                [
                    18.08935,
                    59.30924
                ],
                [
                    18.08914,
                    59.30932
                ],
                [
                    18.08951,
                    59.30955
                ],
                [
                    18.09076,
                    59.30901
                ],
                [
                    18.09165,
                    59.30865
                ],
                [
                    18.09217,
                    59.30844
                ],
                [
                    18.09223,
                    59.30837
                ],
                [
                    18.0924,
                    59.30835
                ],
                [
                    18.09243,
                    59.30841
                ],
                [
                    18.09261,
                    59.30845
                ],
                [
                    18.09266,
                    59.3085
                ],
                [
                    18.09269,
                    59.30849
                ],
                [
                    18.09278,
                    59.30841
                ],
                [
                    18.09297,
                    59.30846
                ],
                [
                    18.09297,
                    59.30845
                ],
                [
                    18.09338,
                    59.30855
                ],
                [
                    18.09356,
                    59.30871
                ],
                [
                    18.09362,
                    59.30873
                ],
                [
                    18.09369,
                    59.30874
                ],
                [
                    18.09387,
                    59.30871
                ],
                [
                    18.09419,
                    59.3088
                ],
                [
                    18.09477,
                    59.30892
                ],
                [
                    18.09487,
                    59.30896
                ],
                [
                    18.09508,
                    59.30933
                ],
                [
                    18.0951,
                    59.30939
                ],
                [
                    18.09515,
                    59.30951
                ],
                [
                    18.09534,
                    59.3099
                ],
                [
                    18.09539,
                    59.30996
                ],
                [
                    18.09525,
                    59.30996
                ],
                [
                    18.09462,
                    59.31006
                ],
                [
                    18.09418,
                    59.31011
                ],
                [
                    18.09364,
                    59.31019
                ],
                [
                    18.09352,
                    59.31022
                ],
                [
                    18.09345,
                    59.31027
                ],
                [
                    18.09331,
                    59.31042
                ],
                [
                    18.09318,
                    59.31063
                ]
            ]
        },
        {
            "summary": {
                "distance": 845.8,
                "duration": 159.4
            },
            "user": {
                "id": 252,
                "token": "eyJhbGciOiJIUzI1NiIsInR5cCI6IkpXVCJ9.eyJpZCI6MjUyLCJyb2xlIjoidXNlciIsImlhdCI6MTcwMDkzMzUyMywiZXhwIjoxNzMyNDY5NTIzfQ.SS2p4jCxFKoGQpM4Lyr_mBOpTUd8HcN838nemQYvfSQ"
            },