{
    "city": 1,
    "initialStart": [
        18.0627,
        59.34574
    ],
    "trips": [
        {
            "summary": {
                "distance": 293.4,
                "duration": 65.1
            },
            "user": {
                "id": 253,
                "token": "eyJhbGciOiJIUzI1NiIsInR5cCI6IkpXVCJ9.eyJpZCI6MjUzLCJyb2xlIjoidXNlciIsImlhdCI6MTcwMDkzMzU5MCwiZXhwIjoxNzMyNDY5NTkwfQ.icEUiK0Fy8ekfVV-hJcCGIpIeENnBxwdVBIu7OI-fPY"
            },
            "coords": [
                [
                    18.0627,
                    59.34574
                ],
                [
                    18.06271,
                    59.34574
                ],
                [
                    18.06263,
                    59.34581
                ],
                [
                    18.06258,
                    59.34579
                ],
                [
                    18.06244,
                    59.34576
                ],
                [
                    18.06237,
                    59.34574
                ],
                [
                    18.06244,
                    59.34567
                ],
                [
                    18.06249,
                    59.34562
                ],
                [
                    18.06256,
                    59.34552
                ],
                [
                    18.06255,
                    59.34548
                ],
                [
                    18.06281,
                    59.34522
                ],
                [
                    18.06283,
                    59.3452
                ],
                [
                    18.0629,
                    59.34513
                ],
                [
                    18.06291,
                    59.34488
                ],
                [
                    18.06293,
                    59.34446
                ],
                [
                    18.06293,
                    59.34411
                ],
                [
                    18.06289,
                    59.34397
                ],
                [
                    18.06284,
                    59.34394
                ],
                [
                    18.06288,
                    59.34393
                ],
                [
                    18.06302,
                    59.34388
                ],
                [
                    18.06315,
                    59.34388
                ],
                [
                    18.06325,
                    59.34388
                ],
                [
                    18.06333,
                    59.34388
                ],
                [
                    18.06334,
                    59.34381
                ],
                [
                    18.06333,
                    59.34373
                ],
                [
                    18.06346,
                    59.34376
                ],
                [
                    18.06354,
                    59.34379
                ]
            ]
        },
        {
            "summary": {
                "distance": 532.2,
                "duration": 135.5
            },
            "user": {
                "id": 254,
                "token": "eyJhbGciOiJIUzI1NiIsInR5cCI6IkpXVCJ9.eyJpZCI6MjU0LCJyb2xlIjoidXNlciIsImlhdCI6MTcwMDkzMzU5MCwiZXhwIjoxNzMyNDY5NTkwfQ.X38GYC0ZPaEXszs6xFCO1RDofG5iLz8ecfX5kVmfN6U"
            },
            "coords": [
                [
                    18.06354,
                    59.34379
                ],
                [
                    18.06346,
                    59.34376
                ],
                [
                    18.06333,
                    59.34373
                ],
                [
                    18.06334,
                    59.34381
                ],
                [
                    18.06333,
                    59.34388
                ],
                [
                    18.06325,
                    59.34388
                ],
                [
                    18.06325,
                    59.34392
                ],
                [
                    18.06331,
                    59.34399
                ],
                [
                    18.06327,
                    59.3447
                ],
                [
                    18.06319,
                    59.34474
                ],
                [
                    18.06323,
                    59.34487
                ],
                [
                    18.06329,
                    59.34497
                ],
                [
                    18.06333,
                    59.34502
                ],
                [
                    18.06335,
                    59.34504
                ],
                [
                    18.06338,
                    59.3451
                ],
                [
                    18.0632,
                    59.34529
                ],
                [
                    18.06322,
                    59.34529
                ],
                [
                    18.06347,
                    59.34529
                ],
                [
                    18.06361,
                    59.34526
                ],
                [
                    18.06381,
                    59.34529
                ],
                [
                    18.06488,
                    59.34531
                ],
                [
                    18.06535,
                    59.34532
                ],
                [
                    18.0661,
                    59.34534
                ],
                [
                    18.06654,
                    59.34535
                ],
                [
                    18.06665,
                    59.34534
                ],
                [
                    18.06674,
                    59.34531
                ],
                [
                    18.06794,
                    59.34478
                ],
                [
                    18.06803,
                    59.34483
                ],
                [
                    18.06807,
                    59.34486
                ],
                [
                    18.06814,
                    59.34491
                ],
                [
                    18.06823,
                    59.34502
                ],
                [
                    18.06833,
                    59.34499
                ],
                [
                    18.06839,
                    59.345
                ]
            ]
        }
    ],
    "apiKey": "0ec349fa6276633f0178b5049070e37d"
}