{
    "city": 1,
    "initialStart": [
        18.00526,
        59.33998
    ],
    "trips": [
        {
            "summary": {
                "distance": 620.6,
                "duration": 106.3
            },
            "user": {
                "id": 255,
                "token": "eyJhbGciOiJIUzI1NiIsInR5cCI6IkpXVCJ9.eyJpZCI6MjU1LCJyb2xlIjoidXNlciIsImlhdCI6MTcwMDkzMzU5MCwiZXhwIjoxNzMyNDY5NTkwfQ.puAgmTumoBEfthAl0W4Qr9PsTQUBg-20_z8wc0DF8VI"
            },
            "coords": [
                [
                    18.00526,
                    59.33998
                ],
                [
                    18.00472,
                    59.33973
                ],
                [
                    18.00442,
                    59.33959
                ],
                [
                    18.00445,
                    59.3395
                ],
                [
                    18.00448,
                    59.33941
                ],
                [
                    18.00541,
                    59.33894
                ],
                [
                    18.00553,
                    59.33885
                ],
                [
                    18.00561,
                    59.33881
                ],
                [
                    18.00568,
                    59.3388
                ],
                [
                    18.00651,
                    59.33838
                ],
                [
                    18.00673,
                    59.33826
                ],
                [
                    18.00751,
                    59.33787
                ],
                [
                    18.00768,
                    59.33779
                ],
                [
                    18.00778,
                    59.33774
                ],
                [
                    18.008,
                    59.33762
                ],
                [
                    18.00967,
                    59.33677
                ],
                [
                    18.00973,
                    59.33681
                ],
                [
                    18.00988,
                    59.33688
                ],
                [
                    18.00859,
                    59.33754
                ]
            ]
        },
        {
            "summary": {
                "distance": 984.7,
                "duration": 202.7
            },
            "user": {
                "id": 256,
                "token": "eyJhbGciOiJIUzI1NiIsInR5cCI6IkpXVCJ9.eyJpZCI6MjU2LCJyb2xlIjoidXNlciIsImlhdCI6MTcwMDkzMzU5MCwiZXhwIjoxNzMyNDY5NTkwfQ.4R1XaaiCTNWotd2Fq1ujWgPHyU4zFVVVoncJTkm4wb0"
            },
            "coords": [
                [
                    18.00859,
                    59.33754
                ],
                [
                    18.00846,
                    59.33761
                ],
                [
                    18.00853,
                    59.33764
                ],
                [
                    18.00828,
                    59.33777
                ],
                [
                    18.00802,
                    59.3379
                ],
                [
                    18.00796,
                    59.33786
                ],
                [
                    18.00788,
                    59.3379
                ],
                [
                    18.00774,
                    59.33782
                ],
                [
                    18.00768,
                    59.33779
                ],
                [
                    18.00778,
                    59.33774
                ],
                [
                    18.008,
                    59.33762
                ],
                [
                    18.00967,
                    59.33677
                ],
                [
                    18.01003,
                    59.3366
                ],
                [
                    18.01186,
                    59.33566
                ],
                [
                    18.01251,
                    59.33531
                ],
                [
                    18.01253,
                    59.33527
                ],
                [
                    18.01295,
                    59.33505
                ],
                [
                    18.01305,
                    59.33504
                ],
                [
                    18.01314,
                    59.335
                ],
                [
                    18.01349,
                    59.33482
                ],
                [
                    18.01388,
                    59.33463
                ],
                [
                    18.01373,
                    59.33459
                ],
                [
                    18.01307,
                    59.33459
                ],
                [
                    18.01299,
                    59.3346
                ],
                [
                    18.01285,
                    59.33463
                ],
                [
                    18.01271,
                    59.33471
                ],
                [
                    18.01242,
                    59.33471
                ],
                [
                    18.01237,
                    59.3347
                ],
                [
                    18.01167,
                    59.33469
                ],
                [
                    18.01162,
                    59.33462
                ],
                [
                    18.01148,
                    59.33466
                ],
                [
                    18.01086,
                    59.33466
                ],
                [
                    18.01077,
                    59.33466
                ],
                [
                    18.01074,
                    59.3347
                ],
                [
                    18.01068,
                    59.33472
                ],
                [
                    18.01062,
                    59.33471
                ],
                [
                    18.01057,
                    59.33465
                ],
                [
                    18.01054,
                    59.3346
                ],
                [
                    18.01051,
                    59.3346
                ],
                [
                    18.01046,
                    59.33465
                ],
                [
                    18.01041,
                    59.33465
                ],
                [
                    18.01031,
                    59.33462
                ],
                [
                    18.00962,
                    59.33462
                ],
                [
                    18.00926,
                    59.33463
                ],
                [
                    18.00911,
                    59.33454
                ],
                [
                    18.00895,
                    59.33449
                ],
                [
                    18.00871,
                    59.33443
                ],
                [
                    18.00857,
                    59.33442
                ],
                [
                    18.00828,
                    59.33446
                ],
                [
                    18.00795,
                    59.33454
                ],
                [
                    18.00778,
                    59.33458
                ],
                [
                    18.00762,
                    59.3346
                ],
                [
                    18.00758,
                    59.33459
                ]
            ]
        }
    ],
    "apiKey": "7abf5c727593e05178087dc89f69bbf1"
}