{
    "city": 1,
    "initialStart": [
        18.01827,
        59.31902
    ],
    "trips": [
        {
            "summary": {
                "distance": 1600.6,
                "duration": 320.9
            },
            "user": {
                "id": 257,
                "token": "eyJhbGciOiJIUzI1NiIsInR5cCI6IkpXVCJ9.eyJpZCI6MjU3LCJyb2xlIjoidXNlciIsImlhdCI6MTcwMDkzMzU5MSwiZXhwIjoxNzMyNDY5NTkxfQ.tAg8Vbu2NfJ3Hvn13dWYtAgp9obkZ24wHNinFLUPsug"
            },
            "coords": [
                [
                    18.01827,
                    59.31902
                ],
                [
                    18.01879,
                    59.31915
                ],
                [
                    18.01901,
                    59.31911
                ],
                [
                    18.01923,
                    59.31909
                ],
                [
                    18.01945,
                    59.31904
                ],
                [
                    18.01978,
                    59.31884
                ],
                [
                    18.01973,
                    59.31871
                ],
                [
                    18.01969,
                    59.31844
                ],
                [
                    18.01961,
                    59.31838
                ],
                [
                    18.01975,
                    59.31831
                ],
                [
                    18.02,
                    59.31812
                ],
                [
                    18.02024,
                    59.31788
                ],
                [
                    18.02025,
                    59.31787
                ],
                [
                    18.02046,
                    59.31769
                ],
                [
                    18.0207,
                    59.31772
                ],
                [
                    18.02108,
                    59.31778
                ],
                [
                    18.02204,
                    59.31791
                ],
                [
                    18.02222,
                    59.31794
                ],
                [
                    18.02295,
                    59.31804
                ],
                [
                    18.02373,
                    59.31814
                ],
                [
                    18.02388,
                    59.31817
                ],
                [
                    18.02435,
                    59.31826
                ],
                [
                    18.02459,
                    59.31833
                ],
                [
                    18.02554,
                    59.31855
                ],
                [
                    18.02573,
                    59.31856
                ],
                [
                    18.02586,
                    59.31854
                ],
                [
                    18.0265,
                    59.31842
                ],
                [
                    18.02665,
                    59.3184
                ],
                [
                    18.02676,
                    59.31853
                ],
                [
                    18.02704,
                    59.31861
                ],
                [
                    18.02721,
                    59.31876
                ],
                [
                    18.02731,
                    59.31881
                ],
                [
                    18.02749,
                    59.31885
                ],
                [
                    18.02801,
                    59.31899
                ],
                [
                    18.02823,
                    59.31899
                ],
                [
                    18.02822,
                    59.31903
                ],
                [
                    18.02808,
                    59.31963
                ],
                [
                    18.02813,
                    59.3197
                ],
                [
                    18.02861,
                    59.31996
                ],
                [
                    18.02863,
                    59.31998
                ],
                [
                    18.0286,
                    59.32013
                ],
                [
                    18.02796,
                    59.3201
                ],
                [
                    18.02693,
                    59.32006
                ],
                [
                    18.02621,
                    59.32002
                ],
                [
                    18.02603,
                    59.32004
                ],
                [
                    18.02492,
                    59.32018
                ],
                [
                    18.02482,
                    59.32021
                ],
                [
                    18.02453,
                    59.32028
                ],
                [
                    18.02411,
                    59.32043
                ],
                [
                    18.0234,
                    59.32062
                ],
                [
                    18.02283,
                    59.32083
                ],
                [
                    18.02204,
                    59.32115
                ],
                [
                    18.02196,
                    59.32119
                ],
                [
                    18.02158,
                    59.32145
                ],
                [
                    18.0206,
                    59.32197
                ],
                [
                    18.02038,
                    59.32208
                ],
                [
                    18.0202,
                    59.32212
                ],
                [
                    18.01999,
                    59.32213
                ],
                [
                    18.0188,
                    59.32203
                ],
                [
                    18.01844,
                    59.32199
                ],
                [
                    18.01829,
                    59.32195
                ],
                [
                    18.01816,
                    59.32209
                ],
                [
                    18.01797,
                    59.32208
                ],
                [
                    18.01774,
                    59.32212
                ],
                [
                    18.01757,
                    59.32208
                ],
                [
                    18.01754,
                    59.32202
                ]
            ]
        },
        {
            "summary": {
                "distance": 1459.7,
                "duration": 324.8
            },
            "user": {
                "id": 258,
                "token": "eyJhbGciOiJIUzI1NiIsInR5cCI6IkpXVCJ9.eyJpZCI6MjU4LCJyb2xlIjoidXNlciIsImlhdCI6MTcwMDkzMzU5MSwiZXhwIjoxNzMyNDY5NTkxfQ.mOIwzpaqQPjATDwoYf_l7GxRPKHAfrl0vs-mo_2h104"
            },