{
    "city": 1,
    "initialStart": [
        18.02233,
        59.32982
    ],
    "trips": [
        {
            "summary": {
                "distance": 894.2,
                "duration": 146.3
            },
            "user": {
                "id": 25,
                "token": "eyJhbGciOiJIUzI1NiIsInR5cCI6IkpXVCJ9.eyJpZCI6MjUsInJvbGUiOiJ1c2VyIiwiaWF0IjoxNzAwOTMxNDk3LCJleHAiOjE3MzI0Njc0OTd9.nOzRj9DswFuZiWrqnhoqJ3q9mEsU4uRNu-vZTstySGI"
            },
            "coords": [
                [
                    18.02233,
                    59.32982
                ],
                [
                    18.02175,
                    59.32904
                ],
                [
                    18.02157,
                    59.32885
                ],
                [
                    18.0211,
                    59.32845
                ],
                [
                    18.02093,
                    59.32838
                ],
                [
                    18.02098,
                    59.32834
                ],
                [
                    18.02105,
                    59.32829
                ],
                [
                    18.02123,
                    59.32829
                ],
                [
                    18.02139,
                    59.32829
                ],
                [
                    18.02206,
                    59.32814
                ],
                [
                    18.02218,
                    59.3281
                ],
                [
                    18.02227,
                    59.32807
                ],
                [
                    18.02239,
                    59.32812
                ],
                [
                    18.02251,
                    59.32817
                ],
                [
                    18.02203,
                    59.32851
                ],
                [
                    18.02196,
                    59.32864
                ],
                [
                    18.02197,
                    59.32878
                ],
                [
                    18.02206,
                    59.32895
                ],
                [
                    18.02342,
                    59.33077
                ],
                [
                    18.02352,
                    59.33086
                ],
                [
                    18.02403,
                    59.33153
                ],
                [
                    18.02423,
                    59.33167
                ],
                [
                    18.02425,
                    59.33168
                ],
                [
                    18.02424,
                    59.33172
                ],
                [
                    18.02423,
                    59.33177
                ],
                [
                    18.02423,
                    59.33183
                ],
                [
                    18.02412,
                    59.33191
                ],
                [
                    18.02409,
                    59.33195
                ],
                [
                    18.02407,
                    59.332
                ],
                [
                    18.02404,
                    59.33204
                ],
                [
                    18.02418,
                    59.33206
                ],
                [
                    18.02476,
                    59.33208
                ],
                [
                    18.02652,
                    59.33215
                ]
            ]
        },
        {
            "summary": {
                "distance": 379.1,
                "duration": 73.2
            },
            "user": {
                "id": 26,
                "token": "eyJhbGciOiJIUzI1NiIsInR5cCI6IkpXVCJ9.eyJpZCI6MjYsInJvbGUiOiJ1c2VyIiwiaWF0IjoxNzAwOTMxNDk4LCJleHAiOjE3MzI0Njc0OTh9.OmqEgqXD437KLLD9UoBNj65U4mDxpFShSp4D0gVOg8s"
            },
            "coords": [
                [
                    18.02652,
                    59.33215
                ],
                [
                    18.02476,
                    59.33208
                ],
                [
                    18.02418,
                    59.33206
                ],
                [
                    18.02404,
                    59.33204
                ],
                [
                    18.02397,
                    59.3321
                ],
                [
                    18.02389,
                    59.33245
                ],
                [
                    18.02393,
                    59.33252
                ],
                [
                    18.02357,
                    59.33255
                ],
                [
                    18.02352,
                    59.33249
                ],
                [
                    18.0234,
                    59.33244
                ],
                [
                    18.0231,
                    59.33242
                ],
                [
                    18.02252,
                    59.33239
                ],
                [
                    18.02225,
                    59.33241
                ],
                [
                    18.02197,
                    59.33245
                ],
                [
                    18.0213,
                    59.33261
                ],
                [
                    18.02131,
                    59.33271
                ],
                [
                    18.02125,
                    59.33281
                ]
            ]
        }
    ]
}