{
    "city": 1,
    "initialStart": [
        18.06258,
        59.30637
    ],
    "trips": [
        {
            "summary": {
                "distance": 735.5,
                "duration": 132.7
            },
            "user": {
                "id": 259,
                "token": "eyJhbGciOiJIUzI1NiIsInR5cCI6IkpXVCJ9.eyJpZCI6MjU5LCJyb2xlIjoidXNlciIsImlhdCI6MTcwMDkzMzU5MSwiZXhwIjoxNzMyNDY5NTkxfQ.VoumUFtp4IBfPB6Km_CHdbzA1M0yzgAi7h9miOkAVOg"
            },
            "coords": [
                [
                    18.06258,
                    59.30637
                ],
                [
                    18.06363,
                    59.30646
                ],
                [
                    18.06385,
                    59.30646
                ],
                [
                    18.06375,
                    59.30662
                ],
                [
                    18.06378,
                    59.3067
                ],
                [
                    18.06389,
                    59.30688
                ],
                [
                    18.06395,
                    59.30698
                ],
                [
                    18.06428,
                    59.30745
                ],
                [
                    18.06427,
                    59.30754
                ],
                [
                    18.06432,
                    59.30763
                ],
                [
                    18.06472,
                    59.30798
                ],
                [
                    18.06471,
                    59.308
                ],
                [
                    18.06296,
                    59.30853
                ],
                [
                    18.06274,
                    59.30859
                ],
                [
                    18.06165,
                    59.3089
                ],
                [
                    18.06153,
                    59.30904
                ],
                [
                    18.06165,
                    59.30921
                ],
                [
                    18.06166,
                    59.30927
                ],
                [
                    18.06167,
                    59.30931
                ],
                [
                    18.06177,
                    59.30939
                ],
                [
                    18.06184,
                    59.30946
                ],
                [
                    18.0617,
                    59.30951
                ],
                [
                    18.06159,
                    59.30955
                ],
                [
                    18.0615,
                    59.30948
                ],
                [
                    18.0614,
                    59.30939
                ],
                [
                    18.06115,
                    59.30919
                ],
                [
                    18.06103,
                    59.30917
                ],
                [
                    18.0609,
                    59.30917
                ],
                [
                    18.06074,
                    59.3092
                ],
                [
                    18.06039,
                    59.3093
                ],
                [
                    18.06016,
                    59.30937
                ],
                [
                    18.05976,
                    59.30949
                ],
                [
                    18.05933,
                    59.30962
                ],
                [
                    18.05928,
                    59.30936
                ]
            ]
        },
        {
            "summary": {
                "distance": 684.6,
                "duration": 114.8
            },
            "user": {
                "id": 260,
                "token": "eyJhbGciOiJIUzI1NiIsInR5cCI6IkpXVCJ9.eyJpZCI6MjYwLCJyb2xlIjoidXNlciIsImlhdCI6MTcwMDkzMzU5MSwiZXhwIjoxNzMyNDY5NTkxfQ.PZhFpe9f0Y8nJxrbW0EQO2Tmd1Xng9pBaLIcECsXAFY"
            },