{
    "city": 1,
    "initialStart": [
        18.06429,
        59.32381
    ],
    "trips": [
        {
            "summary": {
                "distance": 426.4,
                "duration": 75.7
            },
            "user": {
                "id": 261,
                "token": "eyJhbGciOiJIUzI1NiIsInR5cCI6IkpXVCJ9.eyJpZCI6MjYxLCJyb2xlIjoidXNlciIsImlhdCI6MTcwMDkzMzU5MSwiZXhwIjoxNzMyNDY5NTkxfQ.xgZx9kr11dB4M4qbweafsI8LBg5v60AkrLeM6v7mMP0"
            },
            "coords": [
                [
                    18.06429,
                    59.32381
                ],
                [
                    18.06408,
                    59.3238
                ],
                [
                    18.06384,
                    59.32387
                ],
                [
                    18.06305,
                    59.32414
                ],
                [
                    18.06247,
                    59.32433
                ],
                [
                    18.06233,
                    59.32438
                ],
                [
                    18.06225,
                    59.32441
                ],
                [
                    18.06214,
                    59.32465
                ],
                [
                    18.0619,
                    59.32521
                ],
                [
                    18.06183,
                    59.32535
                ],
                [
                    18.06134,
                    59.32586
                ],
                [
                    18.06132,
                    59.32591
                ],
                [
                    18.06148,
                    59.32601
                ],
                [
                    18.06162,
                    59.32606
                ],
                [
                    18.06217,
                    59.32616
                ],
                [
                    18.06312,
                    59.32626
                ],
                [
                    18.06315,
                    59.32627
                ]
            ]
        },
        {
            "summary": {
                "distance": 958.4,
                "duration": 160.9
            },
            "user": {
                "id": 262,
                "token": "eyJhbGciOiJIUzI1NiIsInR5cCI6IkpXVCJ9.eyJpZCI6MjYyLCJyb2xlIjoidXNlciIsImlhdCI6MTcwMDkzMzU5MSwiZXhwIjoxNzMyNDY5NTkxfQ.uU7KJr-XTXMhB6or-OIjn5Qq1t-rOkaq_awPrPQ2eYo"
            },
            "coords": [
                [
                    18.06315,
                    59.32627
                ],
                [
                    18.06312,
                    59.32626
                ],
                [
                    18.06306,
                    59.32635
                ],
                [
                    18.0612,
                    59.32732
                ],
                [
                    18.06056,
                    59.32761
                ],
                [
                    18.05986,
                    59.32789
                ],
                [
                    18.0597,
                    59.32797
                ],
                [
                    18.05952,
                    59.32796
                ],
                [
                    18.05948,
                    59.32803
                ],
                [
                    18.06064,
                    59.32817
                ],
                [
                    18.06143,
                    59.32827
                ],
                [
                    18.06161,
                    59.32828
                ],
                [
                    18.06219,
                    59.32826
                ],
                [
                    18.06242,
                    59.32823
                ],
                [
                    18.06266,
                    59.32819
                ],
                [
                    18.06278,
                    59.32815
                ],
                [
                    18.06285,
                    59.32812
                ],
                [
                    18.06287,
                    59.32812
                ],
                [
                    18.06299,
                    59.32807
                ],
                [
                    18.06426,
                    59.32728
                ],
                [
                    18.06524,
                    59.32668
                ],
                [
                    18.06528,
                    59.32664
                ],
                [
                    18.06529,
                    59.3266
                ],
                [
                    18.06453,
                    59.32628
                ],
                [
                    18.06454,
                    59.32622
                ],
                [
                    18.0646,
                    59.32618
                ],
                [
                    18.06559,
                    59.32555
                ],
                [
                    18.06618,
                    59.32517
                ],
                [
                    18.06636,
                    59.32497
                ],
                [
                    18.06644,
                    59.32488
                ]
            ]
        }
    ]
}