{
    "city": 1,
    "initialStart": [
        18.02045,
        59.34748
    ],
    "trips": [
        {
            "summary": {
                "distance": 276.3,
                "duration": 56
            },
            "user": {
                "id": 265,
                "token": "eyJhbGciOiJIUzI1NiIsInR5cCI6IkpXVCJ9.eyJpZCI6MjY1LCJyb2xlIjoidXNlciIsImlhdCI6MTcwMDkzMzU5MiwiZXhwIjoxNzMyNDY5NTkyfQ.p1q7yuqFuW2lvGauPfakvuDVTdynosmENh7QllLqi6A"
            },
            "coords": [
                [
                    18.02045,
                    59.34748
                ],
                [
                    18.02031,
                    59.3476
                ],
                [
                    18.02029,
                    59.34766
                ],
                [
                    18.02035,
                    59.34781
                ],
                [
                    18.02114,
                    59.34845
                ],
                [
                    18.02121,
                    59.34852
                ],
                [
                    18.0213,
                    59.34865
                ],
                [
                    18.02142,
                    59.34919
                ],
                [
                    18.0215,
                    59.34938
                ],
                [
                    18.02141,
                    59.34937
                ],
                [
                    18.02133,
                    59.34937
                ],
                [
                    18.02128,
                    59.3495
                ],
                [
                    18.02119,
                    59.34951
                ],
                [
                    18.02105,
                    59.34958
                ],
                [
                    18.02099,
                    59.34963
                ]
            ]
        },
        {
            "summary": {
                "distance": 378.3,
                "duration": 72.7
            },
            "user": {
                "id": 266,
                "token": "eyJhbGciOiJIUzI1NiIsInR5cCI6IkpXVCJ9.eyJpZCI6MjY2LCJyb2xlIjoidXNlciIsImlhdCI6MTcwMDkzMzU5MiwiZXhwIjoxNzMyNDY5NTkyfQ.Q0CKkEs5mz0V_XomXkXxibccSv8gddTRb_FXzM-Zuk4"
            },
            "coords": [
                [
                    18.02099,
                    59.34963
                ],
                [
                    18.02105,
                    59.34958
                ],
                [
                    18.02119,
                    59.34951
                ],
                [
                    18.02128,
                    59.3495
                ],
                [
                    18.02133,
                    59.34937
                ],
                [
                    18.02141,
                    59.34937
                ],
                [
                    18.0215,
                    59.34938
                ],
                [
                    18.02142,
                    59.34919
                ],
                [
                    18.0213,
                    59.34865
                ],
                [
                    18.02121,
                    59.34852
                ],
                [
                    18.02207,
                    59.34863
                ],
                [
                    18.02221,
                    59.34864
                ],
                [
                    18.02248,
                    59.34857
                ],
                [
                    18.02245,
                    59.3485
                ],
                [
                    18.02235,
                    59.34821
                ],
                [
                    18.02246,
                    59.34812
                ],
                [
                    18.0227,
                    59.34795
                ],
                [
                    18.02278,
                    59.34792
                ],
                [
                    18.02282,
                    59.34789
                ],
                [
                    18.02269,
                    59.34785
                ],
                [
                    18.02266,
                    59.34784
                ],
                [
                    18.02213,
                    59.34766
                ],
                [
                    18.02174,
                    59.34752
                ]
            ]
        }
    ]
}