{
    "city": 1,
    "initialStart": [
        18.08291,
        59.34511
    ],
    "trips": [
        {
            "summary": {
                "distance": 339.7,
                "duration": 125.9
            },
            "user": {
                "id": 267,
                "token": "eyJhbGciOiJIUzI1NiIsInR5cCI6IkpXVCJ9.eyJpZCI6MjY3LCJyb2xlIjoidXNlciIsImlhdCI6MTcwMDkzMzU5MiwiZXhwIjoxNzMyNDY5NTkyfQ.F3sAy8f6g-R6M4XEhXYcDGqEXdIIGeSmvt236iiok5o"
            },
            "coords": [
                [
                    18.08291,
                    59.34511
                ],
                [
                    18.08293,
                    59.3451
                ],
                [
                    18.0831,
                    59.34497
                ],
                [
                    18.08311,
                    59.34495
                ],
                [
                    18.08319,
                    59.3448
                ],
                [
                    18.08331,
                    59.34479
                ],
                [
                    18.08332,
                    59.34469
                ],
                [
                    18.08337,
                    59.3445
                ],
                [
                    18.0835,
                    59.34459
                ],
                [
                    18.08367,
                    59.34426
                ],
                [
                    18.08391,
                    59.34404
                ],
                [
                    18.08392,
                    59.34399
                ],
                [
                    18.08401,
                    59.34399
                ],
                [
                    18.08408,
                    59.34396
                ],
                [
                    18.08419,
                    59.34389
                ],
                [
                    18.08461,
                    59.3437
                ],
                [
                    18.08484,
                    59.34362
                ],
                [
                    18.08502,
                    59.34357
                ],
                [
                    18.08505,
                    59.34353
                ],
                [
                    18.08533,
                    59.34348
                ],
                [
                    18.08586,
                    59.3434
                ],
                [
                    18.08581,
                    59.34334
                ],
                [
                    18.08537,
                    59.34342
                ],
                [
                    18.08529,
                    59.34331
                ]
            ]
        },
        {
            "summary": {
                "distance": 516.9,
                "duration": 117.6
            },
            "user": {
                "id": 268,
                "token": "eyJhbGciOiJIUzI1NiIsInR5cCI6IkpXVCJ9.eyJpZCI6MjY4LCJyb2xlIjoidXNlciIsImlhdCI6MTcwMDkzMzU5MiwiZXhwIjoxNzMyNDY5NTkyfQ.YkRjUe5KG4vCo2xfAraA77ck6ohjO-Y3Om6WC2HB0ck"
            },
            "coords": [
                [
                    18.08529,
                    59.34331
                ],
                [
                    18.08537,
                    59.34342
                ],
                [
                    18.08581,
                    59.34334
                ],
                [
                    18.08586,
                    59.3434
                ],
                [
                    18.08593,
                    59.3434
                ],
                [
                    18.08604,
                    59.3434
                ],
                [
                    18.08661,
                    59.3434
                ],
                [
                    18.08683,
                    59.34342
                ],
                [
                    18.08688,
                    59.34333
                ],
                [
                    18.08691,
                    59.34308
                ],
                [
                    18.08685,
                    59.34297
                ],
                [
                    18.08602,
                    59.34223
                ],
                [
                    18.08593,
                    59.34214
                ],
                [
                    18.08532,
                    59.3423
                ],
                [
                    18.08519,
                    59.34233
                ],
                [
                    18.0851,
                    59.34224
                ],
                [
                    18.08504,
                    59.34217
                ],
                [
                    18.08518,
                    59.34214
                ],
                [
                    18.08692,
                    59.34171
                ],
                [
                    18.0871,
                    59.34166
                ],
                [
                    18.08699,
                    59.34156
                ],
                [
                    18.08689,
                    59.34147
                ],
                [
                    18.0868,
                    59.34138
                ],
                [
                    18.0869,
                    59.34136
                ],
                [
                    18.08722,
                    59.34128
                ]
            ]
        }
    ],
    "apiKey": "8a1adca57923dc35adfd6ab06b4d883b"
}