{
    "city": 1,
    "initialStart": [
        18.05782,
        59.34185
    ],
    "trips": [
        {
            "summary": {
                "distance": 255.6,
                "duration": 71.4
            },
            "user": {
                "id": 275,
                "token": "eyJhbGciOiJIUzI1NiIsInR5cCI6IkpXVCJ9.eyJpZCI6Mjc1LCJyb2xlIjoidXNlciIsImlhdCI6MTcwMDkzMzgyNywiZXhwIjoxNzMyNDY5ODI3fQ.cxLnX4V1-BnZxtUkGa5o0jariJaNchcXkV3JT3JPUEo"
            },
            "coords": [
                [
                    18.05782,
                    59.34185
                ],
                [
                    18.05808,
                    59.34157
                ],
                [
                    18.05813,
                    59.34155
                ],
                [
                    18.05819,
                    59.34149
                ],
                [
                    18.05919,
                    59.34175
                ],
                [
                    18.05925,
                    59.34177
                ],
                [
                    18.05934,
                    59.34179
                ],
                [
                    18.06029,
                    59.34204
                ],
                [
                    18.06044,
                    59.34208
                ],
                [
                    18.06051,
                    59.34201
                ],
                [
                    18.06064,
                    59.34204
                ],
                [
                    18.06104,
                    59.34165
                ]
            ]
        },
        {
            "summary": {
                "distance": 700.2,
                "duration": 131.7
            },
            "user": {
                "id": 276,
                "token": "eyJhbGciOiJIUzI1NiIsInR5cCI6IkpXVCJ9.eyJpZCI6Mjc2LCJyb2xlIjoidXNlciIsImlhdCI6MTcwMDkzMzgyNywiZXhwIjoxNzMyNDY5ODI3fQ.iqffeBEREaTXliP8SrR_JMNc90KJumIdx9vx_V06wrY"
            },
            "coords": [
                [
                    18.06104,
                    59.34165
                ],
                [
                    18.06143,
                    59.34126
                ],
                [
                    18.06131,
                    59.34123
                ],
                [
                    18.06141,
                    59.34114
                ],
                [
                    18.06125,
                    59.34109
                ],
                [
                    18.06022,
                    59.34082
                ],
                [
                    18.06015,
                    59.3408
                ],
                [
                    18.06006,
                    59.34077
                ],
                [
                    18.0591,
                    59.34052
                ],
                [
                    18.05896,
                    59.34048
                ],
                [
                    18.05883,
                    59.34044
                ],
                [
                    18.05868,
                    59.34039
                ],
                [
                    18.05786,
                    59.34016
                ],
                [
                    18.05792,
                    59.3401
                ],
                [
                    18.05872,
                    59.33931
                ],
                [
                    18.0588,
                    59.33923
                ],
                [
                    18.05871,
                    59.33919
                ],
                [
                    18.05818,
                    59.33906
                ],
                [
                    18.05807,
                    59.33903
                ],
                [
                    18.05801,
                    59.33909
                ],
                [
                    18.0572,
                    59.3399
                ],
                [
                    18.05716,
                    59.33994
                ],
                [
                    18.05715,
                    59.33999
                ],
                [
                    18.05688,
                    59.34026
                ],
                [
                    18.05625,
                    59.34089
                ],
                [
                    18.05619,
                    59.34092
                ],
                [
                    18.05623,
                    59.34095
                ]
            ]
        }
    ]
}