{
    "city": 1,
    "initialStart": [
        18.01344,
        59.34296
    ],
    "trips": [
        {
            "summary": {
                "distance": 767.7,
                "duration": 144
            },
            "user": {
                "id": 27,
                "token": "eyJhbGciOiJIUzI1NiIsInR5cCI6IkpXVCJ9.eyJpZCI6MjcsInJvbGUiOiJ1c2VyIiwiaWF0IjoxNzAwOTMxNTg4LCJleHAiOjE3MzI0Njc1ODh9.eSPl6KZhhaZqOD74YU0Bfr5jrbTaEikA_8TCKxVI4Rw"
            },
            "coords": [
                [
                    18.01344,
                    59.34296
                ],
                [
                    18.01225,
                    59.34261
                ],
                [
                    18.01204,
                    59.34255
                ],
                [
                    18.01154,
                    59.3424
                ],
                [
                    18.01148,
                    59.34235
                ],
                [
                    18.01134,
                    59.34223
                ],
                [
                    18.01109,
                    59.34209
                ],
                [
                    18.01087,
                    59.34213
                ],
                [
                    18.01049,
                    59.34225
                ],
                [
                    18.01034,
                    59.34226
                ],
                [
                    18.01048,
                    59.34198
                ],
                [
                    18.01058,
                    59.34183
                ],
                [
                    18.01082,
                    59.34164
                ],
                [
                    18.01109,
                    59.3415
                ],
                [
                    18.01166,
                    59.34131
                ],
                [
                    18.01189,
                    59.34127
                ],
                [
                    18.01285,
                    59.34116
                ],
                [
                    18.01297,
                    59.34112
                ],
                [
                    18.0131,
                    59.34108
                ],
                [
                    18.01306,
                    59.34099
                ],
                [
                    18.01291,
                    59.341
                ],
                [
                    18.01292,
                    59.34096
                ],
                [
                    18.01273,
                    59.34047
                ],
                [
                    18.01263,
                    59.34043
                ],
                [
                    18.01254,
                    59.34044
                ],
                [
                    18.01225,
                    59.34044
                ],
                [
                    18.00948,
                    59.34061
                ],
                [
                    18.00948,
                    59.34055
                ],
                [
                    18.00966,
                    59.34054
                ],
                [
                    18.00961,
                    59.34022
                ],
                [
                    18.00975,
                    59.34021
                ],
                [
                    18.00981,
                    59.34021
                ]
            ]
        },
        {
            "summary": {
                "distance": 380,
                "duration": 67.3
            },
            "user": {
                "id": 28,
                "token": "eyJhbGciOiJIUzI1NiIsInR5cCI6IkpXVCJ9.eyJpZCI6MjgsInJvbGUiOiJ1c2VyIiwiaWF0IjoxNzAwOTMxNTg4LCJleHAiOjE3MzI0Njc1ODh9.cSx7zxWUZ5RIoJHug9rC2Kr7AGoJ3mXXgCMJD42JsG8"
            },
            "coords": [
                [
                    18.00981,
                    59.34021
                ],
                [
                    18.00975,
                    59.34021
                ],
                [
                    18.00961,
                    59.34022
                ],
                [
                    18.00966,
                    59.34054
                ],
                [
                    18.00948,
                    59.34055
                ],
                [
                    18.00948,
                    59.34061
                ],
                [
                    18.00835,
                    59.34059
                ],
                [
                    18.00786,
                    59.34057
                ],
                [
                    18.00728,
                    59.34051
                ],
                [
                    18.0066,
                    59.3404
                ],
                [
                    18.00618,
                    59.3403
                ],
                [
                    18.0055,
                    59.3401
                ],
                [
                    18.00472,
                    59.33973
                ],
                [
                    18.00448,
                    59.33962
                ]
            ]
        }
    ]
}