{
    "city": 1,
    "initialStart": [
        18.01064,
        59.33206
    ],
    "trips": [
        {
            "summary": {
                "distance": 508.7,
                "duration": 110.2
            },
            "user": {
                "id": 279,
                "token": "eyJhbGciOiJIUzI1NiIsInR5cCI6IkpXVCJ9.eyJpZCI6Mjc5LCJyb2xlIjoidXNlciIsImlhdCI6MTcwMDkzMzgyOCwiZXhwIjoxNzMyNDY5ODI4fQ.hWhOY7eFhKKxECanF3zldK4G9kf6oQfBd09j3_d7aXE"
            },
            "coords": [
                [
                    18.01064,
                    59.33206
                ],
                [
                    18.01038,
                    59.33192
                ],
                [
                    18.01042,
                    59.3319
                ],
                [
                    18.01131,
                    59.33235
                ],
                [
                    18.01252,
                    59.33298
                ],
                [
                    18.0124,
                    59.33304
                ],
                [
                    18.01223,
                    59.33313
                ],
                [
                    18.01209,
                    59.33323
                ],
                [
                    18.01184,
                    59.33389
                ],
                [
                    18.01158,
                    59.33458
                ],
                [
                    18.01148,
                    59.33463
                ],
                [
                    18.011,
                    59.33463
                ],
                [
                    18.01082,
                    59.33458
                ],
                [
                    18.01077,
                    59.33466
                ],
                [
                    18.01086,
                    59.33466
                ],
                [
                    18.01148,
                    59.33466
                ],
                [
                    18.01162,
                    59.33462
                ],
                [
                    18.01168,
                    59.33454
                ],
                [
                    18.01186,
                    59.33454
                ]
            ]
        },
        {
            "summary": {
                "distance": 723.4,
                "duration": 152.6
            },
            "user": {
                "id": 280,
                "token": "eyJhbGciOiJIUzI1NiIsInR5cCI6IkpXVCJ9.eyJpZCI6MjgwLCJyb2xlIjoidXNlciIsImlhdCI6MTcwMDkzMzgyOCwiZXhwIjoxNzMyNDY5ODI4fQ.rsQPgD_wO1v7ML56dqSBYUzzf4sPzcSAyJvRpKGP5oo"
            },
            "coords": [
                [
                    18.01186,
                    59.33454
                ],
                [
                    18.01168,
                    59.33454
                ],
                [
                    18.01162,
                    59.33462
                ],
                [
                    18.01167,
                    59.33469
                ],
                [
                    18.01175,
                    59.33481
                ],
                [
                    18.01182,
                    59.33489
                ],
                [
                    18.01273,
                    59.33503
                ],
                [
                    18.01295,
                    59.33505
                ],
                [
                    18.01305,
                    59.33504
                ],
                [
                    18.01314,
                    59.335
                ],
                [
                    18.01325,
                    59.33506
                ],
                [
                    18.01342,
                    59.33514
                ],
                [
                    18.01353,
                    59.3352
                ],
                [
                    18.01341,
                    59.33526
                ],
                [
                    18.01339,
                    59.33531
                ],
                [
                    18.0133,
                    59.33536
                ],
                [
                    18.01319,
                    59.33542
                ],
                [
                    18.01308,
                    59.33547
                ],
                [
                    18.01299,
                    59.33548
                ],
                [
                    18.0129,
                    59.33552
                ],
                [
                    18.01246,
                    59.33574
                ],
                [
                    18.01182,
                    59.33606
                ],
                [
                    18.01115,
                    59.3364
                ],
                [
                    18.01108,
                    59.3364
                ],
                [
                    18.011,
                    59.3364
                ],
                [
                    18.01032,
                    59.33676
                ],
                [
                    18.00996,
                    59.33693
                ],
                [
                    18.00853,
                    59.33764
                ],
                [
                    18.00828,
                    59.33777
                ],
                [
                    18.00802,
                    59.3379
                ],
                [
                    18.00796,
                    59.33786
                ],
                [
                    18.00788,
                    59.3379
                ],
                [
                    18.00774,
                    59.33782
                ],
                [
                    18.00768,
                    59.33779
                ],
                [
                    18.00778,
                    59.33774
                ],
                [
                    18.008,
                    59.33762
                ],
                [
                    18.00888,
                    59.33717
                ]
            ]
        }
    ],
    "apiKey": "7f2ec2335f04c1b89fa72708246727c8"
}