{
    "city": 1,
    "initialStart": [
        18.02403,
        59.33168
    ],
    "trips": [
        {
            "summary": {
                "distance": 728.8,
                "duration": 144.2
            },
            "user": {
                "id": 281,
                "token": "eyJhbGciOiJIUzI1NiIsInR5cCI6IkpXVCJ9.eyJpZCI6MjgxLCJyb2xlIjoidXNlciIsImlhdCI6MTcwMDkzMzgyOCwiZXhwIjoxNzMyNDY5ODI4fQ.9m8UgTRVtpLZDFe1Ioq6RYpGN_alHSYE8AicFkrdS4Y"
            },
            "coords": [
                [
                    18.02403,
                    59.33168
                ],
                [
                    18.02423,
                    59.33167
                ],
                [
                    18.02425,
                    59.33168
                ],
                [
                    18.02446,
                    59.33169
                ],
                [
                    18.02584,
                    59.33171
                ],
                [
                    18.0267,
                    59.33176
                ],
                [
                    18.02679,
                    59.33178
                ],
                [
                    18.02766,
                    59.33182
                ],
                [
                    18.02838,
                    59.33184
                ],
                [
                    18.02838,
                    59.33182
                ],
                [
                    18.02836,
                    59.33168
                ],
                [
                    18.02828,
                    59.33166
                ],
                [
                    18.02799,
                    59.33155
                ],
                [
                    18.02795,
                    59.33147
                ],
                [
                    18.02764,
                    59.33112
                ],
                [
                    18.02753,
                    59.33105
                ],
                [
                    18.02683,
                    59.33029
                ],
                [
                    18.02679,
                    59.33024
                ],
                [
                    18.02676,
                    59.33021
                ],
                [
                    18.02669,
                    59.33014
                ],
                [
                    18.02633,
                    59.32978
                ],
                [
                    18.02625,
                    59.3297
                ],
                [
                    18.02646,
                    59.32962
                ],
                [
                    18.0264,
                    59.32957
                ],
                [
                    18.02584,
                    59.32916
                ],
                [
                    18.02584,
                    59.32909
                ],
                [
                    18.02594,
                    59.32907
                ],
                [
                    18.02601,
                    59.32908
                ],
                [
                    18.02606,
                    59.32911
                ],
                [
                    18.02606,
                    59.32914
                ],
                [
                    18.026,
                    59.32918
                ],
                [
                    18.02583,
                    59.32919
                ],
                [
                    18.02578,
                    59.32919
                ],
                [
                    18.0257,
                    59.32919
                ],
                [
                    18.02524,
                    59.32914
                ],
                [
                    18.02511,
                    59.3291
                ],
                [
                    18.02445,
                    59.32883
                ]
            ]
        },
        {
            "summary": {
                "distance": 745.7,
                "duration": 147.1
            },
            "user": {
                "id": 282,
                "token": "eyJhbGciOiJIUzI1NiIsInR5cCI6IkpXVCJ9.eyJpZCI6MjgyLCJyb2xlIjoidXNlciIsImlhdCI6MTcwMDkzMzgyOSwiZXhwIjoxNzMyNDY5ODI5fQ.VP5YwuhCZVi9zHWl93qMvESHEjrErh5Bn9t5Z812gDo"
            },
            "coords": [
                [
                    18.02445,
                    59.32883
                ],
                [
                    18.02511,
                    59.3291
                ],
                [
                    18.02524,
                    59.32914
                ],
                [
                    18.0257,
                    59.32919
                ],
                [
                    18.02578,
                    59.32919
                ],
                [
                    18.0258,
                    59.3293
                ],
                [
                    18.02789,
                    59.32866
                ],
                [
                    18.02822,
                    59.32857
                ],
                [
                    18.02804,
                    59.32844
                ],
                [
                    18.02713,
                    59.32788
                ],
                [
                    18.02685,
                    59.32766
                ],
                [
                    18.02644,
                    59.32729
                ],
                [
                    18.02632,
                    59.32719
                ],
                [
                    18.02611,
                    59.32701
                ],
                [
                    18.02526,
                    59.32655
                ],
                [
                    18.02502,
                    59.32649
                ],
                [
                    18.02472,
                    59.32644
                ],
                [
                    18.02441,
                    59.32642
                ],
                [
                    18.02401,
                    59.3264
                ],
                [
                    18.0239,
                    59.32637
                ],
                [
                    18.02315,
                    59.32602
                ],
                [
                    18.02328,
                    59.3258
                ],
                [
                    18.02367,
                    59.32581
                ],
                [
                    18.02381,
                    59.32577
                ],
                [
                    18.02394,
                    59.32571
                ]
            ]
        }
    ],
    "apiKey": "c95bb21894b740f3ef767f349de9c7e7"
}