{
    "city": 1,
    "initialStart": [
        18.04499,
        59.32909
    ],
    "trips": [
        {
            "summary": {
                "distance": 438.9,
                "duration": 71.8
            },
            "user": {
                "id": 283,
                "token": "eyJhbGciOiJIUzI1NiIsInR5cCI6IkpXVCJ9.eyJpZCI6MjgzLCJyb2xlIjoidXNlciIsImlhdCI6MTcwMDkzMzgyOSwiZXhwIjoxNzMyNDY5ODI5fQ.qPpwULbEWtWbGexCndmudeuxy0sFr3a7ZikQTSHchvs"
            },
            "coords": [
                [
                    18.04499,
                    59.32909
                ],
                [
                    18.0453,
                    59.32967
                ],
                [
                    18.04366,
                    59.32989
                ],
                [
                    18.04321,
                    59.32995
                ],
                [
                    18.0419,
                    59.33012
                ],
                [
                    18.04202,
                    59.33018
                ],
                [
                    18.04205,
                    59.33019
                ],
                [
                    18.04215,
                    59.33038
                ],
                [
                    18.04241,
                    59.33089
                ],
                [
                    18.04246,
                    59.33099
                ],
                [
                    18.04265,
                    59.33136
                ],
                [
                    18.04277,
                    59.33159
                ]
            ]
        },
        {
            "summary": {
                "distance": 367.5,
                "duration": 94.8
            },
            "user": {
                "id": 284,
                "token": "eyJhbGciOiJIUzI1NiIsInR5cCI6IkpXVCJ9.eyJpZCI6Mjg0LCJyb2xlIjoidXNlciIsImlhdCI6MTcwMDkzMzgyOSwiZXhwIjoxNzMyNDY5ODI5fQ.c4YFDBPgaGxBm5KN4VbeE-S5Vnc6Dyw9NA_T263YDjA"
            },
            "coords": [
                [
                    18.04277,
                    59.33159
                ],
                [
                    18.04283,
                    59.33169
                ],
                [
                    18.0429,
                    59.33176
                ],
                [
                    18.04455,
                    59.33153
                ],
                [
                    18.04615,
                    59.33131
                ],
                [
                    18.04596,
                    59.33093
                ],
                [
                    18.0459,
                    59.33084
                ],
                [
                    18.04568,
                    59.33039
                ],
                [
                    18.04584,
                    59.33037
                ],
                [
                    18.04592,
                    59.33036
                ],
                [
                    18.04619,
                    59.33033
                ],
                [
                    18.0462,
                    59.33035
                ],
                [
                    18.04623,
                    59.33041
                ],
                [
                    18.04625,
                    59.33045
                ],
                [
                    18.04627,
                    59.33045
                ],
                [
                    18.04634,
                    59.33044
                ],
                [
                    18.04636,
                    59.33042
                ]
            ]
        }
    ],
    "apiKey": "faa1908d341dc5be33b8dcd51f8bd83d"
}