{
    "city": 1,
    "initialStart": [
        18.03709,
        59.34009
    ],
    "trips": [
        {
            "summary": {
                "distance": 524.6,
                "duration": 93.2
            },
            "user": {
                "id": 285,
                "token": "eyJhbGciOiJIUzI1NiIsInR5cCI6IkpXVCJ9.eyJpZCI6Mjg1LCJyb2xlIjoidXNlciIsImlhdCI6MTcwMDkzMzgyOSwiZXhwIjoxNzMyNDY5ODI5fQ.j4lsRubcskfXCRsWXkmLBd6GzdkT_AEcg0NOxBPh3VE"
            },
            "coords": [
                [
                    18.03709,
                    59.34009
                ],
                [
                    18.03762,
                    59.34095
                ],
                [
                    18.03774,
                    59.34097
                ],
                [
                    18.03785,
                    59.34096
                ],
                [
                    18.03839,
                    59.34033
                ],
                [
                    18.03844,
                    59.3403
                ],
                [
                    18.03853,
                    59.34016
                ],
                [
                    18.03877,
                    59.33988
                ],
                [
                    18.03891,
                    59.33976
                ],
                [
                    18.03898,
                    59.33978
                ],
                [
                    18.03909,
                    59.33981
                ],
                [
                    18.03915,
                    59.33982
                ],
                [
                    18.03925,
                    59.33986
                ],
                [
                    18.03965,
                    59.34004
                ],
                [
                    18.04065,
                    59.3403
                ],
                [
                    18.04083,
                    59.34034
                ],
                [
                    18.04236,
                    59.34073
                ],
                [
                    18.04231,
                    59.34078
                ],
                [
                    18.04225,
                    59.34084
                ],
                [
                    18.04236,
                    59.34087
                ],
                [
                    18.04245,
                    59.34088
                ],
                [
                    18.04266,
                    59.34093
                ]
            ]
        },
        {
            "summary": {
                "distance": 423.3,
                "duration": 87.1
            },
            "user": {
                "id": 286,
                "token": "eyJhbGciOiJIUzI1NiIsInR5cCI6IkpXVCJ9.eyJpZCI6Mjg2LCJyb2xlIjoidXNlciIsImlhdCI6MTcwMDkzMzgyOSwiZXhwIjoxNzMyNDY5ODI5fQ.feGEw0f5FvkbrHYMmfWO1EDSOVb7jbheexUpOA__Dpo"
            },
            "coords": [
                [
                    18.04266,
                    59.34093
                ],
                [
                    18.04245,
                    59.34088
                ],
                [
                    18.0425,
                    59.34082
                ],
                [
                    18.04231,
                    59.34078
                ],
                [
                    18.04079,
                    59.34039
                ],
                [
                    18.04061,
                    59.34035
                ],
                [
                    18.03913,
                    59.33999
                ],
                [
                    18.03902,
                    59.33996
                ],
                [
                    18.03818,
                    59.34093
                ],
                [
                    18.03801,
                    59.34113
                ],
                [
                    18.03803,
                    59.34113
                ],
                [
                    18.03833,
                    59.3408
                ]
            ]
        }
    ]
}