{
    "city": 1,
    "initialStart": [
        18.08446,
        59.33734
    ],
    "trips": [
        {
            "summary": {
                "distance": 259.3,
                "duration": 63.3
            },
            "user": {
                "id": 289,
                "token": "eyJhbGciOiJIUzI1NiIsInR5cCI6IkpXVCJ9.eyJpZCI6Mjg5LCJyb2xlIjoidXNlciIsImlhdCI6MTcwMDkzMzgzMCwiZXhwIjoxNzMyNDY5ODMwfQ.lQf2LllteYtk93pt1Hjyl8ZoFrbBC5gAk0Q-sK07aGA"
            },
            "coords": [
                [
                    18.08446,
                    59.33734
                ],
                [
                    18.08464,
                    59.33757
                ],
                [
                    18.08462,
                    59.33759
                ],
                [
                    18.08468,
                    59.33766
                ],
                [
                    18.08406,
                    59.33778
                ],
                [
                    18.0839,
                    59.33781
                ],
                [
                    18.08395,
                    59.33789
                ],
                [
                    18.08452,
                    59.33861
                ],
                [
                    18.08457,
                    59.33867
                ],
                [
                    18.08474,
                    59.3389
                ],
                [
                    18.0848,
                    59.33897
                ],
                [
                    18.08469,
                    59.339
                ],
                [
                    18.08487,
                    59.33923
                ]
            ]
        },
        {
            "summary": {
                "distance": 410.8,
                "duration": 77.2
            },
            "user": {
                "id": 290,
                "token": "eyJhbGciOiJIUzI1NiIsInR5cCI6IkpXVCJ9.eyJpZCI6MjkwLCJyb2xlIjoidXNlciIsImlhdCI6MTcwMDkzMzgzMCwiZXhwIjoxNzMyNDY5ODMwfQ.P3f8dIv3LYhiNqBPWYkXD7_eqfsErB4sN3_niGOYeQ8"
            },
            "coords": [
                [
                    18.08487,
                    59.33923
                ],
                [
                    18.08469,
                    59.339
                ],
                [
                    18.0848,
                    59.33897
                ],
                [
                    18.08474,
                    59.3389
                ],
                [
                    18.08457,
                    59.33867
                ],
                [
                    18.08472,
                    59.33864
                ],
                [
                    18.08622,
                    59.33834
                ],
                [
                    18.08634,
                    59.33831
                ],
                [
                    18.08643,
                    59.33829
                ],
                [
                    18.08649,
                    59.33828
                ],
                [
                    18.08715,
                    59.33814
                ],
                [
                    18.08767,
                    59.33803
                ],
                [
                    18.08784,
                    59.338
                ],
                [
                    18.08879,
                    59.33781
                ],
                [
                    18.08892,
                    59.33778
                ],
                [
                    18.089,
                    59.33778
                ],
                [
                    18.08907,
                    59.33789
                ],
                [
                    18.08919,
                    59.33799
                ],
                [
                    18.08945,
                    59.33819
                ],
                [
                    18.08959,
                    59.33823
                ],
                [
                    18.08973,
                    59.33824
                ]
            ]
        }
    ]
}