{
    "city": 1,
    "initialStart": [
        18.05942,
        59.312
    ],
    "trips": [
        {
            "summary": {
                "distance": 528.2,
                "duration": 91.1
            },
            "user": {
                "id": 291,
                "token": "eyJhbGciOiJIUzI1NiIsInR5cCI6IkpXVCJ9.eyJpZCI6MjkxLCJyb2xlIjoidXNlciIsImlhdCI6MTcwMDkzMzgzMCwiZXhwIjoxNzMyNDY5ODMwfQ.vH37tnyguZq0ol5_nmhTc0BJ1wriJEM1s54ftgHEHrE"
            },
            "coords": [
                [
                    18.05942,
                    59.312
                ],
                [
                    18.05825,
                    59.31186
                ],
                [
                    18.05812,
                    59.31184
                ],
                [
                    18.05809,
                    59.31189
                ],
                [
                    18.05797,
                    59.31215
                ],
                [
                    18.05796,
                    59.31217
                ],
                [
                    18.0579,
                    59.3123
                ],
                [
                    18.05777,
                    59.31256
                ],
                [
                    18.05774,
                    59.31263
                ],
                [
                    18.05755,
                    59.31302
                ],
                [
                    18.05727,
                    59.3136
                ],
                [
                    18.0574,
                    59.3136
                ],
                [
                    18.05802,
                    59.31356
                ],
                [
                    18.05861,
                    59.31361
                ],
                [
                    18.05872,
                    59.31363
                ],
                [
                    18.05902,
                    59.31359
                ],
                [
                    18.05922,
                    59.31354
                ],
                [
                    18.05924,
                    59.3135
                ],
                [
                    18.0589,
                    59.31348
                ],
                [
                    18.05851,
                    59.31347
                ],
                [
                    18.05816,
                    59.31347
                ],
                [
                    18.05756,
                    59.31351
                ],
                [
                    18.05712,
                    59.31358
                ],
                [
                    18.05693,
                    59.31361
                ]
            ]
        },
        {
            "summary": {
                "distance": 604.2,
                "duration": 101.9
            },
            "user": {
                "id": 292,
                "token": "eyJhbGciOiJIUzI1NiIsInR5cCI6IkpXVCJ9.eyJpZCI6MjkyLCJyb2xlIjoidXNlciIsImlhdCI6MTcwMDkzMzgzMCwiZXhwIjoxNzMyNDY5ODMwfQ.WU0lHhIlVmeYk54wEhVxLEu47nTHToOUClG5HDmOIPg"
            },
            "coords": [
                [
                    18.05693,
                    59.31361
                ],
                [
                    18.05652,
                    59.31368
                ],
                [
                    18.05608,
                    59.31376
                ],
                [
                    18.05534,
                    59.31384
                ],
                [
                    18.05531,
                    59.31379
                ],
                [
                    18.05506,
                    59.31362
                ],
                [
                    18.05515,
                    59.31348
                ],
                [
                    18.05447,
                    59.31325
                ],
                [
                    18.05427,
                    59.31318
                ],
                [
                    18.05421,
                    59.31317
                ],
                [
                    18.05376,
                    59.31301
                ],
                [
                    18.05367,
                    59.31298
                ],
                [
                    18.0538,
                    59.31289
                ],
                [
                    18.05445,
                    59.31246
                ],
                [
                    18.05517,
                    59.31211
                ],
                [
                    18.05524,
                    59.31205
                ],
                [
                    18.05544,
                    59.31196
                ],
                [
                    18.0555,
                    59.31193
                ],
                [
                    18.05537,
                    59.31191
                ],
                [
                    18.05531,
                    59.31187
                ],
                [
                    18.05522,
                    59.31182
                ],
                [
                    18.0553,
                    59.31178
                ],
                [
                    18.05643,
                    59.31128
                ],
                [
                    18.05776,
                    59.31077
                ]
            ]
        }
    ]
}