{
    "city": 1,
    "initialStart": [
        18.05957,
        59.33063
    ],
    "trips": [
        {
            "summary": {
                "distance": 371.7,
                "duration": 131
            },
            "user": {
                "id": 295,
                "token": "eyJhbGciOiJIUzI1NiIsInR5cCI6IkpXVCJ9.eyJpZCI6Mjk1LCJyb2xlIjoidXNlciIsImlhdCI6MTcwMDkzNDk2NSwiZXhwIjoxNzMyNDcwOTY1fQ.Ca8900-JRwgJU-wi0BtgAKvFkOqKZSvZKLIGV85ckBY"
            },
            "coords": [
                [
                    18.05957,
                    59.33063
                ],
                [
                    18.05952,
                    59.33068
                ],
                [
                    18.05945,
                    59.33067
                ],
                [
                    18.05937,
                    59.33076
                ],
                [
                    18.05931,
                    59.33083
                ],
                [
                    18.05849,
                    59.33174
                ],
                [
                    18.05842,
                    59.33182
                ],
                [
                    18.05831,
                    59.33179
                ],
                [
                    18.05816,
                    59.33175
                ],
                [
                    18.05822,
                    59.33168
                ],
                [
                    18.05815,
                    59.33166
                ],
                [
                    18.05808,
                    59.33164
                ],
                [
                    18.05838,
                    59.33131
                ],
                [
                    18.05785,
                    59.33118
                ],
                [
                    18.05787,
                    59.33116
                ],
                [
                    18.05777,
                    59.33114
                ],
                [
                    18.05771,
                    59.33112
                ],
                [
                    18.05737,
                    59.33103
                ],
                [
                    18.05779,
                    59.33068
                ],
                [
                    18.05758,
                    59.33062
                ],
                [
                    18.05761,
                    59.33059
                ],
                [
                    18.05769,
                    59.33053
                ],
                [
                    18.05778,
                    59.33051
                ]
            ]
        },
        {
            "summary": {
                "distance": 575.2,
                "duration": 186.7
            },
            "user": {
                "id": 296,
                "token": "eyJhbGciOiJIUzI1NiIsInR5cCI6IkpXVCJ9.eyJpZCI6Mjk2LCJyb2xlIjoidXNlciIsImlhdCI6MTcwMDkzNDk2NSwiZXhwIjoxNzMyNDcwOTY1fQ.sI_0NhKIcEDiiq3bBRQbIJ0on3QLccnhu34CVv0N1E4"
            },
            "coords": [
                [
                    18.05778,
                    59.33051
                ],
                [
                    18.05769,
                    59.33053
                ],
                [
                    18.05761,
                    59.33059
                ],
                [
                    18.05758,
                    59.33062
                ],
                [
                    18.05779,
                    59.33068
                ],
                [
                    18.05737,
                    59.33103
                ],
                [
                    18.05771,
                    59.33112
                ],
                [
                    18.05777,
                    59.33114
                ],
                [
                    18.05787,
                    59.33116
                ],
                [
                    18.05785,
                    59.33118
                ],
                [
                    18.05838,
                    59.33131
                ],
                [
                    18.05808,
                    59.33164
                ],
                [
                    18.05815,
                    59.33166
                ],
                [
                    18.05899,
                    59.33075
                ],
                [
                    18.05904,
                    59.3307
                ],
                [
                    18.05911,
                    59.33071
                ],
                [
                    18.05928,
                    59.33075
                ],
                [
                    18.05937,
                    59.33076
                ],
                [
                    18.05946,
                    59.33078
                ],
                [
                    18.06029,
                    59.33099
                ],
                [
                    18.06037,
                    59.33101
                ],
                [
                    18.06044,
                    59.33101
                ],
                [
                    18.06049,
                    59.33098
                ],
                [
                    18.061,
                    59.33045
                ],
                [
                    18.06115,
                    59.33037
                ],
                [
                    18.06135,
                    59.33042
                ],
                [
                    18.06128,
                    59.33048
                ],
                [
                    18.06181,
                    59.33061
                ],
                [
                    18.06196,
                    59.33061
                ],
                [
                    18.06196,
                    59.33066
                ],
                [
                    18.06195,
                    59.33067
                ],
                [
                    18.0619,
                    59.33074
                ],
                [
                    18.062,
                    59.33082
                ],
                [
                    18.06203,
                    59.33091
                ]
            ]
        }
    ],
    "apiKey": "bd4442b3c8add4b10d673873b57235f6"
}