{
    "city": 1,
    "initialStart": [
        18.07585,
        59.33274
    ],
    "trips": [
        {
            "summary": {
                "distance": 443.4,
                "duration": 123.2
            },
            "user": {
                "id": 297,
                "token": "eyJhbGciOiJIUzI1NiIsInR5cCI6IkpXVCJ9.eyJpZCI6Mjk3LCJyb2xlIjoidXNlciIsImlhdCI6MTcwMDkzNDk2NSwiZXhwIjoxNzMyNDcwOTY1fQ.Zr79XgHxu_NxwGo4jzW4UnTfQXNSINC7r81N7xJxZYE"
            },
            "coords": [
                [
                    18.07585,
                    59.33274
                ],
                [
                    18.0758,
                    59.33276
                ],
                [
                    18.07518,
                    59.33187
                ],
                [
                    18.07455,
                    59.33107
                ],
                [
                    18.07448,
                    59.331
                ],
                [
                    18.07434,
                    59.33094
                ],
                [
                    18.07346,
                    59.33069
                ],
                [
                    18.07302,
                    59.33059
                ],
                [
                    18.07299,
                    59.33058
                ],
                [
                    18.07291,
                    59.33056
                ],
                [
                    18.07284,
                    59.33055
                ],
                [
                    18.07267,
                    59.33049
                ],
                [
                    18.07241,
                    59.33044
                ],
                [
                    18.07201,
                    59.33037
                ],
                [
                    18.07194,
                    59.3305
                ],
                [
                    18.07181,
                    59.33071
                ],
                [
                    18.07187,
                    59.33074
                ],
                [
                    18.07191,
                    59.33077
                ],
                [
                    18.07191,
                    59.33079
                ],
                [
                    18.07182,
                    59.33085
                ],
                [
                    18.07173,
                    59.33085
                ],
                [
                    18.0717,
                    59.33092
                ],
                [
                    18.07169,
                    59.33093
                ]
            ]
        },
        {
            "summary": {
                "distance": 286,
                "duration": 92.7
            },
            "user": {
                "id": 298,
                "token": "eyJhbGciOiJIUzI1NiIsInR5cCI6IkpXVCJ9.eyJpZCI6Mjk4LCJyb2xlIjoidXNlciIsImlhdCI6MTcwMDkzNDk2NSwiZXhwIjoxNzMyNDcwOTY1fQ.dZzqMCVixQyHC56Oq15l_5ZULx-vzLGxYWnHlQ0ZSiQ"
            },
            "coords": [
                [
                    18.07169,
                    59.33093
                ],
                [
                    18.0717,
                    59.33092
                ],
                [
                    18.07173,
                    59.33085
                ],
                [
                    18.07182,
                    59.33085
                ],
                [
                    18.07191,
                    59.33079
                ],
                [
                    18.07191,
                    59.33077
                ],
                [
                    18.07187,
                    59.33074
                ],
                [
                    18.07181,
                    59.33071
                ],
                [
                    18.07194,
                    59.3305
                ],
                [
                    18.07201,
                    59.33037
                ],
                [
                    18.07241,
                    59.33044
                ],
                [
                    18.07267,
                    59.33049
                ],
                [
                    18.07284,
                    59.33055
                ],
                [
                    18.07291,
                    59.33056
                ],
                [
                    18.07299,
                    59.33058
                ],
                [
                    18.07302,
                    59.33059
                ],
                [
                    18.07346,
                    59.33069
                ],
                [
                    18.07434,
                    59.33094
                ],
                [
                    18.07448,
                    59.331
                ],
                [
                    18.07449,
                    59.33096
                ],
                [
                    18.07459,
                    59.33089
                ],
                [
                    18.07514,
                    59.33067
                ]
            ]
        }
    ],
    "apiKey": "fd4f98cf710c83feac04a884b963a33f"
}