{
    "city": 1,
    "initialStart": [
        18.10282,
        59.33204
    ],
    "trips": [
        {
            "summary": {
                "distance": 308.1,
                "duration": 57
            },
            "user": {
                "id": 299,
                "token": "eyJhbGciOiJIUzI1NiIsInR5cCI6IkpXVCJ9.eyJpZCI6Mjk5LCJyb2xlIjoidXNlciIsImlhdCI6MTcwMDkzNDk2NSwiZXhwIjoxNzMyNDcwOTY1fQ.C4joYM4_EhoNZlgHUlOZPopylo22woXfI8bySQv5bjo"
            },
            "coords": [
                [
                    18.10282,
                    59.33204
                ],
                [
                    18.10294,
                    59.3318
                ],
                [
                    18.10263,
                    59.33175
                ],
                [
                    18.10214,
                    59.33172
                ],
                [
                    18.10183,
                    59.33172
                ],
                [
                    18.10143,
                    59.33175
                ],
                [
                    18.10128,
                    59.33178
                ],
                [
                    18.10114,
                    59.3318
                ],
                [
                    18.10085,
                    59.33189
                ],
                [
                    18.10059,
                    59.33201
                ],
                [
                    18.10045,
                    59.33211
                ],
                [
                    18.10034,
                    59.33223
                ],
                [
                    18.10019,
                    59.33245
                ],
                [
                    18.10011,
                    59.33269
                ],
                [
                    18.10036,
                    59.33264
                ],
                [
                    18.10066,
                    59.33262
                ],
                [
                    18.10075,
                    59.33242
                ]
            ]
        },
        {
            "summary": {
                "distance": 357.2,
                "duration": 81.3
            },
            "user": {
                "id": 300,
                "token": "eyJhbGciOiJIUzI1NiIsInR5cCI6IkpXVCJ9.eyJpZCI6MzAwLCJyb2xlIjoidXNlciIsImlhdCI6MTcwMDkzNDk2NiwiZXhwIjoxNzMyNDcwOTY2fQ.NTPXV_4lO01oPmSEDD8_CoAyx2JG2jLq9yUqvWrYeRo"
            },
            "coords": [
                [
                    18.10075,
                    59.33242
                ],
                [
                    18.10066,
                    59.33262
                ],
                [
                    18.10089,
                    59.33262
                ],
                [
                    18.10121,
                    59.33265
                ],
                [
                    18.10303,
                    59.33308
                ],
                [
                    18.10322,
                    59.3331
                ],
                [
                    18.10317,
                    59.33317
                ],
                [
                    18.10312,
                    59.33327
                ],
                [
                    18.10294,
                    59.33325
                ],
                [
                    18.1029,
                    59.33329
                ],
                [
                    18.1026,
                    59.3336
                ],
                [
                    18.10245,
                    59.33358
                ],
                [
                    18.1022,
                    59.33362
                ],
                [
                    18.10175,
                    59.33375
                ],
                [
                    18.10159,
                    59.33369
                ],
                [
                    18.10153,
                    59.33371
                ],
                [
                    18.10149,
                    59.3337
                ],
                [
                    18.10147,
                    59.3337
                ],
                [
                    18.10147,
                    59.33365
                ],
                [
                    18.10129,
                    59.33359
                ],
                [
                    18.10107,
                    59.33368
                ]
            ]
        }
    ],
    "apiKey": "7e0a7d36488236215433d118fb87aa4f"
}