{
    "city": 1,
    "initialStart": [
        18.06874,
        59.32266
    ],
    "trips": [
        {
            "summary": {
                "distance": 307.5,
                "duration": 66.3
            },
            "user": {
                "id": 301,
                "token": "eyJhbGciOiJIUzI1NiIsInR5cCI6IkpXVCJ9.eyJpZCI6MzAxLCJyb2xlIjoidXNlciIsImlhdCI6MTcwMDkzNDk2NiwiZXhwIjoxNzMyNDcwOTY2fQ.HttqdQQMFeqhpqwxSxLtb75kSnjiPUHySjTBO1r-dEs"
            },
            "coords": [
                [
                    18.06874,
                    59.32266
                ],
                [
                    18.06777,
                    59.32304
                ],
                [
                    18.06757,
                    59.32318
                ],
                [
                    18.06755,
                    59.3232
                ],
                [
                    18.06721,
                    59.32346
                ],
                [
                    18.06681,
                    59.32384
                ],
                [
                    18.06656,
                    59.32424
                ],
                [
                    18.06667,
                    59.32424
                ],
                [
                    18.06681,
                    59.32423
                ],
                [
                    18.06698,
                    59.32422
                ],
                [
                    18.06709,
                    59.3242
                ],
                [
                    18.0671,
                    59.32422
                ],
                [
                    18.06687,
                    59.32437
                ],
                [
                    18.06688,
                    59.3244
                ],
                [
                    18.0673,
                    59.32456
                ]
            ]
        },
        {
            "summary": {
                "distance": 550.2,
                "duration": 150.8
            },
            "user": {
                "id": 302,
                "token": "eyJhbGciOiJIUzI1NiIsInR5cCI6IkpXVCJ9.eyJpZCI6MzAyLCJyb2xlIjoidXNlciIsImlhdCI6MTcwMDkzNDk2NiwiZXhwIjoxNzMyNDcwOTY2fQ.ajzQwXNB9-jlnxzRcyGmIgBqW3Rso6xw9d9XA3R4Sbc"
            },
            "coords": [
                [
                    18.0673,
                    59.32456
                ],
                [
                    18.06738,
                    59.32459
                ],
                [
                    18.06709,
                    59.32477
                ],
                [
                    18.06707,
                    59.32478
                ],
                [
                    18.06697,
                    59.32484
                ],
                [
                    18.06686,
                    59.32485
                ],
                [
                    18.06674,
                    59.32484
                ],
                [
                    18.06619,
                    59.3254
                ],
                [
                    18.06603,
                    59.32538
                ],
                [
                    18.06594,
                    59.32537
                ],
                [
                    18.06586,
                    59.32541
                ],
                [
                    18.06585,
                    59.32544
                ],
                [
                    18.06581,
                    59.32549
                ],
                [
                    18.06579,
                    59.32548
                ],
                [
                    18.06567,
                    59.32543
                ],
                [
                    18.06565,
                    59.32539
                ],
                [
                    18.06516,
                    59.32518
                ],
                [
                    18.0651,
                    59.32515
                ],
                [
                    18.06493,
                    59.32505
                ],
                [
                    18.06486,
                    59.32503
                ],
                [
                    18.06481,
                    59.32502
                ],
                [
                    18.06477,
                    59.32502
                ],
                [
                    18.06374,
                    59.32487
                ],
                [
                    18.06362,
                    59.32485
                ],
                [
                    18.06262,
                    59.32472
                ],
                [
                    18.06214,
                    59.32465
                ],
                [
                    18.06225,
                    59.32441
                ],
                [
                    18.06233,
                    59.32438
                ],
                [
                    18.06247,
                    59.32433
                ],
                [
                    18.06305,
                    59.32414
                ],
                [
                    18.06297,
                    59.32408
                ],
                [
                    18.064,
                    59.32373
                ]
            ]
        }
    ]
}