{
    "city": 1,
    "initialStart": [
        18.00762,
        59.3346
    ],
    "trips": [
        {
            "summary": {
                "distance": 1176.8,
                "duration": 206.4
            },
            "user": {
                "id": 303,
                "token": "eyJhbGciOiJIUzI1NiIsInR5cCI6IkpXVCJ9.eyJpZCI6MzAzLCJyb2xlIjoidXNlciIsImlhdCI6MTcwMDkzNDk2NiwiZXhwIjoxNzMyNDcwOTY2fQ.EqOpWa4Bn3kc2VA-WPVtS1U9SocMoNmy3FQzWfvuDpQ"
            },
            "coords": [
                [
                    18.00762,
                    59.3346
                ],
                [
                    18.00778,
                    59.33458
                ],
                [
                    18.00795,
                    59.33454
                ],
                [
                    18.00828,
                    59.33446
                ],
                [
                    18.00857,
                    59.33442
                ],
                [
                    18.00871,
                    59.33443
                ],
                [
                    18.00895,
                    59.33449
                ],
                [
                    18.00911,
                    59.33454
                ],
                [
                    18.00926,
                    59.33463
                ],
                [
                    18.00962,
                    59.33462
                ],
                [
                    18.01031,
                    59.33462
                ],
                [
                    18.01041,
                    59.33465
                ],
                [
                    18.01046,
                    59.33465
                ],
                [
                    18.01051,
                    59.3346
                ],
                [
                    18.01054,
                    59.3346
                ],
                [
                    18.01057,
                    59.33465
                ],
                [
                    18.01062,
                    59.33471
                ],
                [
                    18.01068,
                    59.33472
                ],
                [
                    18.01074,
                    59.3347
                ],
                [
                    18.01077,
                    59.33466
                ],
                [
                    18.01082,
                    59.33458
                ],
                [
                    18.011,
                    59.33463
                ],
                [
                    18.01148,
                    59.33463
                ],
                [
                    18.01158,
                    59.33458
                ],
                [
                    18.01184,
                    59.33389
                ],
                [
                    18.01209,
                    59.33323
                ],
                [
                    18.01223,
                    59.33313
                ],
                [
                    18.0124,
                    59.33304
                ],
                [
                    18.01252,
                    59.33298
                ],
                [
                    18.01339,
                    59.33254
                ],
                [
                    18.01349,
                    59.33249
                ],
                [
                    18.01426,
                    59.33287
                ],
                [
                    18.0143,
                    59.3329
                ],
                [
                    18.01501,
                    59.33326
                ],
                [
                    18.01505,
                    59.33327
                ],
                [
                    18.01577,
                    59.33366
                ],
                [
                    18.01589,
                    59.33372
                ],
                [
                    18.01605,
                    59.3338
                ],
                [
                    18.01618,
                    59.33387
                ],
                [
                    18.01614,
                    59.33389
                ],
                [
                    18.016,
                    59.33393
                ],
                [
                    18.01573,
                    59.33407
                ],
                [
                    18.01491,
                    59.33449
                ],
                [
                    18.01416,
                    59.33487
                ],
                [
                    18.01353,
                    59.3352
                ],
                [
                    18.01341,
                    59.33526
                ],
                [
                    18.01339,
                    59.33531
                ],
                [
                    18.0133,
                    59.33536
                ],
                [
                    18.01319,
                    59.33542
                ],
                [
                    18.01308,
                    59.33547
                ],
                [
                    18.01299,
                    59.33548
                ],
                [
                    18.0129,
                    59.33552
                ],
                [
                    18.01279,
                    59.33546
                ],
                [
                    18.01216,
                    59.33578
                ],
                [
                    18.01198,
                    59.33571
                ],
                [
                    18.01186,
                    59.33566
                ],
                [
                    18.01114,
                    59.33539
                ],
                [
                    18.01078,
                    59.33565
                ]
            ]
        },
        {
            "summary": {
                "distance": 225,
                "duration": 39
            },
            "user": {
                "id": 304,
                "token": "eyJhbGciOiJIUzI1NiIsInR5cCI6IkpXVCJ9.eyJpZCI6MzA0LCJyb2xlIjoidXNlciIsImlhdCI6MTcwMDkzNDk2NiwiZXhwIjoxNzMyNDcwOTY2fQ.PQr8crMxpmD4Y1ksAaTKhzKpGwko_e6STclzMnL1De4"
            },
            "coords": [
                [
                    18.01078,
                    59.33565
                ],
                [
                    18.01078,
                    59.33565
                ],
                [
                    18.01114,
                    59.33539
                ],
                [
                    18.01186,
                    59.33566
                ],
                [
                    18.01251,
                    59.33531
                ],
                [
                    18.01253,
                    59.33527
                ],
                [
                    18.01295,
                    59.33505
                ],
                [
                    18.01305,
                    59.33504
                ],
                [
                    18.01314,
                    59.335
                ],
                [
                    18.01349,
                    59.33482
                ],
                [
                    18.01358,
                    59.33478
                ]
            ]
        }
    ],
    "apiKey": "c04db3492ce27a165d887ed8253922c6"
}