{
    "city": 1,
    "initialStart": [
        18.03667,
        59.32245
    ],
    "trips": [
        {
            "summary": {
                "distance": 204.2,
                "duration": 91.9
            },
            "user": {
                "id": 305,
                "token": "eyJhbGciOiJIUzI1NiIsInR5cCI6IkpXVCJ9.eyJpZCI6MzA1LCJyb2xlIjoidXNlciIsImlhdCI6MTcwMDkzNDk2NywiZXhwIjoxNzMyNDcwOTY3fQ.bzAM-cxblzZCBy9VMnDr0PDHiBJS_PmvaH_JopMkVaY"
            },
            "coords": [
                [
                    18.03667,
                    59.32245
                ],
                [
                    18.03678,
                    59.3224
                ],
                [
                    18.03684,
                    59.32232
                ],
                [
                    18.037,
                    59.32209
                ],
                [
                    18.03714,
                    59.32199
                ],
                [
                    18.03724,
                    59.32198
                ],
                [
                    18.03739,
                    59.32194
                ],
                [
                    18.03763,
                    59.32186
                ],
                [
                    18.0378,
                    59.32176
                ],
                [
                    18.03799,
                    59.32169
                ],
                [
                    18.03801,
                    59.32166
                ],
                [
                    18.038,
                    59.32152
                ],
                [
                    18.03794,
                    59.32147
                ],
                [
                    18.03789,
                    59.32134
                ],
                [
                    18.03784,
                    59.32131
                ],
                [
                    18.03779,
                    59.32131
                ],
                [
                    18.03756,
                    59.32138
                ],
                [
                    18.03716,
                    59.32143
                ]
            ]
        },
        {
            "summary": {
                "distance": 609,
                "duration": 141.5
            },
            "user": {
                "id": 306,
                "token": "eyJhbGciOiJIUzI1NiIsInR5cCI6IkpXVCJ9.eyJpZCI6MzA2LCJyb2xlIjoidXNlciIsImlhdCI6MTcwMDkzNDk2NywiZXhwIjoxNzMyNDcwOTY3fQ.odUicNtp86AKgbWyAUpFHxcLtEnJ7-c64ye2bunGo5Q"
            },
            "coords": [
                [
                    18.03716,
                    59.32143
                ],
                [
                    18.03692,
                    59.32146
                ],
                [
                    18.03645,
                    59.32142
                ],
                [
                    18.03586,
                    59.32144
                ],
                [
                    18.0351,
                    59.32142
                ],
                [
                    18.03505,
                    59.3214
                ],
                [
                    18.03503,
                    59.32134
                ],
                [
                    18.03508,
                    59.32123
                ],
                [
                    18.03504,
                    59.32117
                ],
                [
                    18.03502,
                    59.32099
                ],
                [
                    18.03502,
                    59.32097
                ],
                [
                    18.03498,
                    59.32094
                ],
                [
                    18.03475,
                    59.32083
                ],
                [
                    18.03428,
                    59.32075
                ],
                [
                    18.03418,
                    59.32072
                ],
                [
                    18.03411,
                    59.32067
                ],
                [
                    18.03445,
                    59.3207
                ],
                [
                    18.0351,
                    59.32071
                ],
                [
                    18.03538,
                    59.32066
                ],
                [
                    18.03593,
                    59.32064
                ],
                [
                    18.03608,
                    59.32067
                ],
                [
                    18.0364,
                    59.32074
                ],
                [
                    18.03737,
                    59.32076
                ],
                [
                    18.0377,
                    59.32074
                ],
                [
                    18.03789,
                    59.32075
                ],
                [
                    18.03813,
                    59.32079
                ],
                [
                    18.03809,
                    59.32084
                ],
                [
                    18.03835,
                    59.32112
                ],
                [
                    18.03822,
                    59.32133
                ],
                [
                    18.03855,
                    59.32166
                ],
                [
                    18.03858,
                    59.32174
                ],
                [
                    18.03851,
                    59.32182
                ],
                [
                    18.03838,
                    59.3219
                ],
                [
                    18.03838,
                    59.32195
                ]
            ]
        }
    ]
}