{
    "city": 1,
    "initialStart": [
        18.06147,
        59.33435
    ],
    "trips": [
        {
            "summary": {
                "distance": 445.3,
                "duration": 130.8
            },
            "user": {
                "id": 307,
                "token": "eyJhbGciOiJIUzI1NiIsInR5cCI6IkpXVCJ9.eyJpZCI6MzA3LCJyb2xlIjoidXNlciIsImlhdCI6MTcwMDkzNDk2NywiZXhwIjoxNzMyNDcwOTY3fQ.hSIRTQatn4p-aZAqC4lm6Z9jmO0W2uTX8bJ0rORMoxE"
            },
            "coords": [
                [
                    18.06147,
                    59.33435
                ],
                [
                    18.06192,
                    59.33446
                ],
                [
                    18.06281,
                    59.33468
                ],
                [
                    18.06287,
                    59.33462
                ],
                [
                    18.0632,
                    59.33426
                ],
                [
                    18.06352,
                    59.3338
                ],
                [
                    18.06367,
                    59.33361
                ],
                [
                    18.06379,
                    59.33338
                ],
                [
                    18.06386,
                    59.3333
                ],
                [
                    18.06392,
                    59.33324
                ],
                [
                    18.06419,
                    59.33295
                ],
                [
                    18.06408,
                    59.33293
                ],
                [
                    18.06423,
                    59.33277
                ],
                [
                    18.06434,
                    59.33272
                ],
                [
                    18.0644,
                    59.33273
                ],
                [
                    18.06441,
                    59.33272
                ],
                [
                    18.06293,
                    59.33236
                ],
                [
                    18.06296,
                    59.33233
                ],
                [
                    18.06299,
                    59.3323
                ],
                [
                    18.06301,
                    59.33228
                ],
                [
                    18.06318,
                    59.33232
                ]
            ]
        },
        {
            "summary": {
                "distance": 857.8,
                "duration": 147.2
            },
            "user": {
                "id": 308,
                "token": "eyJhbGciOiJIUzI1NiIsInR5cCI6IkpXVCJ9.eyJpZCI6MzA4LCJyb2xlIjoidXNlciIsImlhdCI6MTcwMDkzNDk2NywiZXhwIjoxNzMyNDcwOTY3fQ.Sb4IzWyC33oB_N5zLwk1NbFDs5yROdn8kNBASaHzlz8"
            },
            "coords": [
                [
                    18.06318,
                    59.33232
                ],
                [
                    18.06396,
                    59.33251
                ],
                [
                    18.06416,
                    59.33253
                ],
                [
                    18.0644,
                    59.33252
                ],
                [
                    18.06442,
                    59.33255
                ],
                [
                    18.06444,
                    59.33258
                ],
                [
                    18.06448,
                    59.33263
                ],
                [
                    18.06445,
                    59.33267
                ],
                [
                    18.06443,
                    59.33269
                ],
                [
                    18.06441,
                    59.33272
                ],
                [
                    18.06293,
                    59.33236
                ],
                [
                    18.06274,
                    59.33231
                ],
                [
                    18.06254,
                    59.3323
                ],
                [
                    18.06165,
                    59.33208
                ],
                [
                    18.06083,
                    59.33188
                ],
                [
                    18.06053,
                    59.33181
                ],
                [
                    18.0605,
                    59.33185
                ],
                [
                    18.06012,
                    59.33226
                ],
                [
                    18.05939,
                    59.33208
                ],
                [
                    18.05916,
                    59.33202
                ],
                [
                    18.05848,
                    59.33184
                ],
                [
                    18.05842,
                    59.33182
                ],
                [
                    18.05831,
                    59.33194
                ],
                [
                    18.05773,
                    59.33258
                ],
                [
                    18.05768,
                    59.33264
                ],
                [
                    18.05674,
                    59.33368
                ],
                [
                    18.05664,
                    59.33379
                ],
                [
                    18.05674,
                    59.33382
                ],
                [
                    18.05803,
                    59.33415
                ],
                [
                    18.05812,
                    59.33417
                ],
                [
                    18.0584,
                    59.33425
                ]
            ]
        }
    ],
    "apiKey": "a05b590d5d36b2a3f7770350489b256c"
}