{
    "city": 1,
    "initialStart": [
        18.09957,
        59.33954
    ],
    "trips": [
        {
            "summary": {
                "distance": 946.8,
                "duration": 197.9
            },
            "user": {
                "id": 309,
                "token": "eyJhbGciOiJIUzI1NiIsInR5cCI6IkpXVCJ9.eyJpZCI6MzA5LCJyb2xlIjoidXNlciIsImlhdCI6MTcwMDkzNDk2OCwiZXhwIjoxNzMyNDcwOTY4fQ.wGEVtPVhzfOvYwLiDuzUuDmVNlaBX5FJwPNx2bP45JM"
            },
            "coords": [
                [
                    18.09957,
                    59.33954
                ],
                [
                    18.09957,
                    59.33955
                ],
                [
                    18.09896,
                    59.33968
                ],
                [
                    18.09862,
                    59.33975
                ],
                [
                    18.0986,
                    59.33973
                ],
                [
                    18.09838,
                    59.33977
                ],
                [
                    18.09828,
                    59.33948
                ],
                [
                    18.09825,
                    59.33945
                ],
                [
                    18.09824,
                    59.33942
                ],
                [
                    18.09819,
                    59.33935
                ],
                [
                    18.09814,
                    59.33928
                ],
                [
                    18.09809,
                    59.33924
                ],
                [
                    18.09711,
                    59.33946
                ],
                [
                    18.09697,
                    59.33949
                ],
                [
                    18.09693,
                    59.33956
                ],
                [
                    18.09693,
                    59.33971
                ],
                [
                    18.09713,
                    59.33996
                ],
                [
                    18.09751,
                    59.34043
                ],
                [
                    18.0976,
                    59.34054
                ],
                [
                    18.09802,
                    59.34106
                ],
                [
                    18.09803,
                    59.34112
                ],
                [
                    18.09792,
                    59.34119
                ],
                [
                    18.09758,
                    59.34131
                ],
                [
                    18.09691,
                    59.34156
                ],
                [
                    18.09711,
                    59.34171
                ],
                [
                    18.09721,
                    59.34178
                ],
                [
                    18.09809,
                    59.34237
                ],
                [
                    18.09937,
                    59.34325
                ],
                [
                    18.09941,
                    59.34323
                ],
                [
                    18.10008,
                    59.34322
                ],
                [
                    18.10011,
                    59.34322
                ],
                [
                    18.10028,
                    59.34311
                ],
                [
                    18.10038,
                    59.34301
                ],
                [
                    18.10097,
                    59.34265
                ],
                [
                    18.10137,
                    59.34247
                ],
                [
                    18.1021,
                    59.34226
                ],
                [
                    18.10253,
                    59.34209
                ]
            ]
        },
        {
            "summary": {
                "distance": 498.8,
                "duration": 180.7
            },
            "user": {
                "id": 310,
                "token": "eyJhbGciOiJIUzI1NiIsInR5cCI6IkpXVCJ9.eyJpZCI6MzEwLCJyb2xlIjoidXNlciIsImlhdCI6MTcwMDkzNDk2OCwiZXhwIjoxNzMyNDcwOTY4fQ.Hvjsj-8EbebV214xgR8tYfWk08NweshW73-hqWqbhEw"
            },
            "coords": [
                [
                    18.10253,
                    59.34209
                ],
                [
                    18.10329,
                    59.34179
                ],
                [
                    18.10387,
                    59.34124
                ],
                [
                    18.10375,
                    59.3412
                ],
                [
                    18.10384,
                    59.34113
                ],
                [
                    18.10342,
                    59.34101
                ],
                [
                    18.10309,
                    59.34095
                ],
                [
                    18.10264,
                    59.34071
                ],
                [
                    18.10193,
                    59.34057
                ],
                [
                    18.1018,
                    59.34048
                ],
                [
                    18.10142,
                    59.34029
                ],
                [
                    18.10137,
                    59.34015
                ],
                [
                    18.1015,
                    59.34008
                ],
                [
                    18.10184,
                    59.34002
                ],
                [
                    18.10192,
                    59.34012
                ],
                [
                    18.10295,
                    59.33992
                ],
                [
                    18.10281,
                    59.33988
                ],
                [
                    18.10273,
                    59.33983
                ],
                [
                    18.10272,
                    59.33981
                ],
                [
                    18.1026,
                    59.33968
                ],
                [
                    18.10243,
                    59.33949
                ],
                [
                    18.10238,
                    59.33943
                ]
            ]
        }
    ]
}