{
    "city": 1,
    "initialStart": [
        18.06343,
        59.32059
    ],
    "trips": [
        {
            "summary": {
                "distance": 552.5,
                "duration": 181
            },
            "user": {
                "id": 311,
                "token": "eyJhbGciOiJIUzI1NiIsInR5cCI6IkpXVCJ9.eyJpZCI6MzExLCJyb2xlIjoidXNlciIsImlhdCI6MTcwMDkzNDk2OCwiZXhwIjoxNzMyNDcwOTY4fQ.sFul5PLTk80l2mOKzbM7jlpmD7JOCs-CjLtLEQkmT1g"
            },
            "coords": [
                [
                    18.06343,
                    59.32059
                ],
                [
                    18.06348,
                    59.32035
                ],
                [
                    18.06369,
                    59.32036
                ],
                [
                    18.06394,
                    59.32037
                ],
                [
                    18.06465,
                    59.32041
                ],
                [
                    18.06549,
                    59.32047
                ],
                [
                    18.06598,
                    59.32048
                ],
                [
                    18.06641,
                    59.32041
                ],
                [
                    18.06742,
                    59.32024
                ],
                [
                    18.06753,
                    59.32025
                ],
                [
                    18.06734,
                    59.32068
                ],
                [
                    18.06732,
                    59.32073
                ],
                [
                    18.06765,
                    59.32071
                ],
                [
                    18.06792,
                    59.32078
                ],
                [
                    18.06789,
                    59.32087
                ],
                [
                    18.06784,
                    59.32097
                ],
                [
                    18.06783,
                    59.32102
                ],
                [
                    18.06782,
                    59.32103
                ],
                [
                    18.06761,
                    59.32103
                ],
                [
                    18.06758,
                    59.32111
                ],
                [
                    18.06761,
                    59.32111
                ],
                [
                    18.06763,
                    59.32106
                ],
                [
                    18.06767,
                    59.32107
                ],
                [
                    18.06701,
                    59.32223
                ]
            ]
        },
        {
            "summary": {
                "distance": 523.2,
                "duration": 158.1
            },
            "user": {
                "id": 312,
                "token": "eyJhbGciOiJIUzI1NiIsInR5cCI6IkpXVCJ9.eyJpZCI6MzEyLCJyb2xlIjoidXNlciIsImlhdCI6MTcwMDkzNDk2OCwiZXhwIjoxNzMyNDcwOTY4fQ.N-MA_rlky86plrHFvLBAbglbcj1CH4QNGQv4wp5neZA"
            },
            "coords": [
                [
                    18.06701,
                    59.32223
                ],
                [
                    18.06767,
                    59.32107
                ],
                [
                    18.06763,
                    59.32106
                ],
                [
                    18.06761,
                    59.32111
                ],
                [
                    18.06758,
                    59.32111
                ],
                [
                    18.06761,
                    59.32103
                ],
                [
                    18.06782,
                    59.32103
                ],
                [
                    18.06783,
                    59.32102
                ],
                [
                    18.06719,
                    59.32102
                ],
                [
                    18.0656,
                    59.32111
                ],
                [
                    18.06559,
                    59.32107
                ],
                [
                    18.06473,
                    59.32112
                ],
                [
                    18.06385,
                    59.32117
                ],
                [
                    18.06257,
                    59.32125
                ],
                [
                    18.06164,
                    59.32125
                ]
            ]
        }
    ],
    "apiKey": "800331b8d9aa156c492b9ce29739dc25"
}