{
    "city": 1,
    "initialStart": [
        18.06905,
        59.34465
    ],
    "trips": [
        {
            "summary": {
                "distance": 289.9,
                "duration": 74.2
            },
            "user": {
                "id": 319,
                "token": "eyJhbGciOiJIUzI1NiIsInR5cCI6IkpXVCJ9.eyJpZCI6MzE5LCJyb2xlIjoidXNlciIsImlhdCI6MTcwMDkzNDk5OCwiZXhwIjoxNzMyNDcwOTk4fQ.WHqQtKbEb-8b5GeyZA8IRaPALyAO56mGH8g0YKdpXVM"
            },
            "coords": [
                [
                    18.06905,
                    59.34465
                ],
                [
                    18.06898,
                    59.34454
                ],
                [
                    18.06887,
                    59.34448
                ],
                [
                    18.06878,
                    59.34442
                ],
                [
                    18.06898,
                    59.34432
                ],
                [
                    18.07003,
                    59.34385
                ],
                [
                    18.07014,
                    59.3438
                ],
                [
                    18.07005,
                    59.34373
                ],
                [
                    18.07005,
                    59.34366
                ],
                [
                    18.07008,
                    59.34361
                ],
                [
                    18.07019,
                    59.34352
                ],
                [
                    18.07027,
                    59.3435
                ],
                [
                    18.07045,
                    59.34348
                ],
                [
                    18.07063,
                    59.3435
                ],
                [
                    18.07073,
                    59.34355
                ],
                [
                    18.07077,
                    59.34362
                ],
                [
                    18.07075,
                    59.34369
                ],
                [
                    18.07089,
                    59.34372
                ],
                [
                    18.07095,
                    59.34366
                ],
                [
                    18.07182,
                    59.3439
                ]
            ]
        },
        {
            "summary": {
                "distance": 486.9,
                "duration": 119.2
            },
            "user": {
                "id": 320,
                "token": "eyJhbGciOiJIUzI1NiIsInR5cCI6IkpXVCJ9.eyJpZCI6MzIwLCJyb2xlIjoidXNlciIsImlhdCI6MTcwMDkzNDk5OCwiZXhwIjoxNzMyNDcwOTk4fQ.75dzdJisF8jfPsbDElWiGcFpPPO8YaazkUMd1k4TwI8"
            },
            "coords": [
                [
                    18.07182,
                    59.3439
                ],
                [
                    18.07233,
                    59.34404
                ],
                [
                    18.07238,
                    59.34404
                ],
                [
                    18.07246,
                    59.34401
                ],
                [
                    18.07249,
                    59.34405
                ],
                [
                    18.07261,
                    59.34399
                ],
                [
                    18.07195,
                    59.34317
                ],
                [
                    18.07187,
                    59.34307
                ],
                [
                    18.07194,
                    59.34305
                ],
                [
                    18.07199,
                    59.34304
                ],
                [
                    18.07214,
                    59.34299
                ],
                [
                    18.07367,
                    59.34271
                ],
                [
                    18.07467,
                    59.34251
                ],
                [
                    18.07529,
                    59.34238
                ],
                [
                    18.07543,
                    59.34233
                ],
                [
                    18.0756,
                    59.3423
                ],
                [
                    18.07565,
                    59.34236
                ],
                [
                    18.07564,
                    59.34242
                ],
                [
                    18.07617,
                    59.34307
                ]
            ]
        }
    ],
    "apiKey": "827e3df7ec6a1010ea8178e807890ed6"
}