{
    "city": 1,
    "initialStart": [
        18.02367,
        59.33128
    ],
    "trips": [
        {
            "summary": {
                "distance": 543.9,
                "duration": 100.6
            },
            "user": {
                "id": 325,
                "token": "eyJhbGciOiJIUzI1NiIsInR5cCI6IkpXVCJ9.eyJpZCI6MzI1LCJyb2xlIjoidXNlciIsImlhdCI6MTcwMDkzNDk5OSwiZXhwIjoxNzMyNDcwOTk5fQ.WCeikrwqZeZMecjOe2mekluKRtN69uJbqNxlxkgPAf8"
            },
            "coords": [
                [
                    18.02367,
                    59.33128
                ],
                [
                    18.02396,
                    59.33168
                ],
                [
                    18.02378,
                    59.33168
                ],
                [
                    18.02364,
                    59.33168
                ],
                [
                    18.02352,
                    59.3317
                ],
                [
                    18.02352,
                    59.33175
                ],
                [
                    18.02351,
                    59.33181
                ],
                [
                    18.02357,
                    59.33187
                ],
                [
                    18.02357,
                    59.33191
                ],
                [
                    18.02356,
                    59.33198
                ],
                [
                    18.02046,
                    59.33185
                ],
                [
                    18.02048,
                    59.3318
                ],
                [
                    18.02049,
                    59.33166
                ],
                [
                    18.02048,
                    59.33158
                ],
                [
                    18.02038,
                    59.33146
                ],
                [
                    18.02029,
                    59.33139
                ],
                [
                    18.02034,
                    59.33137
                ],
                [
                    18.02122,
                    59.33109
                ],
                [
                    18.02154,
                    59.33099
                ],
                [
                    18.02172,
                    59.33094
                ],
                [
                    18.02166,
                    59.33077
                ],
                [
                    18.02163,
                    59.33064
                ],
                [
                    18.02165,
                    59.33043
                ],
                [
                    18.0217,
                    59.33029
                ],
                [
                    18.02195,
                    59.33028
                ],
                [
                    18.02226,
                    59.33023
                ],
                [
                    18.02239,
                    59.3302
                ]
            ]
        },
        {
            "summary": {
                "distance": 502.2,
                "duration": 93.8
            },
            "user": {
                "id": 326,
                "token": "eyJhbGciOiJIUzI1NiIsInR5cCI6IkpXVCJ9.eyJpZCI6MzI2LCJyb2xlIjoidXNlciIsImlhdCI6MTcwMDkzNDk5OSwiZXhwIjoxNzMyNDcwOTk5fQ.QuBAw6ncQhJdrPwll9o-IvdZVVaADlxiIfEImlbIPDc"
            },
            "coords": [
                [
                    18.02239,
                    59.3302
                ],
                [
                    18.02226,
                    59.33023
                ],
                [
                    18.02195,
                    59.33028
                ],
                [
                    18.0217,
                    59.33029
                ],
                [
                    18.02165,
                    59.33043
                ],
                [
                    18.02163,
                    59.33064
                ],
                [
                    18.02166,
                    59.33077
                ],
                [
                    18.02172,
                    59.33094
                ],
                [
                    18.02154,
                    59.33099
                ],
                [
                    18.02122,
                    59.33109
                ],
                [
                    18.02034,
                    59.33137
                ],
                [
                    18.02029,
                    59.33139
                ],
                [
                    18.02038,
                    59.33146
                ],
                [
                    18.02048,
                    59.33158
                ],
                [
                    18.0209,
                    59.3316
                ],
                [
                    18.02271,
                    59.33166
                ],
                [
                    18.02352,
                    59.3317
                ],
                [
                    18.02352,
                    59.33175
                ],
                [
                    18.02351,
                    59.33181
                ],
                [
                    18.02357,
                    59.33187
                ],
                [
                    18.02357,
                    59.33191
                ],
                [
                    18.02356,
                    59.33198
                ],
                [
                    18.02366,
                    59.33202
                ],
                [
                    18.02373,
                    59.33203
                ],
                [
                    18.02385,
                    59.33203
                ],
                [
                    18.02404,
                    59.33204
                ],
                [
                    18.02397,
                    59.3321
                ],
                [
                    18.02392,
                    59.33234
                ]
            ]
        }
    ]
}