{
    "city": 1,
    "initialStart": [
        18.06978,
        59.33865
    ],
    "trips": [
        {
            "summary": {
                "distance": 700.9,
                "duration": 125.3
            },
            "user": {
                "id": 327,
                "token": "eyJhbGciOiJIUzI1NiIsInR5cCI6IkpXVCJ9.eyJpZCI6MzI3LCJyb2xlIjoidXNlciIsImlhdCI6MTcwMDkzNDk5OSwiZXhwIjoxNzMyNDcwOTk5fQ.DiS1rh-D2uj1C7wkVsE0hyD4QkLdUpVUGtIQoiRam0g"
            },
            "coords": [
                [
                    18.06978,
                    59.33865
                ],
                [
                    18.06978,
                    59.33854
                ],
                [
                    18.06991,
                    59.33854
                ],
                [
                    18.06991,
                    59.33841
                ],
                [
                    18.06989,
                    59.33806
                ],
                [
                    18.06986,
                    59.33799
                ],
                [
                    18.06979,
                    59.33792
                ],
                [
                    18.06975,
                    59.33789
                ],
                [
                    18.06967,
                    59.33784
                ],
                [
                    18.06948,
                    59.33793
                ],
                [
                    18.06939,
                    59.33797
                ],
                [
                    18.06926,
                    59.33803
                ],
                [
                    18.06905,
                    59.33816
                ],
                [
                    18.06834,
                    59.33886
                ],
                [
                    18.0681,
                    59.33911
                ],
                [
                    18.06788,
                    59.33933
                ],
                [
                    18.06778,
                    59.33942
                ],
                [
                    18.06746,
                    59.33971
                ],
                [
                    18.06704,
                    59.3401
                ],
                [
                    18.06679,
                    59.34029
                ],
                [
                    18.06635,
                    59.34055
                ],
                [
                    18.06591,
                    59.34074
                ],
                [
                    18.06559,
                    59.34087
                ],
                [
                    18.06545,
                    59.34095
                ],
                [
                    18.06535,
                    59.34103
                ],
                [
                    18.06528,
                    59.34109
                ],
                [
                    18.06512,
                    59.34105
                ],
                [
                    18.06524,
                    59.34094
                ],
                [
                    18.06534,
                    59.34086
                ],
                [
                    18.06551,
                    59.34079
                ],
                [
                    18.06548,
                    59.34068
                ],
                [
                    18.0655,
                    59.34059
                ],
                [
                    18.06595,
                    59.34014
                ],
                [
                    18.06585,
                    59.34012
                ],
                [
                    18.06554,
                    59.34005
                ],
                [
                    18.06547,
                    59.34003
                ]
            ]
        },
        {
            "summary": {
                "distance": 490.3,
                "duration": 82
            },
            "user": {
                "id": 328,
                "token": "eyJhbGciOiJIUzI1NiIsInR5cCI6IkpXVCJ9.eyJpZCI6MzI4LCJyb2xlIjoidXNlciIsImlhdCI6MTcwMDkzNDk5OSwiZXhwIjoxNzMyNDcwOTk5fQ.hDe4foBgBtEtPVkkJys9Ph-6QiOSRc3SE1KDD0FCmg0"
            },
            "coords": [
                [
                    18.06547,
                    59.34003
                ],
                [
                    18.06554,
                    59.34005
                ],
                [
                    18.06585,
                    59.34012
                ],
                [
                    18.06595,
                    59.34014
                ],
                [
                    18.0655,
                    59.34059
                ],
                [
                    18.06548,
                    59.34068
                ],
                [
                    18.06551,
                    59.34079
                ],
                [
                    18.0658,
                    59.34067
                ],
                [
                    18.06627,
                    59.34047
                ],
                [
                    18.0665,
                    59.34037
                ],
                [
                    18.06669,
                    59.34026
                ],
                [
                    18.06681,
                    59.34017
                ],
                [
                    18.0673,
                    59.3397
                ],
                [
                    18.06766,
                    59.33935
                ],
                [
                    18.06776,
                    59.33928
                ],
                [
                    18.06814,
                    59.33893
                ],
                [
                    18.06824,
                    59.33883
                ],
                [
                    18.06899,
                    59.33811
                ],
                [
                    18.06911,
                    59.33802
                ],
                [
                    18.06922,
                    59.33796
                ]
            ]
        }
    ]
}