{
    "city": 1,
    "initialStart": [
        18.0226,
        59.34722
    ],
    "trips": [
        {
            "summary": {
                "distance": 375,
                "duration": 109.8
            },
            "user": {
                "id": 329,
                "token": "eyJhbGciOiJIUzI1NiIsInR5cCI6IkpXVCJ9.eyJpZCI6MzI5LCJyb2xlIjoidXNlciIsImlhdCI6MTcwMDkzNDk5OSwiZXhwIjoxNzMyNDcwOTk5fQ.6rgn5IpJEWknvilsxEXUvCELgkm9Hn8aGHul6n2IFpQ"
            },
            "coords": [
                [
                    18.0226,
                    59.34722
                ],
                [
                    18.02267,
                    59.34716
                ],
                [
                    18.02301,
                    59.34661
                ],
                [
                    18.02304,
                    59.34657
                ],
                [
                    18.02316,
                    59.34643
                ],
                [
                    18.02302,
                    59.34638
                ],
                [
                    18.02291,
                    59.34635
                ],
                [
                    18.02287,
                    59.34634
                ],
                [
                    18.02291,
                    59.34631
                ],
                [
                    18.0228,
                    59.34622
                ],
                [
                    18.02312,
                    59.34609
                ],
                [
                    18.02321,
                    59.34606
                ],
                [
                    18.0237,
                    59.34588
                ],
                [
                    18.02393,
                    59.34578
                ],
                [
                    18.024,
                    59.34583
                ],
                [
                    18.02422,
                    59.3458
                ],
                [
                    18.02433,
                    59.34579
                ],
                [
                    18.02445,
                    59.34582
                ],
                [
                    18.02483,
                    59.34581
                ],
                [
                    18.02502,
                    59.34584
                ],
                [
                    18.02516,
                    59.34583
                ],
                [
                    18.02533,
                    59.34579
                ],
                [
                    18.02533,
                    59.34583
                ],
                [
                    18.0254,
                    59.34587
                ],
                [
                    18.02559,
                    59.34587
                ],
                [
                    18.02566,
                    59.34583
                ],
                [
                    18.02572,
                    59.34578
                ],
                [
                    18.02589,
                    59.34574
                ],
                [
                    18.02607,
                    59.34568
                ],
                [
                    18.02615,
                    59.34564
                ],
                [
                    18.0263,
                    59.3456
                ],
                [
                    18.02646,
                    59.34558
                ]
            ]
        },
        {
            "summary": {
                "distance": 446.1,
                "duration": 98.7
            },
            "user": {
                "id": 330,
                "token": "eyJhbGciOiJIUzI1NiIsInR5cCI6IkpXVCJ9.eyJpZCI6MzMwLCJyb2xlIjoidXNlciIsImlhdCI6MTcwMDkzNTAwMCwiZXhwIjoxNzMyNDcxMDAwfQ.jmA1jm_OWqIysOee-nCBBc73SKnNCWxEcoK8HAfwJcg"
            },
            "coords": [
                [
                    18.02646,
                    59.34558
                ],
                [
                    18.0263,
                    59.3456
                ],
                [
                    18.02615,
                    59.34564
                ],
                [
                    18.02607,
                    59.34568
                ],
                [
                    18.02589,
                    59.34574
                ],
                [
                    18.02572,
                    59.34578
                ],
                [
                    18.02566,
                    59.34583
                ],
                [
                    18.02559,
                    59.34587
                ],
                [
                    18.02568,
                    59.346
                ],
                [
                    18.02561,
                    59.34628
                ],
                [
                    18.02562,
                    59.34634
                ],
                [
                    18.02569,
                    59.34636
                ],
                [
                    18.02586,
                    59.34642
                ],
                [
                    18.02583,
                    59.34644
                ],
                [
                    18.02601,
                    59.3467
                ],
                [
                    18.02628,
                    59.34711
                ],
                [
                    18.02632,
                    59.34717
                ],
                [
                    18.02639,
                    59.34728
                ],
                [
                    18.02643,
                    59.34733
                ],
                [
                    18.02646,
                    59.34738
                ],
                [
                    18.02666,
                    59.34767
                ],
                [
                    18.02707,
                    59.34751
                ],
                [
                    18.02723,
                    59.34745
                ],
                [
                    18.02751,
                    59.34735
                ],
                [
                    18.02777,
                    59.34726
                ],
                [
                    18.02844,
                    59.34753
                ],
                [
                    18.02865,
                    59.3474
                ],
                [
                    18.02838,
                    59.34728
                ]
            ]
        }
    ]
}