{
    "city": 1,
    "initialStart": [
        18.06958,
        59.32034
    ],
    "trips": [
        {
            "summary": {
                "distance": 384.9,
                "duration": 88.8
            },
            "user": {
                "id": 333,
                "token": "eyJhbGciOiJIUzI1NiIsInR5cCI6IkpXVCJ9.eyJpZCI6MzMzLCJyb2xlIjoidXNlciIsImlhdCI6MTcwMDkzNTM0NiwiZXhwIjoxNzMyNDcxMzQ2fQ.TfwRUUxZUnouzJSdd8vIVqsKkNVhIsH3auKEPwrd-mw"
            },
            "coords": [
                [
                    18.06958,
                    59.32034
                ],
                [
                    18.06984,
                    59.32037
                ],
                [
                    18.06998,
                    59.32039
                ],
                [
                    18.07005,
                    59.32045
                ],
                [
                    18.07011,
                    59.32045
                ],
                [
                    18.07016,
                    59.32046
                ],
                [
                    18.07041,
                    59.31994
                ],
                [
                    18.07045,
                    59.31988
                ],
                [
                    18.07045,
                    59.31987
                ],
                [
                    18.07046,
                    59.31984
                ],
                [
                    18.07048,
                    59.31977
                ],
                [
                    18.07056,
                    59.31963
                ],
                [
                    18.07066,
                    59.31942
                ],
                [
                    18.07068,
                    59.31938
                ],
                [
                    18.07069,
                    59.31935
                ],
                [
                    18.07079,
                    59.31917
                ],
                [
                    18.07091,
                    59.31894
                ],
                [
                    18.07106,
                    59.31865
                ],
                [
                    18.07109,
                    59.31858
                ],
                [
                    18.06991,
                    59.31844
                ],
                [
                    18.07017,
                    59.31796
                ],
                [
                    18.07009,
                    59.31794
                ],
                [
                    18.07004,
                    59.31794
                ]
            ]
        },
        {
            "summary": {
                "distance": 373.1,
                "duration": 68
            },
            "user": {
                "id": 334,
                "token": "eyJhbGciOiJIUzI1NiIsInR5cCI6IkpXVCJ9.eyJpZCI6MzM0LCJyb2xlIjoidXNlciIsImlhdCI6MTcwMDkzNTM0NiwiZXhwIjoxNzMyNDcxMzQ2fQ.xCmyEegZrUNb6sVXkhiB6wd6U2J-3wFTLO20rbH4VDo"
            },
            "coords": [
                [
                    18.07004,
                    59.31794
                ],
                [
                    18.07009,
                    59.31794
                ],
                [
                    18.07017,
                    59.31796
                ],
                [
                    18.06991,
                    59.31844
                ],
                [
                    18.07109,
                    59.31858
                ],
                [
                    18.07106,
                    59.31865
                ],
                [
                    18.07091,
                    59.31894
                ],
                [
                    18.07079,
                    59.31917
                ],
                [
                    18.07069,
                    59.31935
                ],
                [
                    18.07068,
                    59.31938
                ],
                [
                    18.07062,
                    59.31937
                ],
                [
                    18.06974,
                    59.31927
                ],
                [
                    18.06955,
                    59.31965
                ],
                [
                    18.06948,
                    59.31971
                ],
                [
                    18.07022,
                    59.31981
                ]
            ]
        }
    ]
}