{
    "city": 1,
    "initialStart": [
        18.01639,
        59.33334
    ],
    "trips": [
        {
            "summary": {
                "distance": 628.4,
                "duration": 102.8
            },
            "user": {
                "id": 335,
                "token": "eyJhbGciOiJIUzI1NiIsInR5cCI6IkpXVCJ9.eyJpZCI6MzM1LCJyb2xlIjoidXNlciIsImlhdCI6MTcwMDkzNTM0NiwiZXhwIjoxNzMyNDcxMzQ2fQ.QmdEXEDS_stMuJOCpKZY1qnzFYFnoIekpbpSHu6dGSk"
            },
            "coords": [
                [
                    18.01639,
                    59.33334
                ],
                [
                    18.01721,
                    59.33292
                ],
                [
                    18.01734,
                    59.33286
                ],
                [
                    18.01899,
                    59.33206
                ],
                [
                    18.01905,
                    59.33204
                ],
                [
                    18.01904,
                    59.33199
                ],
                [
                    18.01894,
                    59.33194
                ],
                [
                    18.01887,
                    59.33194
                ],
                [
                    18.01889,
                    59.3319
                ],
                [
                    18.01887,
                    59.33183
                ],
                [
                    18.01885,
                    59.33178
                ],
                [
                    18.01884,
                    59.33169
                ],
                [
                    18.01887,
                    59.33155
                ],
                [
                    18.0189,
                    59.33149
                ],
                [
                    18.01897,
                    59.33139
                ],
                [
                    18.01833,
                    59.33133
                ],
                [
                    18.01673,
                    59.33119
                ],
                [
                    18.01571,
                    59.33113
                ],
                [
                    18.0147,
                    59.33107
                ],
                [
                    18.01465,
                    59.33107
                ],
                [
                    18.01366,
                    59.33106
                ],
                [
                    18.01304,
                    59.33103
                ]
            ]
        },
        {
            "summary": {
                "distance": 218.1,
                "duration": 71.2
            },
            "user": {
                "id": 336,
                "token": "eyJhbGciOiJIUzI1NiIsInR5cCI6IkpXVCJ9.eyJpZCI6MzM2LCJyb2xlIjoidXNlciIsImlhdCI6MTcwMDkzNTM0NiwiZXhwIjoxNzMyNDcxMzQ2fQ.zW04VORVd1iIYA77dUo0QsqmGFDSMC1l0wFwPxHA140"
            },
            "coords": [
                [
                    18.01304,
                    59.33103
                ],
                [
                    18.01366,
                    59.33106
                ],
                [
                    18.01465,
                    59.33107
                ],
                [
                    18.0147,
                    59.33107
                ],
                [
                    18.01482,
                    59.33092
                ],
                [
                    18.01505,
                    59.33077
                ],
                [
                    18.01547,
                    59.33018
                ],
                [
                    18.01572,
                    59.33014
                ]
            ]
        }
    ],
    "apiKey": "c6b1e10c9eebcf1a8315ba48fa3cf4cd"
}