{
    "city": 1,
    "initialStart": [
        18.03303,
        59.33231
    ],
    "trips": [
        {
            "summary": {
                "distance": 503.1,
                "duration": 82.9
            },
            "user": {
                "id": 337,
                "token": "eyJhbGciOiJIUzI1NiIsInR5cCI6IkpXVCJ9.eyJpZCI6MzM3LCJyb2xlIjoidXNlciIsImlhdCI6MTcwMDkzNTM0NiwiZXhwIjoxNzMyNDcxMzQ2fQ.fASLf_A9PRSeFwu7S_GUBYl-crw7HxBMIoxHeyjBI1M"
            },
            "coords": [
                [
                    18.03303,
                    59.33231
                ],
                [
                    18.03153,
                    59.33224
                ],
                [
                    18.03138,
                    59.33224
                ],
                [
                    18.03142,
                    59.33233
                ],
                [
                    18.03185,
                    59.33318
                ],
                [
                    18.03189,
                    59.33327
                ],
                [
                    18.03195,
                    59.33338
                ],
                [
                    18.03251,
                    59.33435
                ],
                [
                    18.03257,
                    59.33444
                ],
                [
                    18.03279,
                    59.33441
                ],
                [
                    18.03422,
                    59.33422
                ],
                [
                    18.03443,
                    59.3342
                ],
                [
                    18.03439,
                    59.33413
                ],
                [
                    18.03423,
                    59.33384
                ],
                [
                    18.03415,
                    59.33385
                ],
                [
                    18.03413,
                    59.33385
                ]
            ]
        },
        {
            "summary": {
                "distance": 508.4,
                "duration": 83.9
            },
            "user": {
                "id": 338,
                "token": "eyJhbGciOiJIUzI1NiIsInR5cCI6IkpXVCJ9.eyJpZCI6MzM4LCJyb2xlIjoidXNlciIsImlhdCI6MTcwMDkzNTM0NywiZXhwIjoxNzMyNDcxMzQ3fQ.XzZvcJhU-NDKSQgeP6ZNgVZ11803bnJR91y600go2pE"
            },
            "coords": [
                [
                    18.03413,
                    59.33385
                ],
                [
                    18.03415,
                    59.33385
                ],
                [
                    18.03423,
                    59.33384
                ],
                [
                    18.03407,
                    59.33354
                ],
                [
                    18.03376,
                    59.33302
                ],
                [
                    18.03205,
                    59.33325
                ],
                [
                    18.03189,
                    59.33327
                ],
                [
                    18.03195,
                    59.33338
                ],
                [
                    18.03251,
                    59.33435
                ],
                [
                    18.03257,
                    59.33444
                ],
                [
                    18.03261,
                    59.33449
                ],
                [
                    18.03269,
                    59.3346
                ],
                [
                    18.03343,
                    59.33547
                ],
                [
                    18.03329,
                    59.3355
                ],
                [
                    18.03322,
                    59.33551
                ],
                [
                    18.03315,
                    59.33544
                ],
                [
                    18.03312,
                    59.33544
                ],
                [
                    18.03287,
                    59.33548
                ]
            ]
        }
    ],
    "apiKey": "34dd8b847a0df10dd4057af2adec38d4"
}