{
    "city": 1,
    "initialStart": [
        18.06656,
        59.32301
    ],
    "trips": [
        {
            "summary": {
                "distance": 460.7,
                "duration": 128.8
            },
            "user": {
                "id": 33,
                "token": "eyJhbGciOiJIUzI1NiIsInR5cCI6IkpXVCJ9.eyJpZCI6MzMsInJvbGUiOiJ1c2VyIiwiaWF0IjoxNzAwOTMxNTg5LCJleHAiOjE3MzI0Njc1ODl9.EemHFIbloW5zm5N-Y30q79CNJay1J683zx0FK653dUY"
            },
            "coords": [
                [
                    18.06656,
                    59.32301
                ],
                [
                    18.06614,
                    59.32372
                ],
                [
                    18.06593,
                    59.32405
                ],
                [
                    18.06591,
                    59.32408
                ],
                [
                    18.06564,
                    59.32394
                ],
                [
                    18.06548,
                    59.32389
                ],
                [
                    18.06459,
                    59.32383
                ],
                [
                    18.06408,
                    59.3238
                ],
                [
                    18.06384,
                    59.32387
                ],
                [
                    18.06305,
                    59.32414
                ],
                [
                    18.06247,
                    59.32433
                ],
                [
                    18.06233,
                    59.32438
                ],
                [
                    18.06225,
                    59.32441
                ],
                [
                    18.06214,
                    59.32465
                ],
                [
                    18.0619,
                    59.32521
                ],
                [
                    18.06186,
                    59.32528
                ]
            ]
        },
        {
            "summary": {
                "distance": 497.5,
                "duration": 162.3
            },
            "user": {
                "id": 34,
                "token": "eyJhbGciOiJIUzI1NiIsInR5cCI6IkpXVCJ9.eyJpZCI6MzQsInJvbGUiOiJ1c2VyIiwiaWF0IjoxNzAwOTMxNTkwLCJleHAiOjE3MzI0Njc1OTB9.vJ3F9MxF9dZQgj1mzhXzjgnD3XarBnJRgZv0wJ6Qj3k"
            },
            "coords": [
                [
                    18.06186,
                    59.32528
                ],
                [
                    18.0619,
                    59.32521
                ],
                [
                    18.06214,
                    59.32465
                ],
                [
                    18.06225,
                    59.32441
                ],
                [
                    18.06233,
                    59.32438
                ],
                [
                    18.06247,
                    59.32433
                ],
                [
                    18.06305,
                    59.32414
                ],
                [
                    18.06384,
                    59.32387
                ],
                [
                    18.06408,
                    59.3238
                ],
                [
                    18.06459,
                    59.32383
                ],
                [
                    18.06548,
                    59.32389
                ],
                [
                    18.06564,
                    59.32394
                ],
                [
                    18.06591,
                    59.32408
                ],
                [
                    18.06593,
                    59.32405
                ],
                [
                    18.06614,
                    59.32372
                ],
                [
                    18.06665,
                    59.32287
                ],
                [
                    18.06668,
                    59.32281
                ],
                [
                    18.06674,
                    59.3227
                ],
                [
                    18.06675,
                    59.32269
                ]
            ]
        }
    ]
}