{
    "city": 1,
    "initialStart": [
        18.02009,
        59.33371
    ],
    "trips": [
        {
            "summary": {
                "distance": 943.2,
                "duration": 177.6
            },
            "user": {
                "id": 341,
                "token": "eyJhbGciOiJIUzI1NiIsInR5cCI6IkpXVCJ9.eyJpZCI6MzQxLCJyb2xlIjoidXNlciIsImlhdCI6MTcwMDkzNTM0NywiZXhwIjoxNzMyNDcxMzQ3fQ.OhwqgfUEVGTSCtBCw4RoYm2Ur54yhMgL_cAGKybCVgU"
            },
            "coords": [
                [
                    18.02009,
                    59.33371
                ],
                [
                    18.02006,
                    59.33364
                ],
                [
                    18.02009,
                    59.3336
                ],
                [
                    18.02012,
                    59.33359
                ],
                [
                    18.02032,
                    59.33356
                ],
                [
                    18.02066,
                    59.33351
                ],
                [
                    18.02091,
                    59.33346
                ],
                [
                    18.02086,
                    59.33339
                ],
                [
                    18.02085,
                    59.33331
                ],
                [
                    18.02088,
                    59.33324
                ],
                [
                    18.02093,
                    59.33317
                ],
                [
                    18.02109,
                    59.33304
                ],
                [
                    18.02212,
                    59.33303
                ],
                [
                    18.02248,
                    59.33299
                ],
                [
                    18.02274,
                    59.33296
                ],
                [
                    18.02294,
                    59.33289
                ],
                [
                    18.02334,
                    59.33266
                ],
                [
                    18.02357,
                    59.33255
                ],
                [
                    18.02393,
                    59.33252
                ],
                [
                    18.02389,
                    59.33245
                ],
                [
                    18.02385,
                    59.33239
                ],
                [
                    18.02373,
                    59.33225
                ],
                [
                    18.02371,
                    59.33219
                ],
                [
                    18.02373,
                    59.33203
                ],
                [
                    18.02366,
                    59.33202
                ],
                [
                    18.02356,
                    59.33198
                ],
                [
                    18.02046,
                    59.33185
                ],
                [
                    18.02029,
                    59.33198
                ],
                [
                    18.02014,
                    59.33205
                ],
                [
                    18.01986,
                    59.33212
                ],
                [
                    18.01968,
                    59.33213
                ],
                [
                    18.01944,
                    59.33218
                ],
                [
                    18.01933,
                    59.33224
                ],
                [
                    18.01773,
                    59.33306
                ],
                [
                    18.01739,
                    59.33323
                ],
                [
                    18.01628,
                    59.33379
                ],
                [
                    18.01624,
                    59.33384
                ],
                [
                    18.01618,
                    59.33387
                ],
                [
                    18.01684,
                    59.3342
                ],
                [
                    18.01673,
                    59.33425
                ],
                [
                    18.01662,
                    59.33432
                ]
            ]
        },
        {
            "summary": {
                "distance": 961.6,
                "duration": 168.3
            },
            "user": {
                "id": 342,
                "token": "eyJhbGciOiJIUzI1NiIsInR5cCI6IkpXVCJ9.eyJpZCI6MzQyLCJyb2xlIjoidXNlciIsImlhdCI6MTcwMDkzNTM0NywiZXhwIjoxNzMyNDcxMzQ3fQ.OSDDmfCRoJT8O03v8c2ENh9xRks4kDx1crlCqmmEjzs"
            },
            "coords": [
                [
                    18.01662,
                    59.33432
                ],
                [
                    18.01673,
                    59.33425
                ],
                [
                    18.01684,
                    59.3342
                ],
                [
                    18.01618,
                    59.33387
                ],
                [
                    18.01614,
                    59.33389
                ],
                [
                    18.016,
                    59.33393
                ],
                [
                    18.01573,
                    59.33407
                ],
                [
                    18.01491,
                    59.33449
                ],
                [
                    18.01416,
                    59.33487
                ],
                [
                    18.01353,
                    59.3352
                ],
                [
                    18.01341,
                    59.33526
                ],
                [
                    18.01339,
                    59.33531
                ],
                [
                    18.0133,
                    59.33536
                ],
                [
                    18.01473,
                    59.33598
                ],
                [
                    18.01486,
                    59.33608
                ],
                [
                    18.01501,
                    59.33614
                ],
                [
                    18.01669,
                    59.33698
                ],
                [
                    18.01685,
                    59.33706
                ],
                [
                    18.01698,
                    59.33701
                ],
                [
                    18.01798,
                    59.33657
                ],
                [
                    18.01873,
                    59.33624
                ],
                [
                    18.01986,
                    59.33575
                ],
                [
                    18.01996,
                    59.33581
                ],
                [
                    18.02061,
                    59.33619
                ],
                [
                    18.01999,
                    59.33653
                ],
                [
                    18.01968,
                    59.33639
                ],
                [
                    18.01965,
                    59.33625
                ]
            ]
        }
    ]
}