{
    "city": 1,
    "initialStart": [
        18.03068,
        59.34937
    ],
    "trips": [
        {
            "summary": {
                "distance": 722.7,
                "duration": 142.1
            },
            "user": {
                "id": 345,
                "token": "eyJhbGciOiJIUzI1NiIsInR5cCI6IkpXVCJ9.eyJpZCI6MzQ1LCJyb2xlIjoidXNlciIsImlhdCI6MTcwMDkzNTM0OCwiZXhwIjoxNzMyNDcxMzQ4fQ.AOcGc032AwIc7MRLQs8vXVNOghKaOXWJxSvG_T7w5VE"
            },
            "coords": [
                [
                    18.03068,
                    59.34937
                ],
                [
                    18.03089,
                    59.34944
                ],
                [
                    18.0313,
                    59.34955
                ],
                [
                    18.03197,
                    59.34973
                ],
                [
                    18.03275,
                    59.34995
                ],
                [
                    18.03328,
                    59.34946
                ],
                [
                    18.03342,
                    59.34933
                ],
                [
                    18.03345,
                    59.3493
                ],
                [
                    18.03369,
                    59.34907
                ],
                [
                    18.03231,
                    59.34866
                ],
                [
                    18.03222,
                    59.34864
                ],
                [
                    18.03206,
                    59.34859
                ],
                [
                    18.03194,
                    59.34855
                ],
                [
                    18.03047,
                    59.34813
                ],
                [
                    18.0304,
                    59.34816
                ],
                [
                    18.03007,
                    59.34806
                ],
                [
                    18.02995,
                    59.34807
                ],
                [
                    18.02849,
                    59.3488
                ],
                [
                    18.02834,
                    59.34887
                ],
                [
                    18.02749,
                    59.34929
                ],
                [
                    18.0274,
                    59.34925
                ],
                [
                    18.02722,
                    59.34917
                ],
                [
                    18.02745,
                    59.34906
                ]
            ]
        },
        {
            "summary": {
                "distance": 666.6,
                "duration": 128.6
            },
            "user": {
                "id": 346,
                "token": "eyJhbGciOiJIUzI1NiIsInR5cCI6IkpXVCJ9.eyJpZCI6MzQ2LCJyb2xlIjoidXNlciIsImlhdCI6MTcwMDkzNTM0OCwiZXhwIjoxNzMyNDcxMzQ4fQ.HA2CvL6zHpjx89R-I--N4IqGq7bVedYiC60J4amtvOk"
            },
            "coords": [
                [
                    18.02745,
                    59.34906
                ],
                [
                    18.02828,
                    59.34869
                ],
                [
                    18.02961,
                    59.348
                ],
                [
                    18.02943,
                    59.34793
                ],
                [
                    18.02938,
                    59.3479
                ],
                [
                    18.02927,
                    59.34786
                ],
                [
                    18.02911,
                    59.3478
                ],
                [
                    18.02877,
                    59.34766
                ],
                [
                    18.02844,
                    59.34753
                ],
                [
                    18.02777,
                    59.34726
                ],
                [
                    18.02751,
                    59.34735
                ],
                [
                    18.02723,
                    59.34745
                ],
                [
                    18.02707,
                    59.34751
                ],
                [
                    18.02666,
                    59.34767
                ],
                [
                    18.02658,
                    59.3477
                ],
                [
                    18.02638,
                    59.34777
                ],
                [
                    18.02589,
                    59.34793
                ],
                [
                    18.0257,
                    59.34799
                ],
                [
                    18.02531,
                    59.3481
                ],
                [
                    18.02483,
                    59.34823
                ],
                [
                    18.02467,
                    59.34828
                ],
                [
                    18.02454,
                    59.34834
                ],
                [
                    18.02448,
                    59.34839
                ],
                [
                    18.02447,
                    59.34849
                ],
                [
                    18.02447,
                    59.34863
                ],
                [
                    18.02444,
                    59.3487
                ],
                [
                    18.02429,
                    59.34881
                ],
                [
                    18.02411,
                    59.34887
                ],
                [
                    18.024,
                    59.34891
                ],
                [
                    18.02364,
                    59.34904
                ],
                [
                    18.02367,
                    59.34906
                ],
                [
                    18.02318,
                    59.34925
                ],
                [
                    18.02314,
                    59.34929
                ]
            ]
        }
    ]
}