{
    "city": 1,
    "initialStart": [
        18.02709,
        59.33587
    ],
    "trips": [
        {
            "summary": {
                "distance": 551.8,
                "duration": 107.3
            },
            "user": {
                "id": 353,
                "token": "eyJhbGciOiJIUzI1NiIsInR5cCI6IkpXVCJ9.eyJpZCI6MzUzLCJyb2xlIjoidXNlciIsImlhdCI6MTcwMDkzNTQ3NiwiZXhwIjoxNzMyNDcxNDc2fQ.eMkWBfxll8Ufuj0tLE4e7VKzNGdJKTZ6I0vGwJ09IRk"
            },
            "coords": [
                [
                    18.02709,
                    59.33587
                ],
                [
                    18.02713,
                    59.33641
                ],
                [
                    18.02745,
                    59.33635
                ],
                [
                    18.02762,
                    59.33662
                ],
                [
                    18.02758,
                    59.33668
                ],
                [
                    18.02689,
                    59.33738
                ],
                [
                    18.02702,
                    59.33761
                ],
                [
                    18.02598,
                    59.33778
                ],
                [
                    18.02589,
                    59.33778
                ],
                [
                    18.02582,
                    59.33775
                ],
                [
                    18.02558,
                    59.33738
                ],
                [
                    18.02561,
                    59.33726
                ],
                [
                    18.02575,
                    59.33668
                ],
                [
                    18.02516,
                    59.33649
                ],
                [
                    18.02436,
                    59.33715
                ]
            ]
        },
        {
            "summary": {
                "distance": 882.6,
                "duration": 144.4
            },
            "user": {
                "id": 354,
                "token": "eyJhbGciOiJIUzI1NiIsInR5cCI6IkpXVCJ9.eyJpZCI6MzU0LCJyb2xlIjoidXNlciIsImlhdCI6MTcwMDkzNTQ3NiwiZXhwIjoxNzMyNDcxNDc2fQ.Wn3s4boa0NAZdz5sSDuq1RNgOqBS6ReJM1szL00XbiM"
            },
            "coords": [
                [
                    18.02436,
                    59.33715
                ],
                [
                    18.02516,
                    59.33649
                ],
                [
                    18.02558,
                    59.33612
                ],
                [
                    18.02597,
                    59.33578
                ],
                [
                    18.02624,
                    59.33552
                ],
                [
                    18.02612,
                    59.3353
                ],
                [
                    18.02577,
                    59.33534
                ],
                [
                    18.02565,
                    59.33533
                ],
                [
                    18.02556,
                    59.33529
                ],
                [
                    18.02553,
                    59.33524
                ],
                [
                    18.02525,
                    59.33476
                ],
                [
                    18.02522,
                    59.33471
                ],
                [
                    18.02502,
                    59.33437
                ],
                [
                    18.02499,
                    59.33432
                ],
                [
                    18.02493,
                    59.33422
                ],
                [
                    18.02473,
                    59.33425
                ],
                [
                    18.024,
                    59.33436
                ],
                [
                    18.02326,
                    59.33447
                ],
                [
                    18.02328,
                    59.33455
                ],
                [
                    18.0234,
                    59.3348
                ],
                [
                    18.02346,
                    59.33493
                ],
                [
                    18.02355,
                    59.33512
                ],
                [
                    18.02371,
                    59.33545
                ],
                [
                    18.02369,
                    59.33553
                ],
                [
                    18.0236,
                    59.33565
                ],
                [
                    18.02342,
                    59.33574
                ],
                [
                    18.02326,
                    59.33579
                ],
                [
                    18.02263,
                    59.33596
                ],
                [
                    18.02226,
                    59.33612
                ],
                [
                    18.02214,
                    59.33618
                ],
                [
                    18.02165,
                    59.3364
                ],
                [
                    18.02127,
                    59.33658
                ],
                [
                    18.02123,
                    59.3366
                ],
                [
                    18.02096,
                    59.33672
                ],
                [
                    18.02056,
                    59.3369
                ],
                [
                    18.02028,
                    59.33702
                ],
                [
                    18.02015,
                    59.3371
                ]
            ]
        }
    ],
    "apiKey": "77688d644e95caa822c2e82886ecef5f"
}