{
    "city": 1,
    "initialStart": [
        18.05581,
        59.34909
    ],
    "trips": [
        {
            "summary": {
                "distance": 441.2,
                "duration": 165.3
            },
            "user": {
                "id": 357,
                "token": "eyJhbGciOiJIUzI1NiIsInR5cCI6IkpXVCJ9.eyJpZCI6MzU3LCJyb2xlIjoidXNlciIsImlhdCI6MTcwMDkzNTQ3NywiZXhwIjoxNzMyNDcxNDc3fQ.nKAd52wNftikfrHfFCU2syILdirGhsPLCxZU9Un8hjE"
            },
            "coords": [
                [
                    18.05581,
                    59.34909
                ],
                [
                    18.05605,
                    59.34898
                ],
                [
                    18.05638,
                    59.349
                ],
                [
                    18.05647,
                    59.34908
                ],
                [
                    18.05652,
                    59.34909
                ],
                [
                    18.05649,
                    59.34913
                ],
                [
                    18.05653,
                    59.34915
                ],
                [
                    18.057,
                    59.34927
                ],
                [
                    18.05705,
                    59.34922
                ],
                [
                    18.05717,
                    59.34925
                ],
                [
                    18.05734,
                    59.34929
                ],
                [
                    18.05855,
                    59.34959
                ],
                [
                    18.05867,
                    59.34962
                ],
                [
                    18.0578,
                    59.3505
                ],
                [
                    18.05766,
                    59.35061
                ],
                [
                    18.05742,
                    59.35071
                ],
                [
                    18.05748,
                    59.35074
                ],
                [
                    18.05753,
                    59.35077
                ],
                [
                    18.05766,
                    59.35084
                ],
                [
                    18.05772,
                    59.35087
                ],
                [
                    18.05779,
                    59.35091
                ],
                [
                    18.05772,
                    59.35096
                ],
                [
                    18.05745,
                    59.35116
                ],
                [
                    18.05701,
                    59.35143
                ]
            ]
        },
        {
            "summary": {
                "distance": 1082.5,
                "duration": 179.2
            },
            "user": {
                "id": 358,
                "token": "eyJhbGciOiJIUzI1NiIsInR5cCI6IkpXVCJ9.eyJpZCI6MzU4LCJyb2xlIjoidXNlciIsImlhdCI6MTcwMDkzNTQ3OCwiZXhwIjoxNzMyNDcxNDc4fQ.T7uRwR_t7XUBcmGsqJgLZhK3ccl0lHjGtEI58vcsRUY"
            },
            "coords": [
                [
                    18.05701,
                    59.35143
                ],
                [
                    18.05745,
                    59.35116
                ],
                [
                    18.05772,
                    59.35096
                ],
                [
                    18.05779,
                    59.35091
                ],
                [
                    18.05772,
                    59.35087
                ],
                [
                    18.05766,
                    59.35084
                ],
                [
                    18.05753,
                    59.35077
                ],
                [
                    18.05748,
                    59.35074
                ],
                [
                    18.05742,
                    59.35071
                ],
                [
                    18.05766,
                    59.35061
                ],
                [
                    18.0578,
                    59.3505
                ],
                [
                    18.05867,
                    59.34962
                ],
                [
                    18.05873,
                    59.34956
                ],
                [
                    18.0588,
                    59.34949
                ],
                [
                    18.05881,
                    59.34944
                ],
                [
                    18.05995,
                    59.34826
                ],
                [
                    18.06004,
                    59.34821
                ],
                [
                    18.06012,
                    59.34814
                ],
                [
                    18.06002,
                    59.34811
                ],
                [
                    18.05879,
                    59.3478
                ],
                [
                    18.05863,
                    59.34776
                ],
                [
                    18.05849,
                    59.34772
                ],
                [
                    18.05722,
                    59.3474
                ],
                [
                    18.05711,
                    59.34737
                ],
                [
                    18.0556,
                    59.34698
                ],
                [
                    18.05543,
                    59.34694
                ],
                [
                    18.0554,
                    59.34698
                ],
                [
                    18.05523,
                    59.34717
                ],
                [
                    18.05519,
                    59.34721
                ],
                [
                    18.05495,
                    59.34769
                ],
                [
                    18.05469,
                    59.34832
                ],
                [
                    18.0545,
                    59.34855
                ],
                [
                    18.05416,
                    59.34883
                ],
                [
                    18.05368,
                    59.34908
                ],
                [
                    18.05343,
                    59.34921
                ],
                [
                    18.05331,
                    59.34926
                ],
                [
                    18.05311,
                    59.34936
                ],
                [
                    18.05307,
                    59.34948
                ],
                [
                    18.05325,
                    59.34971
                ],
                [
                    18.05332,
                    59.34976
                ]
            ]
        }
    ],
    "apiKey": "054602f7a2d7f7fc8bbdc5e038030ef6"
}