{
    "city": 1,
    "initialStart": [
        18.04539,
        59.34568
    ],
    "trips": [
        {
            "summary": {
                "distance": 411.5,
                "duration": 95.6
            },
            "user": {
                "id": 359,
                "token": "eyJhbGciOiJIUzI1NiIsInR5cCI6IkpXVCJ9.eyJpZCI6MzU5LCJyb2xlIjoidXNlciIsImlhdCI6MTcwMDkzNTQ3OCwiZXhwIjoxNzMyNDcxNDc4fQ.Wdjzg3BUmIgShPzDFywfSFkOVdXrW0UH2jCX84_J0j0"
            },
            "coords": [
                [
                    18.04539,
                    59.34568
                ],
                [
                    18.04494,
                    59.34613
                ],
                [
                    18.04503,
                    59.34615
                ],
                [
                    18.04499,
                    59.34619
                ],
                [
                    18.04495,
                    59.34623
                ],
                [
                    18.04487,
                    59.34631
                ],
                [
                    18.04363,
                    59.34599
                ],
                [
                    18.04345,
                    59.34594
                ],
                [
                    18.04327,
                    59.3459
                ],
                [
                    18.04211,
                    59.3456
                ],
                [
                    18.04182,
                    59.34553
                ],
                [
                    18.04166,
                    59.34548
                ],
                [
                    18.04152,
                    59.34545
                ],
                [
                    18.04047,
                    59.34518
                ],
                [
                    18.04023,
                    59.34516
                ],
                [
                    18.04029,
                    59.34509
                ],
                [
                    18.04032,
                    59.34506
                ],
                [
                    18.04037,
                    59.345
                ],
                [
                    18.04039,
                    59.34497
                ],
                [
                    18.04062,
                    59.34503
                ]
            ]
        },
        {
            "summary": {
                "distance": 411.4,
                "duration": 86.3
            },
            "user": {
                "id": 360,
                "token": "eyJhbGciOiJIUzI1NiIsInR5cCI6IkpXVCJ9.eyJpZCI6MzYwLCJyb2xlIjoidXNlciIsImlhdCI6MTcwMDkzNTQ3OCwiZXhwIjoxNzMyNDcxNDc4fQ.rNEBw35BUri1Up0m2ZqcHj-2LVBs2RgCnqW8Bk8GYY4"
            },
            "coords": [
                [
                    18.04062,
                    59.34503
                ],
                [
                    18.04039,
                    59.34497
                ],
                [
                    18.04037,
                    59.345
                ],
                [
                    18.0414,
                    59.34525
                ],
                [
                    18.04146,
                    59.34534
                ],
                [
                    18.04152,
                    59.34545
                ],
                [
                    18.04166,
                    59.34548
                ],
                [
                    18.04182,
                    59.34553
                ],
                [
                    18.04211,
                    59.3456
                ],
                [
                    18.04327,
                    59.3459
                ],
                [
                    18.04345,
                    59.34594
                ],
                [
                    18.04337,
                    59.34602
                ],
                [
                    18.04262,
                    59.34679
                ],
                [
                    18.04255,
                    59.34692
                ],
                [
                    18.04281,
                    59.34691
                ],
                [
                    18.04283,
                    59.34697
                ],
                [
                    18.04271,
                    59.347
                ],
                [
                    18.0426,
                    59.34704
                ],
                [
                    18.0425,
                    59.34727
                ]
            ]
        }
    ]
}