{
    "city": 1,
    "initialStart": [
        18.04154,
        59.34382
    ],
    "trips": [
        {
            "summary": {
                "distance": 338.3,
                "duration": 88.5
            },
            "user": {
                "id": 363,
                "token": "eyJhbGciOiJIUzI1NiIsInR5cCI6IkpXVCJ9.eyJpZCI6MzYzLCJyb2xlIjoidXNlciIsImlhdCI6MTcwMDkzNTQ3OSwiZXhwIjoxNzMyNDcxNDc5fQ.pCYrLPxNZXPS-BmzxRhPsyiIwVc6bDQDxx4bjxKIXZ0"
            },
            "coords": [
                [
                    18.04154,
                    59.34382
                ],
                [
                    18.04129,
                    59.34407
                ],
                [
                    18.0412,
                    59.34404
                ],
                [
                    18.04114,
                    59.34411
                ],
                [
                    18.04048,
                    59.34477
                ],
                [
                    18.04031,
                    59.34482
                ],
                [
                    18.04026,
                    59.34483
                ],
                [
                    18.04029,
                    59.34489
                ],
                [
                    18.04031,
                    59.34498
                ],
                [
                    18.04037,
                    59.345
                ],
                [
                    18.0414,
                    59.34525
                ],
                [
                    18.04146,
                    59.34534
                ],
                [
                    18.04152,
                    59.34545
                ],
                [
                    18.04166,
                    59.34548
                ],
                [
                    18.0416,
                    59.34554
                ],
                [
                    18.04162,
                    59.34558
                ],
                [
                    18.04158,
                    59.34563
                ],
                [
                    18.04109,
                    59.34612
                ]
            ]
        },
        {
            "summary": {
                "distance": 473.3,
                "duration": 137
            },
            "user": {
                "id": 364,
                "token": "eyJhbGciOiJIUzI1NiIsInR5cCI6IkpXVCJ9.eyJpZCI6MzY0LCJyb2xlIjoidXNlciIsImlhdCI6MTcwMDkzNTQ3OSwiZXhwIjoxNzMyNDcxNDc5fQ.UrISZM-WclBrj7JdFEyv5RP8uu-Yy5V3VsCY_qJH5eE"
            },
            "coords": [
                [
                    18.04109,
                    59.34612
                ],
                [
                    18.04158,
                    59.34563
                ],
                [
                    18.04162,
                    59.34558
                ],
                [
                    18.0416,
                    59.34554
                ],
                [
                    18.04166,
                    59.34548
                ],
                [
                    18.04152,
                    59.34545
                ],
                [
                    18.04047,
                    59.34518
                ],
                [
                    18.04023,
                    59.34516
                ],
                [
                    18.04016,
                    59.34515
                ],
                [
                    18.03995,
                    59.34534
                ],
                [
                    18.03982,
                    59.34534
                ],
                [
                    18.03966,
                    59.34536
                ],
                [
                    18.03959,
                    59.34535
                ],
                [
                    18.03925,
                    59.34526
                ],
                [
                    18.03915,
                    59.34519
                ],
                [
                    18.03874,
                    59.34522
                ],
                [
                    18.03845,
                    59.34529
                ],
                [
                    18.0377,
                    59.34546
                ],
                [
                    18.03775,
                    59.34553
                ],
                [
                    18.03765,
                    59.34555
                ],
                [
                    18.03595,
                    59.34593
                ],
                [
                    18.03597,
                    59.34594
                ],
                [
                    18.03608,
                    59.34608
                ]
            ]
        }
    ],
    "apiKey": "32b5ce7e495287db84ed46a123aad094"
}