{
    "city": 1,
    "initialStart": [
        18.03019,
        59.34005
    ],
    "trips": [
        {
            "summary": {
                "distance": 370.5,
                "duration": 60.6
            },
            "user": {
                "id": 371,
                "token": "eyJhbGciOiJIUzI1NiIsInR5cCI6IkpXVCJ9.eyJpZCI6MzcxLCJyb2xlIjoidXNlciIsImlhdCI6MTcwMDkzNTg2MiwiZXhwIjoxNzMyNDcxODYyfQ.wctdNjMe2Cslguu5D64BWAdoYO5kibdFBJPdH0sujwQ"
            },
            "coords": [
                [
                    18.03019,
                    59.34005
                ],
                [
                    18.03009,
                    59.34026
                ],
                [
                    18.03029,
                    59.34061
                ],
                [
                    18.03009,
                    59.34056
                ],
                [
                    18.0291,
                    59.34073
                ],
                [
                    18.02824,
                    59.34087
                ],
                [
                    18.02816,
                    59.34093
                ],
                [
                    18.02777,
                    59.34099
                ],
                [
                    18.02734,
                    59.34096
                ],
                [
                    18.02619,
                    59.34077
                ],
                [
                    18.02645,
                    59.34051
                ],
                [
                    18.02673,
                    59.34031
                ]
            ]
        },
        {
            "summary": {
                "distance": 489.9,
                "duration": 80.2
            },
            "user": {
                "id": 372,
                "token": "eyJhbGciOiJIUzI1NiIsInR5cCI6IkpXVCJ9.eyJpZCI6MzcyLCJyb2xlIjoidXNlciIsImlhdCI6MTcwMDkzNTg2MiwiZXhwIjoxNzMyNDcxODYyfQ.wcDNK2yWzs6kvSfQp5zAa-m_d3ZSfmnJ0821hMbx49Y"
            },
            "coords": [
                [
                    18.02673,
                    59.34031
                ],
                [
                    18.02645,
                    59.34051
                ],
                [
                    18.02619,
                    59.34077
                ],
                [
                    18.02734,
                    59.34096
                ],
                [
                    18.02777,
                    59.34099
                ],
                [
                    18.02816,
                    59.34093
                ],
                [
                    18.02824,
                    59.34087
                ],
                [
                    18.0291,
                    59.34073
                ],
                [
                    18.03009,
                    59.34056
                ],
                [
                    18.03029,
                    59.34061
                ],
                [
                    18.03009,
                    59.34026
                ],
                [
                    18.03025,
                    59.33993
                ],
                [
                    18.03027,
                    59.33983
                ],
                [
                    18.03027,
                    59.33973
                ],
                [
                    18.03029,
                    59.33969
                ],
                [
                    18.03038,
                    59.33966
                ],
                [
                    18.03132,
                    59.33927
                ],
                [
                    18.03138,
                    59.33924
                ]
            ]
        }
    ],
    "apiKey": "05cc599f4c96d9bec440fd89ff5dcd2c"
}