{
    "city": 1,
    "initialStart": [
        18.03492,
        59.31658
    ],
    "trips": [
        {
            "summary": {
                "distance": 423.8,
                "duration": 88.5
            },
            "user": {
                "id": 375,
                "token": "eyJhbGciOiJIUzI1NiIsInR5cCI6IkpXVCJ9.eyJpZCI6Mzc1LCJyb2xlIjoidXNlciIsImlhdCI6MTcwMDkzNTg2MywiZXhwIjoxNzMyNDcxODYzfQ.DXM1s0huW2FYoCfR3Z0bggLr5ihe6uSS7iDfIGj_lOk"
            },
            "coords": [
                [
                    18.03492,
                    59.31658
                ],
                [
                    18.03448,
                    59.31741
                ],
                [
                    18.03415,
                    59.31805
                ],
                [
                    18.03542,
                    59.3181
                ],
                [
                    18.03549,
                    59.31811
                ],
                [
                    18.03652,
                    59.31814
                ],
                [
                    18.03745,
                    59.31818
                ],
                [
                    18.03753,
                    59.31808
                ],
                [
                    18.03782,
                    59.31799
                ],
                [
                    18.03838,
                    59.31786
                ]
            ]
        },
        {
            "summary": {
                "distance": 564.9,
                "duration": 144.4
            },
            "user": {
                "id": 376,
                "token": "eyJhbGciOiJIUzI1NiIsInR5cCI6IkpXVCJ9.eyJpZCI6Mzc2LCJyb2xlIjoidXNlciIsImlhdCI6MTcwMDkzNTg2MywiZXhwIjoxNzMyNDcxODYzfQ.Ik0x7yabl_28kzxYKsV4ruwl7iBmjIFwz2FmSeZBMLY"
            },
            "coords": [
                [
                    18.03838,
                    59.31786
                ],
                [
                    18.03856,
                    59.31782
                ],
                [
                    18.03918,
                    59.31798
                ],
                [
                    18.03958,
                    59.31811
                ],
                [
                    18.03979,
                    59.31827
                ],
                [
                    18.03999,
                    59.31782
                ],
                [
                    18.04001,
                    59.31779
                ],
                [
                    18.0401,
                    59.31762
                ],
                [
                    18.0405,
                    59.31678
                ],
                [
                    18.03976,
                    59.31669
                ],
                [
                    18.03902,
                    59.3166
                ],
                [
                    18.03779,
                    59.31644
                ],
                [
                    18.03678,
                    59.31631
                ],
                [
                    18.03643,
                    59.31627
                ],
                [
                    18.03635,
                    59.3164
                ],
                [
                    18.03622,
                    59.31639
                ],
                [
                    18.03603,
                    59.31644
                ],
                [
                    18.03594,
                    59.31649
                ],
                [
                    18.03588,
                    59.31661
                ]
            ]
        }
    ],
    "apiKey": "9843334a7938b7eade3d4a78c233d30a"
}