{
    "city": 1,
    "initialStart": [
        18.05668,
        59.30889
    ],
    "trips": [
        {
            "summary": {
                "distance": 309.1,
                "duration": 57.7
            },
            "user": {
                "id": 377,
                "token": "eyJhbGciOiJIUzI1NiIsInR5cCI6IkpXVCJ9.eyJpZCI6Mzc3LCJyb2xlIjoidXNlciIsImlhdCI6MTcwMDkzNTg2MywiZXhwIjoxNzMyNDcxODYzfQ.McRpS8DjB1v92kxJ6ensNNXOyfTZqVye4FcL3LnueIM"
            },
            "coords": [
                [
                    18.05668,
                    59.30889
                ],
                [
                    18.05661,
                    59.30868
                ],
                [
                    18.05682,
                    59.30866
                ],
                [
                    18.05683,
                    59.30861
                ],
                [
                    18.05688,
                    59.30858
                ],
                [
                    18.05731,
                    59.30843
                ],
                [
                    18.05742,
                    59.30835
                ],
                [
                    18.05747,
                    59.30831
                ],
                [
                    18.05748,
                    59.30814
                ],
                [
                    18.0576,
                    59.3081
                ],
                [
                    18.05831,
                    59.30794
                ],
                [
                    18.05839,
                    59.30794
                ],
                [
                    18.05843,
                    59.30792
                ],
                [
                    18.05851,
                    59.30791
                ],
                [
                    18.05865,
                    59.30791
                ],
                [
                    18.05886,
                    59.30788
                ],
                [
                    18.0593,
                    59.30787
                ],
                [
                    18.05994,
                    59.30792
                ],
                [
                    18.06012,
                    59.30796
                ],
                [
                    18.06038,
                    59.30804
                ],
                [
                    18.06071,
                    59.30814
                ]
            ]
        },
        {
            "summary": {
                "distance": 416.4,
                "duration": 73.6
            },
            "user": {
                "id": 378,
                "token": "eyJhbGciOiJIUzI1NiIsInR5cCI6IkpXVCJ9.eyJpZCI6Mzc4LCJyb2xlIjoidXNlciIsImlhdCI6MTcwMDkzNTg2MywiZXhwIjoxNzMyNDcxODYzfQ.PM4kVDYA3p0vrg79nWTK2oKS46gnq3-oGeotJBknOFA"
            },
            "coords": [
                [
                    18.06071,
                    59.30814
                ],
                [
                    18.06106,
                    59.30825
                ],
                [
                    18.06122,
                    59.30832
                ],
                [
                    18.0613,
                    59.3084
                ],
                [
                    18.06135,
                    59.30849
                ],
                [
                    18.06139,
                    59.30865
                ],
                [
                    18.06128,
                    59.30895
                ],
                [
                    18.06115,
                    59.30919
                ],
                [
                    18.06103,
                    59.30917
                ],
                [
                    18.0609,
                    59.30917
                ],
                [
                    18.06074,
                    59.3092
                ],
                [
                    18.06039,
                    59.3093
                ],
                [
                    18.06016,
                    59.30937
                ],
                [
                    18.05976,
                    59.30949
                ],
                [
                    18.05933,
                    59.30962
                ],
                [
                    18.05886,
                    59.30976
                ],
                [
                    18.05877,
                    59.3097
                ],
                [
                    18.05866,
                    59.30943
                ],
                [
                    18.05864,
                    59.30939
                ],
                [
                    18.05842,
                    59.30933
                ],
                [
                    18.05832,
                    59.30931
                ],
                [
                    18.05783,
                    59.30934
                ],
                [
                    18.05753,
                    59.30937
                ],
                [
                    18.05711,
                    59.3094
                ]
            ]
        }
    ],
    "apiKey": "9f499b98de4aa4d06c08ebf96830d66a"
}