{
    "city": 1,
    "initialStart": [
        18.05948,
        59.34871
    ],
    "trips": [
        {
            "summary": {
                "distance": 471,
                "duration": 101.8
            },
            "user": {
                "id": 37,
                "token": "eyJhbGciOiJIUzI1NiIsInR5cCI6IkpXVCJ9.eyJpZCI6MzcsInJvbGUiOiJ1c2VyIiwiaWF0IjoxNzAwOTMxNTkxLCJleHAiOjE3MzI0Njc1OTF9.wM69Fcie_p3rjYcyXKky9tOEZ-LCeHnisV6sk3vqV1M"
            },
            "coords": [
                [
                    18.05948,
                    59.34871
                ],
                [
                    18.05997,
                    59.3482
                ],
                [
                    18.06004,
                    59.34821
                ],
                [
                    18.06012,
                    59.34814
                ],
                [
                    18.06019,
                    59.34806
                ],
                [
                    18.06019,
                    59.348
                ],
                [
                    18.06148,
                    59.34663
                ],
                [
                    18.06157,
                    59.34659
                ],
                [
                    18.06161,
                    59.34654
                ],
                [
                    18.06167,
                    59.34648
                ],
                [
                    18.06159,
                    59.34645
                ],
                [
                    18.06036,
                    59.34613
                ],
                [
                    18.06021,
                    59.34609
                ],
                [
                    18.06006,
                    59.34606
                ],
                [
                    18.05901,
                    59.34579
                ],
                [
                    18.05905,
                    59.34574
                ],
                [
                    18.05926,
                    59.34579
                ]
            ]
        },
        {
            "summary": {
                "distance": 529.1,
                "duration": 98.8
            },
            "user": {
                "id": 38,
                "token": "eyJhbGciOiJIUzI1NiIsInR5cCI6IkpXVCJ9.eyJpZCI6MzgsInJvbGUiOiJ1c2VyIiwiaWF0IjoxNzAwOTMxNTkxLCJleHAiOjE3MzI0Njc1OTF9.R97HuidaWbO9ny7PvD6XUEac4_yB2z-UTadUgfikV74"
            },
            "coords": [
                [
                    18.05926,
                    59.34579
                ],
                [
                    18.05905,
                    59.34574
                ],
                [
                    18.05901,
                    59.34579
                ],
                [
                    18.06006,
                    59.34606
                ],
                [
                    18.06021,
                    59.34609
                ],
                [
                    18.06036,
                    59.34613
                ],
                [
                    18.06159,
                    59.34645
                ],
                [
                    18.06167,
                    59.34648
                ],
                [
                    18.06175,
                    59.3465
                ],
                [
                    18.06185,
                    59.34652
                ],
                [
                    18.06192,
                    59.34654
                ],
                [
                    18.06186,
                    59.3466
                ],
                [
                    18.06181,
                    59.34665
                ],
                [
                    18.06182,
                    59.34669
                ],
                [
                    18.06128,
                    59.34726
                ],
                [
                    18.06056,
                    59.34801
                ],
                [
                    18.06047,
                    59.34805
                ],
                [
                    18.0604,
                    59.34812
                ],
                [
                    18.06033,
                    59.34819
                ],
                [
                    18.06025,
                    59.34827
                ],
                [
                    18.06019,
                    59.34835
                ],
                [
                    18.06018,
                    59.34843
                ],
                [
                    18.05967,
                    59.34896
                ],
                [
                    18.0597,
                    59.34897
                ],
                [
                    18.05988,
                    59.34877
                ]
            ]
        }
    ],
    "apiKey": "7ea1a200658206056718c00e0a715099"
}