{
    "city": 1,
    "initialStart": [
        18.02663,
        59.33649
    ],
    "trips": [
        {
            "summary": {
                "distance": 1048.1,
                "duration": 171.5
            },
            "user": {
                "id": 379,
                "token": "eyJhbGciOiJIUzI1NiIsInR5cCI6IkpXVCJ9.eyJpZCI6Mzc5LCJyb2xlIjoidXNlciIsImlhdCI6MTcwMDkzNTg2MywiZXhwIjoxNzMyNDcxODYzfQ.CpO6J_8axWNRdGi757HEU7lZ8by1L4Kj1I6CuVrLIOM"
            },
            "coords": [
                [
                    18.02663,
                    59.33649
                ],
                [
                    18.02713,
                    59.33641
                ],
                [
                    18.02745,
                    59.33635
                ],
                [
                    18.02894,
                    59.33611
                ],
                [
                    18.02909,
                    59.33609
                ],
                [
                    18.02845,
                    59.335
                ],
                [
                    18.02612,
                    59.3353
                ],
                [
                    18.02577,
                    59.33534
                ],
                [
                    18.02565,
                    59.33533
                ],
                [
                    18.02556,
                    59.33529
                ],
                [
                    18.02553,
                    59.33524
                ],
                [
                    18.02525,
                    59.33476
                ],
                [
                    18.02522,
                    59.33471
                ],
                [
                    18.02502,
                    59.33437
                ],
                [
                    18.02499,
                    59.33432
                ],
                [
                    18.02493,
                    59.33422
                ],
                [
                    18.02473,
                    59.33425
                ],
                [
                    18.024,
                    59.33436
                ],
                [
                    18.02326,
                    59.33447
                ],
                [
                    18.02328,
                    59.33455
                ],
                [
                    18.0234,
                    59.3348
                ],
                [
                    18.02346,
                    59.33493
                ],
                [
                    18.02355,
                    59.33512
                ],
                [
                    18.02371,
                    59.33545
                ],
                [
                    18.02369,
                    59.33553
                ],
                [
                    18.0236,
                    59.33565
                ],
                [
                    18.02342,
                    59.33574
                ],
                [
                    18.02326,
                    59.33579
                ],
                [
                    18.02263,
                    59.33596
                ],
                [
                    18.02226,
                    59.33612
                ],
                [
                    18.02214,
                    59.33618
                ],
                [
                    18.02165,
                    59.3364
                ],
                [
                    18.02127,
                    59.33658
                ],
                [
                    18.02123,
                    59.3366
                ],
                [
                    18.02157,
                    59.33725
                ]
            ]
        },
        {
            "summary": {
                "distance": 319.2,
                "duration": 65.4
            },
            "user": {
                "id": 380,
                "token": "eyJhbGciOiJIUzI1NiIsInR5cCI6IkpXVCJ9.eyJpZCI6MzgwLCJyb2xlIjoidXNlciIsImlhdCI6MTcwMDkzNTg2MywiZXhwIjoxNzMyNDcxODYzfQ.yTLP00tsqDV-rufEsUw6Ra1bQ_WzgtXCvJj2Y-D96Gs"
            },
            "coords": [
                [
                    18.02157,
                    59.33725
                ],
                [
                    18.02158,
                    59.33728
                ],
                [
                    18.02155,
                    59.33733
                ],
                [
                    18.02145,
                    59.33735
                ],
                [
                    18.02134,
                    59.33735
                ],
                [
                    18.02127,
                    59.33731
                ],
                [
                    18.02096,
                    59.33672
                ],
                [
                    18.02123,
                    59.3366
                ],
                [
                    18.02127,
                    59.33658
                ],
                [
                    18.02165,
                    59.3364
                ],
                [
                    18.02214,
                    59.33618
                ],
                [
                    18.02226,
                    59.33612
                ],
                [
                    18.02263,
                    59.33596
                ],
                [
                    18.02326,
                    59.33579
                ],
                [
                    18.02342,
                    59.33574
                ],
                [
                    18.02335,
                    59.33569
                ],
                [
                    18.02359,
                    59.33551
                ],
                [
                    18.02363,
                    59.33545
                ],
                [
                    18.0236,
                    59.33539
                ]
            ]
        }
    ]
}