{
    "city": 1,
    "initialStart": [
        18.01335,
        59.32591
    ],
    "trips": [
        {
            "summary": {
                "distance": 524.2,
                "duration": 119.9
            },
            "user": {
                "id": 383,
                "token": "eyJhbGciOiJIUzI1NiIsInR5cCI6IkpXVCJ9.eyJpZCI6MzgzLCJyb2xlIjoidXNlciIsImlhdCI6MTcwMDkzNTg2NCwiZXhwIjoxNzMyNDcxODY0fQ.mgivZpm8vgNCLMb9NdOxr4zna9SGMTGaw3oaEHBvuCk"
            },
            "coords": [
                [
                    18.01335,
                    59.32591
                ],
                [
                    18.01409,
                    59.32585
                ],
                [
                    18.01402,
                    59.32612
                ],
                [
                    18.01392,
                    59.32646
                ],
                [
                    18.01387,
                    59.32664
                ],
                [
                    18.01385,
                    59.32669
                ],
                [
                    18.01359,
                    59.32664
                ],
                [
                    18.01343,
                    59.32661
                ],
                [
                    18.01339,
                    59.32667
                ],
                [
                    18.01224,
                    59.3264
                ],
                [
                    18.01166,
                    59.32626
                ],
                [
                    18.01071,
                    59.32603
                ],
                [
                    18.01049,
                    59.32597
                ],
                [
                    18.00938,
                    59.3257
                ],
                [
                    18.00934,
                    59.32564
                ],
                [
                    18.0088,
                    59.32551
                ],
                [
                    18.00871,
                    59.32549
                ],
                [
                    18.00867,
                    59.32554
                ],
                [
                    18.00861,
                    59.32555
                ],
                [
                    18.00863,
                    59.32558
                ],
                [
                    18.00877,
                    59.32555
                ],
                [
                    18.00853,
                    59.32565
                ],
                [
                    18.00825,
                    59.32569
                ]
            ]
        },
        {
            "summary": {
                "distance": 627,
                "duration": 136.6
            },
            "user": {
                "id": 384,
                "token": "eyJhbGciOiJIUzI1NiIsInR5cCI6IkpXVCJ9.eyJpZCI6Mzg0LCJyb2xlIjoidXNlciIsImlhdCI6MTcwMDkzNTg2NCwiZXhwIjoxNzMyNDcxODY0fQ.flFs2Q6wIq2tpgysCwjTG_s5dpx-CUEsdlXrsZQhiV4"
            },
            "coords": [
                [
                    18.00825,
                    59.32569
                ],
                [
                    18.00853,
                    59.32565
                ],
                [
                    18.00877,
                    59.32555
                ],
                [
                    18.00863,
                    59.32558
                ],
                [
                    18.00861,
                    59.32555
                ],
                [
                    18.00867,
                    59.32554
                ],
                [
                    18.00871,
                    59.32549
                ],
                [
                    18.0088,
                    59.32551
                ],
                [
                    18.00934,
                    59.32564
                ],
                [
                    18.00948,
                    59.32561
                ],
                [
                    18.01059,
                    59.32589
                ],
                [
                    18.01234,
                    59.3263
                ],
                [
                    18.01276,
                    59.32641
                ],
                [
                    18.01347,
                    59.32656
                ],
                [
                    18.01343,
                    59.32661
                ],
                [
                    18.01339,
                    59.32667
                ],
                [
                    18.01332,
                    59.32677
                ],
                [
                    18.01312,
                    59.32688
                ],
                [
                    18.01307,
                    59.32694
                ],
                [
                    18.01309,
                    59.32722
                ],
                [
                    18.01206,
                    59.32725
                ],
                [
                    18.01187,
                    59.32726
                ],
                [
                    18.01109,
                    59.32728
                ],
                [
                    18.01112,
                    59.327
                ],
                [
                    18.01105,
                    59.32694
                ],
                [
                    18.01098,
                    59.32692
                ],
                [
                    18.01035,
                    59.32693
                ]
            ]
        }
    ],
    "apiKey": "50fe1ec5cd065406be128a57a6f2c995"
}