{
    "city": 1,
    "initialStart": [
        17.99938,
        59.33561
    ],
    "trips": [
        {
            "summary": {
                "distance": 472.6,
                "duration": 104.2
            },
            "user": {
                "id": 385,
                "token": "eyJhbGciOiJIUzI1NiIsInR5cCI6IkpXVCJ9.eyJpZCI6Mzg1LCJyb2xlIjoidXNlciIsImlhdCI6MTcwMDkzNTg2NCwiZXhwIjoxNzMyNDcxODY0fQ.EQ-zXkaERAEVpwjz-5J44puhiOIuw08Zdf3kNY3gBAo"
            },
            "coords": [
                [
                    17.99938,
                    59.33561
                ],
                [
                    17.99923,
                    59.33536
                ],
                [
                    18.0012,
                    59.33508
                ],
                [
                    18.00092,
                    59.33452
                ],
                [
                    18.00107,
                    59.3345
                ],
                [
                    18.0017,
                    59.33441
                ],
                [
                    18.00208,
                    59.3343
                ],
                [
                    18.00229,
                    59.33421
                ],
                [
                    18.00272,
                    59.33405
                ],
                [
                    18.00293,
                    59.33395
                ],
                [
                    18.00323,
                    59.33382
                ],
                [
                    18.00333,
                    59.3338
                ],
                [
                    18.00345,
                    59.33376
                ],
                [
                    18.00365,
                    59.33401
                ],
                [
                    18.00375,
                    59.33399
                ],
                [
                    18.00379,
                    59.33406
                ],
                [
                    18.00383,
                    59.33426
                ],
                [
                    18.00379,
                    59.33452
                ]
            ]
        },
        {
            "summary": {
                "distance": 343.9,
                "duration": 72.8
            },
            "user": {
                "id": 386,
                "token": "eyJhbGciOiJIUzI1NiIsInR5cCI6IkpXVCJ9.eyJpZCI6Mzg2LCJyb2xlIjoidXNlciIsImlhdCI6MTcwMDkzNTg2NCwiZXhwIjoxNzMyNDcxODY0fQ.ISt9NYrACSIiyUOJORVETH3tAbN3ksR4wSwWOWfX9Xc"
            },
            "coords": [
                [
                    18.00379,
                    59.33452
                ],
                [
                    18.00374,
                    59.33491
                ],
                [
                    18.00374,
                    59.33495
                ],
                [
                    18.00363,
                    59.33494
                ],
                [
                    18.00353,
                    59.33582
                ],
                [
                    18.00358,
                    59.33598
                ],
                [
                    18.00369,
                    59.33614
                ],
                [
                    18.00358,
                    59.33617
                ],
                [
                    18.00367,
                    59.33626
                ],
                [
                    18.00375,
                    59.33633
                ],
                [
                    18.00427,
                    59.33658
                ],
                [
                    18.00446,
                    59.33665
                ],
                [
                    18.00473,
                    59.3367
                ],
                [
                    18.00486,
                    59.33671
                ],
                [
                    18.00505,
                    59.33671
                ],
                [
                    18.00508,
                    59.33666
                ],
                [
                    18.00536,
                    59.33668
                ],
                [
                    18.00542,
                    59.33662
                ],
                [
                    18.00555,
                    59.33654
                ]
            ]
        }
    ]
}