{
    "city": 1,
    "initialStart": [
        18.06334,
        59.33038
    ],
    "trips": [
        {
            "summary": {
                "distance": 524.5,
                "duration": 97.1
            },
            "user": {
                "id": 389,
                "token": "eyJhbGciOiJIUzI1NiIsInR5cCI6IkpXVCJ9.eyJpZCI6Mzg5LCJyb2xlIjoidXNlciIsImlhdCI6MTcwMDkzNTg2NSwiZXhwIjoxNzMyNDcxODY1fQ.3wcHwC8ZtFE7-xVjicQ5IpdbuB47xXKyfhFa3mNjBz4"
            },
            "coords": [
                [
                    18.06334,
                    59.33038
                ],
                [
                    18.06251,
                    59.33017
                ],
                [
                    18.06236,
                    59.33012
                ],
                [
                    18.0623,
                    59.33018
                ],
                [
                    18.062,
                    59.33048
                ],
                [
                    18.0619,
                    59.33052
                ],
                [
                    18.06176,
                    59.33052
                ],
                [
                    18.06135,
                    59.33042
                ],
                [
                    18.06115,
                    59.33037
                ],
                [
                    18.06122,
                    59.33029
                ],
                [
                    18.06151,
                    59.32998
                ],
                [
                    18.06157,
                    59.32992
                ],
                [
                    18.06214,
                    59.33007
                ],
                [
                    18.06228,
                    59.33006
                ],
                [
                    18.06236,
                    59.33003
                ],
                [
                    18.06274,
                    59.32965
                ],
                [
                    18.06306,
                    59.32932
                ],
                [
                    18.0631,
                    59.32913
                ],
                [
                    18.06316,
                    59.32903
                ],
                [
                    18.06315,
                    59.32893
                ],
                [
                    18.06307,
                    59.3289
                ],
                [
                    18.0626,
                    59.32883
                ],
                [
                    18.06237,
                    59.3288
                ],
                [
                    18.06209,
                    59.32872
                ],
                [
                    18.06164,
                    59.32864
                ],
                [
                    18.06159,
                    59.3287
                ],
                [
                    18.06154,
                    59.32876
                ],
                [
                    18.06188,
                    59.32882
                ]
            ]
        },
        {
            "summary": {
                "distance": 619.8,
                "duration": 113.4
            },
            "user": {
                "id": 390,
                "token": "eyJhbGciOiJIUzI1NiIsInR5cCI6IkpXVCJ9.eyJpZCI6MzkwLCJyb2xlIjoidXNlciIsImlhdCI6MTcwMDkzNTg2NSwiZXhwIjoxNzMyNDcxODY1fQ.W588Zjl8hpf4alRb9uUVAUWuK2dXCw_5YGqSeekGIfs"
            },
            "coords": [
                [
                    18.06188,
                    59.32882
                ],
                [
                    18.06154,
                    59.32876
                ],
                [
                    18.06159,
                    59.3287
                ],
                [
                    18.06145,
                    59.32869
                ],
                [
                    18.06127,
                    59.3287
                ],
                [
                    18.06108,
                    59.32859
                ],
                [
                    18.06105,
                    59.32857
                ],
                [
                    18.06098,
                    59.32853
                ],
                [
                    18.06104,
                    59.32851
                ],
                [
                    18.0611,
                    59.32848
                ],
                [
                    18.06147,
                    59.32833
                ],
                [
                    18.06161,
                    59.32828
                ],
                [
                    18.06143,
                    59.32827
                ],
                [
                    18.06064,
                    59.32817
                ],
                [
                    18.05948,
                    59.32803
                ],
                [
                    18.05952,
                    59.32796
                ],
                [
                    18.0597,
                    59.32797
                ],
                [
                    18.05986,
                    59.32789
                ],
                [
                    18.06056,
                    59.32761
                ],
                [
                    18.0612,
                    59.32732
                ],
                [
                    18.06306,
                    59.32635
                ],
                [
                    18.06312,
                    59.32626
                ],
                [
                    18.06217,
                    59.32616
                ],
                [
                    18.06162,
                    59.32606
                ]
            ]
        }
    ]
}