{
    "city": 1,
    "initialStart": [
        18.04354,
        59.34155
    ],
    "trips": [
        {
            "summary": {
                "distance": 504.7,
                "duration": 95.2
            },
            "user": {
                "id": 391,
                "token": "eyJhbGciOiJIUzI1NiIsInR5cCI6IkpXVCJ9.eyJpZCI6MzkxLCJyb2xlIjoidXNlciIsImlhdCI6MTcwMDkzNjM1OCwiZXhwIjoxNzMyNDcyMzU4fQ.DOuc5PnfhqJ1t6hqAQe3cwrM7oknycicOsKzBKj8JEk"
            },
            "coords": [
                [
                    18.04354,
                    59.34155
                ],
                [
                    18.04385,
                    59.34124
                ],
                [
                    18.04394,
                    59.34127
                ],
                [
                    18.04402,
                    59.34119
                ],
                [
                    18.04407,
                    59.34114
                ],
                [
                    18.04553,
                    59.34149
                ],
                [
                    18.04575,
                    59.34155
                ],
                [
                    18.04584,
                    59.34148
                ],
                [
                    18.04699,
                    59.34031
                ],
                [
                    18.04711,
                    59.34018
                ],
                [
                    18.04696,
                    59.34014
                ],
                [
                    18.04594,
                    59.33988
                ],
                [
                    18.04498,
                    59.33963
                ],
                [
                    18.04447,
                    59.3395
                ]
            ]
        },
        {
            "summary": {
                "distance": 406.5,
                "duration": 91.4
            },
            "user": {
                "id": 392,
                "token": "eyJhbGciOiJIUzI1NiIsInR5cCI6IkpXVCJ9.eyJpZCI6MzkyLCJyb2xlIjoidXNlciIsImlhdCI6MTcwMDkzNjM1OCwiZXhwIjoxNzMyNDcyMzU4fQ.n_gJ_GXEpmh31poy5GSIKXSQAOQSrPejGT9a5k5ZpbE"
            },
            "coords": [
                [
                    18.04447,
                    59.3395
                ],
                [
                    18.04381,
                    59.33933
                ],
                [
                    18.04375,
                    59.33928
                ],
                [
                    18.04381,
                    59.33918
                ],
                [
                    18.04458,
                    59.33843
                ],
                [
                    18.04494,
                    59.33805
                ],
                [
                    18.04518,
                    59.33792
                ],
                [
                    18.04577,
                    59.33731
                ],
                [
                    18.04577,
                    59.3372
                ],
                [
                    18.04562,
                    59.33695
                ],
                [
                    18.04549,
                    59.33676
                ],
                [
                    18.04513,
                    59.33682
                ],
                [
                    18.04516,
                    59.33685
                ],
                [
                    18.0451,
                    59.33695
                ],
                [
                    18.04495,
                    59.33697
                ]
            ]
        }
    ],
    "apiKey": "94c21817fb784cabd85a9d2eccdba6b6"
}