{
    "city": 1,
    "initialStart": [
        18.08629,
        59.31096
    ],
    "trips": [
        {
            "summary": {
                "distance": 741.7,
                "duration": 121.4
            },
            "user": {
                "id": 397,
                "token": "eyJhbGciOiJIUzI1NiIsInR5cCI6IkpXVCJ9.eyJpZCI6Mzk3LCJyb2xlIjoidXNlciIsImlhdCI6MTcwMDkzNjM1OSwiZXhwIjoxNzMyNDcyMzU5fQ.WMm0IPAkcXieXCWnFFm6CtaAVu8vNSebkJ4Xp1oKDvg"
            },
            "coords": [
                [
                    18.08629,
                    59.31096
                ],
                [
                    18.08629,
                    59.31096
                ],
                [
                    18.08626,
                    59.31098
                ],
                [
                    18.0862,
                    59.31098
                ],
                [
                    18.08594,
                    59.31095
                ],
                [
                    18.08571,
                    59.31092
                ],
                [
                    18.08415,
                    59.31072
                ],
                [
                    18.08362,
                    59.31065
                ],
                [
                    18.0834,
                    59.31062
                ],
                [
                    18.08222,
                    59.31109
                ],
                [
                    18.08213,
                    59.3111
                ],
                [
                    18.08171,
                    59.31105
                ],
                [
                    18.0817,
                    59.31108
                ],
                [
                    18.08163,
                    59.31125
                ],
                [
                    18.08157,
                    59.31135
                ],
                [
                    18.0815,
                    59.31141
                ],
                [
                    18.08124,
                    59.31192
                ],
                [
                    18.08181,
                    59.312
                ],
                [
                    18.08289,
                    59.31214
                ],
                [
                    18.08284,
                    59.31224
                ],
                [
                    18.08265,
                    59.3126
                ],
                [
                    18.08264,
                    59.31268
                ],
                [
                    18.0829,
                    59.31272
                ],
                [
                    18.08336,
                    59.31278
                ],
                [
                    18.08366,
                    59.31282
                ],
                [
                    18.08463,
                    59.31295
                ],
                [
                    18.08498,
                    59.31301
                ],
                [
                    18.08494,
                    59.31311
                ],
                [
                    18.08474,
                    59.31351
                ],
                [
                    18.08474,
                    59.31352
                ]
            ]
        },
        {
            "summary": {
                "distance": 259.9,
                "duration": 42.5
            },
            "user": {
                "id": 398,
                "token": "eyJhbGciOiJIUzI1NiIsInR5cCI6IkpXVCJ9.eyJpZCI6Mzk4LCJyb2xlIjoidXNlciIsImlhdCI6MTcwMDkzNjM1OSwiZXhwIjoxNzMyNDcyMzU5fQ.yQ-RzmNdoXuaeJ8LPlr7nb_wrOzKgpfIzWemkOMFyfI"
            },
            "coords": [
                [
                    18.08474,
                    59.31352
                ],
                [
                    18.0847,
                    59.3136
                ],
                [
                    18.08489,
                    59.31363
                ],
                [
                    18.08671,
                    59.31386
                ],
                [
                    18.08802,
                    59.31404
                ],
                [
                    18.08812,
                    59.31404
                ],
                [
                    18.08829,
                    59.31402
                ],
                [
                    18.08849,
                    59.31398
                ],
                [
                    18.08896,
                    59.31391
                ]
            ]
        }
    ]
}