{
    "city": 1,
    "initialStart": [
        18.02549,
        59.34452
    ],
    "trips": [
        {
            "summary": {
                "distance": 687.5,
                "duration": 114.5
            },
            "user": {
                "id": 3,
                "token": "eyJhbGciOiJIUzI1NiIsInR5cCI6IkpXVCJ9.eyJpZCI6Mywicm9sZSI6InVzZXIiLCJpYXQiOjE3MDA5Mjk0MzEsImV4cCI6MTczMjQ2NTQzMX0.fTY4wDYLr8ELF8pOHogqEolOShXATpjbIrP9o_hLNxo"
            },
            "coords": [
                [
                    18.02549,
                    59.34452
                ],
                [
                    18.02526,
                    59.3447
                ],
                [
                    18.02518,
                    59.3448
                ],
                [
                    18.0251,
                    59.34505
                ],
                [
                    18.02504,
                    59.34518
                ],
                [
                    18.0248,
                    59.34545
                ],
                [
                    18.02466,
                    59.34551
                ],
                [
                    18.02444,
                    59.34553
                ],
                [
                    18.02456,
                    59.34538
                ],
                [
                    18.02466,
                    59.34518
                ],
                [
                    18.02484,
                    59.34468
                ],
                [
                    18.02495,
                    59.34451
                ],
                [
                    18.02518,
                    59.34425
                ],
                [
                    18.02529,
                    59.34416
                ],
                [
                    18.02539,
                    59.34407
                ],
                [
                    18.02558,
                    59.34394
                ],
                [
                    18.0259,
                    59.34375
                ],
                [
                    18.02631,
                    59.34359
                ],
                [
                    18.02662,
                    59.34339
                ],
                [
                    18.02694,
                    59.34322
                ],
                [
                    18.02671,
                    59.34312
                ],
                [
                    18.02641,
                    59.34298
                ],
                [
                    18.02634,
                    59.34291
                ],
                [
                    18.02634,
                    59.34265
                ],
                [
                    18.02637,
                    59.34234
                ],
                [
                    18.02643,
                    59.34205
                ],
                [
                    18.02655,
                    59.34184
                ],
                [
                    18.0267,
                    59.34166
                ],
                [
                    18.02717,
                    59.34122
                ],
                [
                    18.02721,
                    59.34121
                ]
            ]
        },
        {
            "summary": {
                "distance": 530.9,
                "duration": 86.9
            },
            "user": {
                "id": 4,
                "token": "eyJhbGciOiJIUzI1NiIsInR5cCI6IkpXVCJ9.eyJpZCI6NCwicm9sZSI6InVzZXIiLCJpYXQiOjE3MDA5Mjk0MzEsImV4cCI6MTczMjQ2NTQzMX0.vcgYim7V6TBQdSEDHvUOLtJOK8NTd9eKi3TQXzirExQ"
            },
            "coords": [
                [
                    18.02721,
                    59.34121
                ],
                [
                    18.02726,
                    59.34119
                ],
                [
                    18.03012,
                    59.3407
                ],
                [
                    18.03029,
                    59.34061
                ],
                [
                    18.03193,
                    59.34033
                ],
                [
                    18.03206,
                    59.3403
                ],
                [
                    18.03237,
                    59.34025
                ],
                [
                    18.03456,
                    59.33988
                ],
                [
                    18.03507,
                    59.34062
                ]
            ]
        }
    ],
    "apiKey": "fcae4d86944346282889cf44f9a44014"
}