{
    "city": 1,
    "initialStart": [
        18.02852,
        59.33512
    ],
    "trips": [
        {
            "summary": {
                "distance": 509.4,
                "duration": 83.3
            },
            "user": {
                "id": 39,
                "token": "eyJhbGciOiJIUzI1NiIsInR5cCI6IkpXVCJ9.eyJpZCI6MzksInJvbGUiOiJ1c2VyIiwiaWF0IjoxNzAwOTMxNTkyLCJleHAiOjE3MzI0Njc1OTJ9.E9UgURDNf95ECpZgrM5Lj8_8LIP2-4ujICjmUXiPTc0"
            },
            "coords": [
                [
                    18.02852,
                    59.33512
                ],
                [
                    18.02845,
                    59.335
                ],
                [
                    18.03091,
                    59.33467
                ],
                [
                    18.03121,
                    59.33461
                ],
                [
                    18.03225,
                    59.33448
                ],
                [
                    18.03242,
                    59.33446
                ],
                [
                    18.03257,
                    59.33444
                ],
                [
                    18.03279,
                    59.33441
                ],
                [
                    18.03422,
                    59.33422
                ],
                [
                    18.03443,
                    59.3342
                ],
                [
                    18.03445,
                    59.33425
                ],
                [
                    18.0345,
                    59.33433
                ],
                [
                    18.03473,
                    59.33472
                ],
                [
                    18.03517,
                    59.33544
                ]
            ]
        },
        {
            "summary": {
                "distance": 1328.2,
                "duration": 233
            },
            "user": {
                "id": 40,
                "token": "eyJhbGciOiJIUzI1NiIsInR5cCI6IkpXVCJ9.eyJpZCI6NDAsInJvbGUiOiJ1c2VyIiwiaWF0IjoxNzAwOTMxNTkzLCJleHAiOjE3MzI0Njc1OTN9.0ZbkqSvbR6OVB94LgFZdF7kWZ-KINQ_gKKDKujxvr6U"
            },
            "coords": [
                [
                    18.03517,
                    59.33544
                ],
                [
                    18.03473,
                    59.33472
                ],
                [
                    18.0345,
                    59.33433
                ],
                [
                    18.03445,
                    59.33425
                ],
                [
                    18.03425,
                    59.33428
                ],
                [
                    18.03282,
                    59.33447
                ],
                [
                    18.03261,
                    59.33449
                ],
                [
                    18.03269,
                    59.3346
                ],
                [
                    18.03343,
                    59.33547
                ],
                [
                    18.03413,
                    59.33633
                ],
                [
                    18.03443,
                    59.33672
                ],
                [
                    18.03544,
                    59.33798
                ],
                [
                    18.03549,
                    59.33805
                ],
                [
                    18.03562,
                    59.3381
                ],
                [
                    18.0366,
                    59.33932
                ],
                [
                    18.03662,
                    59.33934
                ],
                [
                    18.03664,
                    59.33936
                ],
                [
                    18.03665,
                    59.33938
                ],
                [
                    18.03671,
                    59.3394
                ],
                [
                    18.03683,
                    59.33941
                ],
                [
                    18.03717,
                    59.33939
                ],
                [
                    18.03738,
                    59.33942
                ],
                [
                    18.03749,
                    59.33944
                ],
                [
                    18.03874,
                    59.33973
                ],
                [
                    18.03891,
                    59.33976
                ],
                [
                    18.03896,
                    59.33971
                ],
                [
                    18.03902,
                    59.33966
                ],
                [
                    18.03906,
                    59.33953
                ],
                [
                    18.03932,
                    59.33927
                ],
                [
                    18.03945,
                    59.3392
                ],
                [
                    18.03952,
                    59.33914
                ],
                [
                    18.03957,
                    59.33908
                ],
                [
                    18.03993,
                    59.33869
                ],
                [
                    18.04023,
                    59.33838
                ],
                [
                    18.04041,
                    59.33823
                ],
                [
                    18.0406,
                    59.33811
                ],
                [
                    18.04049,
                    59.33806
                ],
                [
                    18.04032,
                    59.33798
                ],
                [
                    18.04019,
                    59.33786
                ],
                [
                    18.03966,
                    59.33755
                ],
                [
                    18.03942,
                    59.33757
                ],
                [
                    18.03941,
                    59.33754
                ],
                [
                    18.03954,
                    59.33753
                ],
                [
                    18.03948,
                    59.33731
                ],
                [
                    18.03971,
                    59.33729
                ]
            ]
        }
    ],
    "apiKey": "6027ce82d712640f557364a1d70b6fe4"
}