{
    "city": 1,
    "initialStart": [
        18.09507,
        59.34434
    ],
    "trips": [
        {
            "summary": {
                "distance": 592.1,
                "duration": 113.3
            },
            "user": {
                "id": 401,
                "token": "eyJhbGciOiJIUzI1NiIsInR5cCI6IkpXVCJ9.eyJpZCI6NDAxLCJyb2xlIjoidXNlciIsImlhdCI6MTcwMDkzNjM2MCwiZXhwIjoxNzMyNDcyMzYwfQ.ipwpkApMvYXdyxwtLwuKYBJV1RF9ihHxE_kekIr9MGI"
            },
            "coords": [
                [
                    18.09507,
                    59.34434
                ],
                [
                    18.09512,
                    59.34433
                ],
                [
                    18.09498,
                    59.34409
                ],
                [
                    18.09482,
                    59.34385
                ],
                [
                    18.09458,
                    59.3435
                ],
                [
                    18.09415,
                    59.34291
                ],
                [
                    18.09389,
                    59.34257
                ],
                [
                    18.0936,
                    59.34222
                ],
                [
                    18.09352,
                    59.34212
                ],
                [
                    18.09341,
                    59.34199
                ],
                [
                    18.09321,
                    59.34176
                ],
                [
                    18.09304,
                    59.34156
                ],
                [
                    18.09311,
                    59.3415
                ],
                [
                    18.09317,
                    59.34146
                ],
                [
                    18.09345,
                    59.34139
                ],
                [
                    18.09379,
                    59.34131
                ],
                [
                    18.09388,
                    59.34131
                ],
                [
                    18.094,
                    59.3413
                ],
                [
                    18.09408,
                    59.34136
                ],
                [
                    18.09465,
                    59.34183
                ],
                [
                    18.09516,
                    59.34225
                ],
                [
                    18.09628,
                    59.34198
                ]
            ]
        },
        {
            "summary": {
                "distance": 466.7,
                "duration": 85.9
            },
            "user": {
                "id": 402,
                "token": "eyJhbGciOiJIUzI1NiIsInR5cCI6IkpXVCJ9.eyJpZCI6NDAyLCJyb2xlIjoidXNlciIsImlhdCI6MTcwMDkzNjM2MCwiZXhwIjoxNzMyNDcyMzYwfQ.yc9-VKlSFn0dK8wFLJdYyQFBUaXxr_STua0JwMuoVmo"
            },
            "coords": [
                [
                    18.09628,
                    59.34198
                ],
                [
                    18.09678,
                    59.34186
                ],
                [
                    18.09696,
                    59.3418
                ],
                [
                    18.09705,
                    59.34177
                ],
                [
                    18.09682,
                    59.3416
                ],
                [
                    18.09691,
                    59.34156
                ],
                [
                    18.09676,
                    59.34146
                ],
                [
                    18.09607,
                    59.34099
                ],
                [
                    18.09585,
                    59.34084
                ],
                [
                    18.09572,
                    59.34076
                ],
                [
                    18.09531,
                    59.34048
                ],
                [
                    18.09511,
                    59.34034
                ],
                [
                    18.09484,
                    59.34015
                ],
                [
                    18.09483,
                    59.34012
                ],
                [
                    18.09485,
                    59.34005
                ],
                [
                    18.09487,
                    59.34002
                ],
                [
                    18.0948,
                    59.34003
                ],
                [
                    18.09473,
                    59.34005
                ],
                [
                    18.09457,
                    59.34009
                ],
                [
                    18.09452,
                    59.3401
                ],
                [
                    18.09438,
                    59.3401
                ],
                [
                    18.09411,
                    59.34016
                ],
                [
                    18.09407,
                    59.34011
                ],
                [
                    18.09391,
                    59.34016
                ],
                [
                    18.09293,
                    59.34041
                ],
                [
                    18.09303,
                    59.3405
                ],
                [
                    18.09318,
                    59.34062
                ],
                [
                    18.0934,
                    59.34081
                ]
            ]
        }
    ]
}