{
    "city": 1,
    "initialStart": [
        18.05699,
        59.33522
    ],
    "trips": [
        {
            "summary": {
                "distance": 372.6,
                "duration": 64.3
            },
            "user": {
                "id": 409,
                "token": "eyJhbGciOiJIUzI1NiIsInR5cCI6IkpXVCJ9.eyJpZCI6NDA5LCJyb2xlIjoidXNlciIsImlhdCI6MTcwMDkzNjM2MSwiZXhwIjoxNzMyNDcyMzYxfQ.eukLlJU5lodbktvACxmBIf-a4C7FaRTiYO3sW9evcyI"
            },
            "coords": [
                [
                    18.05699,
                    59.33522
                ],
                [
                    18.05692,
                    59.3352
                ],
                [
                    18.05698,
                    59.33514
                ],
                [
                    18.05582,
                    59.33485
                ],
                [
                    18.05572,
                    59.33482
                ],
                [
                    18.05565,
                    59.33494
                ],
                [
                    18.0553,
                    59.33555
                ],
                [
                    18.05518,
                    59.33559
                ],
                [
                    18.05506,
                    59.33561
                ],
                [
                    18.05467,
                    59.33567
                ],
                [
                    18.05458,
                    59.33566
                ],
                [
                    18.05451,
                    59.33569
                ],
                [
                    18.05419,
                    59.33576
                ],
                [
                    18.05346,
                    59.33601
                ],
                [
                    18.05323,
                    59.33609
                ],
                [
                    18.05305,
                    59.33612
                ],
                [
                    18.05286,
                    59.33611
                ],
                [
                    18.05213,
                    59.33608
                ]
            ]
        },
        {
            "summary": {
                "distance": 1269.9,
                "duration": 502.8
            },
            "user": {
                "id": 410,
                "token": "eyJhbGciOiJIUzI1NiIsInR5cCI6IkpXVCJ9.eyJpZCI6NDEwLCJyb2xlIjoidXNlciIsImlhdCI6MTcwMDkzNjM2MiwiZXhwIjoxNzMyNDcyMzYyfQ.GU1f0k7KG581bAiAKYuWfEnk44fsqqfC0BEGvNQJVto"
            },
            "coords": [
                [
                    18.05213,
                    59.33608
                ],
                [
                    18.05286,
                    59.33611
                ],
                [
                    18.05305,
                    59.33612
                ],
                [
                    18.05323,
                    59.33609
                ],
                [
                    18.05346,
                    59.33601
                ],
                [
                    18.05419,
                    59.33576
                ],
                [
                    18.05436,
                    59.33565
                ],
                [
                    18.0544,
                    59.33561
                ],
                [
                    18.05326,
                    59.33533
                ],
                [
                    18.05314,
                    59.33531
                ],
                [
                    18.05312,
                    59.33528
                ],
                [
                    18.05307,
                    59.33522
                ],
                [
                    18.05304,
                    59.3352
                ],
                [
                    18.05311,
                    59.33515
                ],
                [
                    18.05313,
                    59.33513
                ],
                [
                    18.05322,
                    59.33504
                ],
                [
                    18.05377,
                    59.33447
                ],
                [
                    18.05389,
                    59.33435
                ],
                [
                    18.05392,
                    59.33431
                ],
                [
                    18.05395,
                    59.33428
                ],
                [
                    18.05508,
                    59.33316
                ],
                [
                    18.05547,
                    59.33278
                ],
                [
                    18.05577,
                    59.33266
                ],
                [
                    18.05625,
                    59.3322
                ],
                [
                    18.05629,
                    59.33219
                ],
                [
                    18.05644,
                    59.33218
                ],
                [
                    18.05739,
                    59.33242
                ],
                [
                    18.05744,
                    59.33242
                ],
                [
                    18.05797,
                    59.33185
                ],
                [
                    18.05815,
                    59.33166
                ],
                [
                    18.05808,
                    59.33164
                ],
                [
                    18.05838,
                    59.33131
                ],
                [
                    18.05785,
                    59.33118
                ],
                [
                    18.05787,
                    59.33116
                ],
                [
                    18.05777,
                    59.33114
                ],
                [
                    18.05771,
                    59.33112
                ],
                [
                    18.05737,
                    59.33103
                ],
                [
                    18.05714,
                    59.3311
                ],
                [
                    18.05703,
                    59.33118
                ],
                [
                    18.05628,
                    59.331
                ],
                [
                    18.05623,
                    59.33105
                ],
                [
                    18.05363,
                    59.33321
                ],
                [
                    18.0536,
                    59.33324
                ],
                [
                    18.05357,
                    59.33323
                ]
            ]
        }
    ]
}