{
    "city": 1,
    "initialStart": [
        18.09363,
        59.3096
    ],
    "trips": [
        {
            "summary": {
                "distance": 361.8,
                "duration": 60.4
            },
            "user": {
                "id": 413,
                "token": "eyJhbGciOiJIUzI1NiIsInR5cCI6IkpXVCJ9.eyJpZCI6NDEzLCJyb2xlIjoidXNlciIsImlhdCI6MTcwMDkzNjY2NiwiZXhwIjoxNzMyNDcyNjY2fQ.tH1xWAcxdrlzXWpr-k8qQg8iONhNjGkO8rvQyu56mYc"
            },
            "coords": [
                [
                    18.09363,
                    59.3096
                ],
                [
                    18.09343,
                    59.30963
                ],
                [
                    18.09337,
                    59.30953
                ],
                [
                    18.09375,
                    59.30948
                ],
                [
                    18.09482,
                    59.30932
                ],
                [
                    18.09489,
                    59.30933
                ],
                [
                    18.09493,
                    59.30936
                ],
                [
                    18.09508,
                    59.30933
                ],
                [
                    18.0951,
                    59.30939
                ],
                [
                    18.09515,
                    59.30951
                ],
                [
                    18.09534,
                    59.3099
                ],
                [
                    18.09539,
                    59.30996
                ],
                [
                    18.09596,
                    59.30989
                ],
                [
                    18.0965,
                    59.30981
                ],
                [
                    18.09703,
                    59.30973
                ],
                [
                    18.09731,
                    59.30969
                ],
                [
                    18.09761,
                    59.30965
                ],
                [
                    18.09745,
                    59.30935
                ]
            ]
        },
        {
            "summary": {
                "distance": 314.3,
                "duration": 54.6
            },
            "user": {
                "id": 414,
                "token": "eyJhbGciOiJIUzI1NiIsInR5cCI6IkpXVCJ9.eyJpZCI6NDE0LCJyb2xlIjoidXNlciIsImlhdCI6MTcwMDkzNjY2NiwiZXhwIjoxNzMyNDcyNjY2fQ.A44Px4jA2nNHaTYtkCJS43sOfPHM3RsopUq08zQXeiI"
            },
            "coords": [
                [
                    18.09745,
                    59.30935
                ],
                [
                    18.09761,
                    59.30965
                ],
                [
                    18.09793,
                    59.31022
                ],
                [
                    18.09796,
                    59.31029
                ],
                [
                    18.09821,
                    59.31074
                ],
                [
                    18.09865,
                    59.31157
                ],
                [
                    18.09868,
                    59.31162
                ],
                [
                    18.0978,
                    59.31176
                ]
            ]
        }
    ]
}