{
    "city": 1,
    "initialStart": [
        18.10601,
        59.33671
    ],
    "trips": [
        {
            "summary": {
                "distance": 288.4,
                "duration": 49.7
            },
            "user": {
                "id": 417,
                "token": "eyJhbGciOiJIUzI1NiIsInR5cCI6IkpXVCJ9.eyJpZCI6NDE3LCJyb2xlIjoidXNlciIsImlhdCI6MTcwMDkzNjY2NywiZXhwIjoxNzMyNDcyNjY3fQ.LMarox7AajLZgczCIN5YXOs77VlsNnkCbpoMRR3A4Q8"
            },
            "coords": [
                [
                    18.10601,
                    59.33671
                ],
                [
                    18.10632,
                    59.33653
                ],
                [
                    18.10682,
                    59.33618
                ],
                [
                    18.10721,
                    59.33588
                ],
                [
                    18.10728,
                    59.33578
                ],
                [
                    18.1072,
                    59.33569
                ],
                [
                    18.10695,
                    59.33552
                ],
                [
                    18.1064,
                    59.33516
                ],
                [
                    18.10613,
                    59.33498
                ],
                [
                    18.10605,
                    59.33493
                ],
                [
                    18.10601,
                    59.33491
                ],
                [
                    18.10572,
                    59.33499
                ],
                [
                    18.10549,
                    59.335
                ],
                [
                    18.10534,
                    59.33498
                ]
            ]
        },
        {
            "summary": {
                "distance": "",
                "duration": ""
            },
            "user": {
                "id": 418,
                "token": "eyJhbGciOiJIUzI1NiIsInR5cCI6IkpXVCJ9.eyJpZCI6NDE4LCJyb2xlIjoidXNlciIsImlhdCI6MTcwMDkzNjY2NywiZXhwIjoxNzMyNDcyNjY3fQ.t3PlhTy59neRUuzFz_Gn7Y2O657BnP2kbVwQ-roJA_o"
            },
            "coords": [
                [
                    18.10534,
                    59.33498
                ],
                [
                    18.10549,
                    59.335
                ],
                [
                    18.10572,
                    59.33499
                ],
                [
                    18.10601,
                    59.33491
                ],
                [
                    18.10545,
                    59.33452
                ],
                [
                    18.1051,
                    59.33418
                ],
                [
                    18.10422,
                    59.33358
                ],
                [
                    18.10413,
                    59.33349
                ],
                [
                    18.10405,
                    59.33342
                ],
                [
                    18.10404,
                    59.33336
                ],
                [
                    18.10401,
                    59.3333
                ],
                [
                    18.10376,
                    59.33331
                ],
                [
                    18.10345,
                    59.3333
                ],
                [
                    18.10312,
                    59.33327
                ],
                [
                    18.10294,
                    59.33325
                ],
                [
                    18.10293,
                    59.33325
                ],
                [
                    18.10109,
                    59.3328
                ],
                [
                    18.10115,
                    59.33273
                ],
                [
                    18.10118,
                    59.33269
                ],
                [
                    18.10121,
                    59.33265
                ]
            ]
        }
    ]
}