{
    "city": 1,
    "initialStart": [
        18.05502,
        59.32812
    ],
    "trips": [
        {
            "summary": {
                "distance": 619.9,
                "duration": 134
            },
            "user": {
                "id": 41,
                "token": "eyJhbGciOiJIUzI1NiIsInR5cCI6IkpXVCJ9.eyJpZCI6NDEsInJvbGUiOiJ1c2VyIiwiaWF0IjoxNzAwOTMxNTkzLCJleHAiOjE3MzI0Njc1OTN9.Ypt8S_G4GcOEuM9uS_DUwXs_QwbzBnlfTa5wY5wpOro"
            },
            "coords": [
                [
                    18.05502,
                    59.32812
                ],
                [
                    18.05473,
                    59.3281
                ],
                [
                    18.05474,
                    59.32805
                ],
                [
                    18.05476,
                    59.32799
                ],
                [
                    18.05479,
                    59.32791
                ],
                [
                    18.05513,
                    59.32793
                ],
                [
                    18.05538,
                    59.32796
                ],
                [
                    18.05561,
                    59.32803
                ],
                [
                    18.05591,
                    59.32806
                ],
                [
                    18.05737,
                    59.32819
                ],
                [
                    18.05755,
                    59.3282
                ],
                [
                    18.05778,
                    59.32817
                ],
                [
                    18.05797,
                    59.32813
                ],
                [
                    18.05802,
                    59.32812
                ],
                [
                    18.05809,
                    59.3282
                ],
                [
                    18.05861,
                    59.32812
                ],
                [
                    18.05894,
                    59.32808
                ],
                [
                    18.05936,
                    59.32809
                ],
                [
                    18.06006,
                    59.32816
                ],
                [
                    18.06056,
                    59.32822
                ],
                [
                    18.06147,
                    59.32833
                ],
                [
                    18.0611,
                    59.32848
                ],
                [
                    18.06104,
                    59.32851
                ],
                [
                    18.06098,
                    59.32853
                ],
                [
                    18.06105,
                    59.32857
                ],
                [
                    18.06108,
                    59.32859
                ],
                [
                    18.06127,
                    59.3287
                ],
                [
                    18.0613,
                    59.32871
                ],
                [
                    18.06119,
                    59.32875
                ],
                [
                    18.0611,
                    59.32881
                ],
                [
                    18.0609,
                    59.32903
                ],
                [
                    18.06097,
                    59.32905
                ],
                [
                    18.06124,
                    59.32878
                ],
                [
                    18.06133,
                    59.32874
                ],
                [
                    18.06154,
                    59.32876
                ],
                [
                    18.06194,
                    59.32883
                ]
            ]
        },
        {
            "summary": {
                "distance": 469.7,
                "duration": 128
            },
            "user": {
                "id": 42,
                "token": "eyJhbGciOiJIUzI1NiIsInR5cCI6IkpXVCJ9.eyJpZCI6NDIsInJvbGUiOiJ1c2VyIiwiaWF0IjoxNzAwOTMxNTkzLCJleHAiOjE3MzI0Njc1OTN9.37LUXETPpIyvteSctqK-9tOirMxo_7KaZAs0zGwvkI0"
            },
            "coords": [
                [
                    18.06194,
                    59.32883
                ],
                [
                    18.06154,
                    59.32876
                ],
                [
                    18.06159,
                    59.3287
                ],
                [
                    18.06145,
                    59.32869
                ],
                [
                    18.06127,
                    59.3287
                ],
                [
                    18.06108,
                    59.32859
                ],
                [
                    18.06105,
                    59.32857
                ],
                [
                    18.06098,
                    59.32853
                ],
                [
                    18.06083,
                    59.32858
                ],
                [
                    18.06082,
                    59.32854
                ],
                [
                    18.06072,
                    59.32845
                ],
                [
                    18.0605,
                    59.32833
                ],
                [
                    18.05997,
                    59.32825
                ],
                [
                    18.05914,
                    59.32817
                ],
                [
                    18.05886,
                    59.32819
                ],
                [
                    18.05847,
                    59.32831
                ],
                [
                    18.05845,
                    59.32836
                ],
                [
                    18.05829,
                    59.32843
                ],
                [
                    18.05825,
                    59.32845
                ],
                [
                    18.05809,
                    59.32853
                ],
                [
                    18.05802,
                    59.32853
                ],
                [
                    18.0577,
                    59.32871
                ],
                [
                    18.05743,
                    59.32882
                ],
                [
                    18.05728,
                    59.32872
                ],
                [
                    18.05711,
                    59.32861
                ],
                [
                    18.05679,
                    59.32865
                ],
                [
                    18.05627,
                    59.32879
                ],
                [
                    18.05528,
                    59.3291
                ]
            ]
        }
    ]
}