{
    "city": 1,
    "initialStart": [
        18.04611,
        59.34313
    ],
    "trips": [
        {
            "summary": {
                "distance": 411.8,
                "duration": 107.5
            },
            "user": {
                "id": 421,
                "token": "eyJhbGciOiJIUzI1NiIsInR5cCI6IkpXVCJ9.eyJpZCI6NDIxLCJyb2xlIjoidXNlciIsImlhdCI6MTcwMDkzNjY2OCwiZXhwIjoxNzMyNDcyNjY4fQ.lMmhHLWwpoNFcDPGEq4KB8BVtKa_Bno9DO6gK98UyUA"
            },
            "coords": [
                [
                    18.04611,
                    59.34313
                ],
                [
                    18.0462,
                    59.34304
                ],
                [
                    18.0461,
                    59.343
                ],
                [
                    18.04625,
                    59.34301
                ],
                [
                    18.04629,
                    59.34308
                ],
                [
                    18.04547,
                    59.3439
                ],
                [
                    18.04516,
                    59.3442
                ],
                [
                    18.04508,
                    59.34428
                ],
                [
                    18.04494,
                    59.34425
                ],
                [
                    18.04362,
                    59.34391
                ],
                [
                    18.04346,
                    59.34387
                ],
                [
                    18.04338,
                    59.34395
                ],
                [
                    18.04328,
                    59.34392
                ],
                [
                    18.04327,
                    59.34394
                ],
                [
                    18.04312,
                    59.34409
                ],
                [
                    18.04245,
                    59.34478
                ]
            ]
        },
        {
            "summary": {
                "distance": "",
                "duration": ""
            },
            "user": {
                "id": 422,
                "token": "eyJhbGciOiJIUzI1NiIsInR5cCI6IkpXVCJ9.eyJpZCI6NDIyLCJyb2xlIjoidXNlciIsImlhdCI6MTcwMDkzNjY2OCwiZXhwIjoxNzMyNDcyNjY4fQ.7Bo3oVMALoqMaHbHYnfPKwyZ6EnnJITMFYdeoe4LNhY"
            },
            "coords": [
                [
                    18.04244,
                    59.34478
                ],
                [
                    18.04214,
                    59.34508
                ],
                [
                    18.04202,
                    59.34521
                ],
                [
                    18.04182,
                    59.34543
                ],
                [
                    18.0419,
                    59.34545
                ],
                [
                    18.04182,
                    59.34553
                ],
                [
                    18.04166,
                    59.34548
                ],
                [
                    18.04152,
                    59.34545
                ],
                [
                    18.04047,
                    59.34518
                ],
                [
                    18.04023,
                    59.34516
                ],
                [
                    18.04016,
                    59.34515
                ],
                [
                    18.03995,
                    59.34534
                ],
                [
                    18.03982,
                    59.34534
                ],
                [
                    18.03966,
                    59.34536
                ],
                [
                    18.03959,
                    59.34535
                ],
                [
                    18.03925,
                    59.34526
                ],
                [
                    18.03915,
                    59.34519
                ],
                [
                    18.03874,
                    59.34522
                ],
                [
                    18.03845,
                    59.34529
                ],
                [
                    18.0377,
                    59.34546
                ]
            ]
        }
    ]
}