{
    "city": 1,
    "initialStart": [
        18.07404,
        59.34317
    ],
    "trips": [
        {
            "summary": {
                "distance": 368.4,
                "duration": 80.3
            },
            "user": {
                "id": 437,
                "token": "eyJhbGciOiJIUzI1NiIsInR5cCI6IkpXVCJ9.eyJpZCI6NDM3LCJyb2xlIjoidXNlciIsImlhdCI6MTcwMDkzNzA5NywiZXhwIjoxNzMyNDczMDk3fQ.Su32s6B-fqI5YbOBTc_3RdtESRi1gexo7fQfceY-Qqo"
            },
            "coords": [
                [
                    18.07404,
                    59.34317
                ],
                [
                    18.07367,
                    59.34271
                ],
                [
                    18.07467,
                    59.34251
                ],
                [
                    18.07529,
                    59.34238
                ],
                [
                    18.07543,
                    59.34233
                ],
                [
                    18.0756,
                    59.3423
                ],
                [
                    18.07604,
                    59.34221
                ],
                [
                    18.07643,
                    59.34213
                ],
                [
                    18.07649,
                    59.34212
                ],
                [
                    18.07714,
                    59.34198
                ],
                [
                    18.07732,
                    59.34195
                ],
                [
                    18.07744,
                    59.34193
                ],
                [
                    18.07752,
                    59.34192
                ],
                [
                    18.07765,
                    59.34189
                ],
                [
                    18.07769,
                    59.34195
                ],
                [
                    18.07811,
                    59.34247
                ]
            ]
        },
        {
            "summary": {
                "distance": 467.8,
                "duration": 137.6
            },
            "user": {
                "id": 438,
                "token": "eyJhbGciOiJIUzI1NiIsInR5cCI6IkpXVCJ9.eyJpZCI6NDM4LCJyb2xlIjoidXNlciIsImlhdCI6MTcwMDkzNzA5NywiZXhwIjoxNzMyNDczMDk3fQ.9i2HsDKW5zDsS8Hx9WrTYRTxzPtfmCVTUmEiFvSZt48"
            },
            "coords": [
                [
                    18.07811,
                    59.34247
                ],
                [
                    18.07769,
                    59.34195
                ],
                [
                    18.07765,
                    59.34189
                ],
                [
                    18.07752,
                    59.34192
                ],
                [
                    18.0783,
                    59.34286
                ],
                [
                    18.07854,
                    59.34316
                ],
                [
                    18.07874,
                    59.34337
                ],
                [
                    18.07885,
                    59.34348
                ],
                [
                    18.07893,
                    59.3435
                ],
                [
                    18.07904,
                    59.34357
                ],
                [
                    18.07919,
                    59.34362
                ],
                [
                    18.07939,
                    59.3438
                ],
                [
                    18.07946,
                    59.34388
                ],
                [
                    18.07952,
                    59.34385
                ],
                [
                    18.07959,
                    59.34382
                ],
                [
                    18.08026,
                    59.34365
                ],
                [
                    18.08072,
                    59.34354
                ],
                [
                    18.08085,
                    59.3435
                ],
                [
                    18.08098,
                    59.34351
                ],
                [
                    18.08172,
                    59.34332
                ]
            ]
        }
    ]
}