{
    "city": 1,
    "initialStart": [
        18.05477,
        59.34978
    ],
    "trips": [
        {
            "summary": {
                "distance": 938.2,
                "duration": 197
            },
            "user": {
                "id": 43,
                "token": "eyJhbGciOiJIUzI1NiIsInR5cCI6IkpXVCJ9.eyJpZCI6NDMsInJvbGUiOiJ1c2VyIiwiaWF0IjoxNzAwOTMxNTkzLCJleHAiOjE3MzI0Njc1OTN9.bA5wI2O7eK_o3fZVe1mDP01CCYXINS33kkz4FN9c9K0"
            },
            "coords": [
                [
                    18.05477,
                    59.34978
                ],
                [
                    18.05489,
                    59.3498
                ],
                [
                    18.05549,
                    59.34965
                ],
                [
                    18.05555,
                    59.34958
                ],
                [
                    18.05619,
                    59.34974
                ],
                [
                    18.05591,
                    59.35004
                ],
                [
                    18.0559,
                    59.35005
                ],
                [
                    18.05622,
                    59.35013
                ],
                [
                    18.0563,
                    59.35015
                ],
                [
                    18.05619,
                    59.35026
                ],
                [
                    18.0556,
                    59.35087
                ],
                [
                    18.05573,
                    59.35099
                ],
                [
                    18.05574,
                    59.35101
                ],
                [
                    18.05634,
                    59.35098
                ],
                [
                    18.05681,
                    59.35089
                ],
                [
                    18.05706,
                    59.35083
                ],
                [
                    18.05742,
                    59.35071
                ],
                [
                    18.05748,
                    59.35074
                ],
                [
                    18.05753,
                    59.35077
                ],
                [
                    18.05766,
                    59.35084
                ],
                [
                    18.05772,
                    59.35087
                ],
                [
                    18.05779,
                    59.35091
                ],
                [
                    18.05783,
                    59.35089
                ],
                [
                    18.0588,
                    59.35041
                ],
                [
                    18.05895,
                    59.35034
                ],
                [
                    18.05898,
                    59.35035
                ],
                [
                    18.05901,
                    59.35037
                ],
                [
                    18.05907,
                    59.35051
                ],
                [
                    18.05912,
                    59.35077
                ],
                [
                    18.05907,
                    59.351
                ],
                [
                    18.05902,
                    59.35109
                ],
                [
                    18.05894,
                    59.35118
                ],
                [
                    18.05877,
                    59.35132
                ],
                [
                    18.05831,
                    59.35174
                ],
                [
                    18.05816,
                    59.35188
                ],
                [
                    18.05798,
                    59.35204
                ],
                [
                    18.05804,
                    59.35208
                ],
                [
                    18.05804,
                    59.35216
                ],
                [
                    18.05819,
                    59.35217
                ],
                [
                    18.05868,
                    59.35217
                ],
                [
                    18.05867,
                    59.35209
                ],
                [
                    18.05868,
                    59.35195
                ],
                [
                    18.05868,
                    59.35194
                ],
                [
                    18.05888,
                    59.35189
                ],
                [
                    18.05907,
                    59.35188
                ],
                [
                    18.0593,
                    59.35178
                ],
                [
                    18.05978,
                    59.35156
                ],
                [
                    18.05989,
                    59.35156
                ],
                [
                    18.05995,
                    59.35157
                ],
                [
                    18.06007,
                    59.35161
                ],
                [
                    18.06013,
                    59.35154
                ],
                [
                    18.06029,
                    59.35143
                ],
                [
                    18.06059,
                    59.35123
                ],
                [
                    18.06064,
                    59.3512
                ],
                [
                    18.0608,
                    59.35108
                ]
            ]
        },
        {
            "summary": {
                "distance": 855.8,
                "duration": 158.8
            },
            "user": {
                "id": 44,
                "token": "eyJhbGciOiJIUzI1NiIsInR5cCI6IkpXVCJ9.eyJpZCI6NDQsInJvbGUiOiJ1c2VyIiwiaWF0IjoxNzAwOTMxNTk0LCJleHAiOjE3MzI0Njc1OTR9.LHGAjw32NcJfb9avA0bIaLAr8G0OLfQiEkZFCST1im8"
            },