{
    "city": 1,
    "initialStart": [
        18.03378,
        59.33043
    ],
    "trips": [
        {
            "summary": {
                "distance": 349.7,
                "duration": 69.6
            },
            "user": {
                "id": 451,
                "token": "eyJhbGciOiJIUzI1NiIsInR5cCI6IkpXVCJ9.eyJpZCI6NDUxLCJyb2xlIjoidXNlciIsImlhdCI6MTcwMDkzNzI5NywiZXhwIjoxNzMyNDczMjk3fQ.CEqKUCEOPHn20gG24C_9MskFV_BEmVjW3QooQqrsg8Y"
            },
            "coords": [
                [
                    18.03378,
                    59.33043
                ],
                [
                    18.03364,
                    59.33046
                ],
                [
                    18.0332,
                    59.33055
                ],
                [
                    18.03325,
                    59.33061
                ],
                [
                    18.03469,
                    59.33031
                ],
                [
                    18.03614,
                    59.32998
                ],
                [
                    18.03632,
                    59.32994
                ],
                [
                    18.03654,
                    59.32991
                ],
                [
                    18.0375,
                    59.32977
                ],
                [
                    18.03771,
                    59.33018
                ]
            ]
        },
        {
            "summary": {
                "distance": "",
                "duration": ""
            },
            "user": {
                "id": 452,
                "token": "eyJhbGciOiJIUzI1NiIsInR5cCI6IkpXVCJ9.eyJpZCI6NDUyLCJyb2xlIjoidXNlciIsImlhdCI6MTcwMDkzNzI5OCwiZXhwIjoxNzMyNDczMjk4fQ.vH6JRtGcPjuf11x7cybrzYZxgQUmSkPwbhsozpvWGv8"
            },
            "coords": [
                [
                    18.03771,
                    59.33018
                ],
                [
                    18.0375,
                    59.32977
                ],
                [
                    18.03654,
                    59.32991
                ],
                [
                    18.03632,
                    59.32994
                ],
                [
                    18.03629,
                    59.32987
                ],
                [
                    18.03623,
                    59.32978
                ],
                [
                    18.03599,
                    59.32928
                ],
                [
                    18.0354,
                    59.32936
                ],
                [
                    18.03534,
                    59.32941
                ],
                [
                    18.03509,
                    59.32945
                ],
                [
                    18.03503,
                    59.32943
                ],
                [
                    18.035,
                    59.32939
                ],
                [
                    18.03505,
                    59.32935
                ],
                [
                    18.03529,
                    59.32932
                ],
                [
                    18.0353,
                    59.32927
                ],
                [
                    18.03513,
                    59.32895
                ],
                [
                    18.03505,
                    59.32891
                ],
                [
                    18.03435,
                    59.32902
                ],
                [
                    18.03432,
                    59.32902
                ],
                [
                    18.03427,
                    59.32903
                ]
            ]
        }
    ],
    "apiKey": "1aed1e0a2230443044739e666ae5e74b"
}