{
    "city": 1,
    "initialStart": [
        18.04572,
        59.34377
    ],
    "trips": [
        {
            "summary": {
                "distance": 543.6,
                "duration": 107.2
            },
            "user": {
                "id": 463,
                "token": "eyJhbGciOiJIUzI1NiIsInR5cCI6IkpXVCJ9.eyJpZCI6NDYzLCJyb2xlIjoidXNlciIsImlhdCI6MTcwMDkzNzMwMCwiZXhwIjoxNzMyNDczMzAwfQ.Y0gSMXXsje1cSTfSZkcJX1goWXx5EbmxCh7XWzMEl0g"
            },
            "coords": [
                [
                    18.04572,
                    59.34377
                ],
                [
                    18.0454,
                    59.3441
                ],
                [
                    18.04527,
                    59.34423
                ],
                [
                    18.04516,
                    59.3442
                ],
                [
                    18.04508,
                    59.34428
                ],
                [
                    18.04494,
                    59.34425
                ],
                [
                    18.04362,
                    59.34391
                ],
                [
                    18.04346,
                    59.34387
                ],
                [
                    18.04354,
                    59.34379
                ],
                [
                    18.04437,
                    59.34295
                ],
                [
                    18.04449,
                    59.34283
                ],
                [
                    18.04458,
                    59.34275
                ],
                [
                    18.04468,
                    59.34264
                ],
                [
                    18.04562,
                    59.34169
                ],
                [
                    18.04569,
                    59.34162
                ],
                [
                    18.04546,
                    59.34156
                ],
                [
                    18.04432,
                    59.34127
                ]
            ]
        },
        {
            "summary": {
                "distance": 449.7,
                "duration": 80.8
            },
            "user": {
                "id": 464,
                "token": "eyJhbGciOiJIUzI1NiIsInR5cCI6IkpXVCJ9.eyJpZCI6NDY0LCJyb2xlIjoidXNlciIsImlhdCI6MTcwMDkzNzMwMCwiZXhwIjoxNzMyNDczMzAwfQ.P-Cj4oWiBISyuFgGPHSNI6HamI_qabaLrg1tcXDpzQQ"
            },
            "coords": [
                [
                    18.04432,
                    59.34127
                ],
                [
                    18.04402,
                    59.34119
                ],
                [
                    18.04394,
                    59.34127
                ],
                [
                    18.04276,
                    59.34245
                ],
                [
                    18.04272,
                    59.34259
                ],
                [
                    18.04271,
                    59.34269
                ],
                [
                    18.04416,
                    59.34274
                ],
                [
                    18.04458,
                    59.34275
                ],
                [
                    18.04489,
                    59.34276
                ],
                [
                    18.04554,
                    59.34279
                ],
                [
                    18.04638,
                    59.34281
                ],
                [
                    18.04636,
                    59.34295
                ],
                [
                    18.04635,
                    59.34301
                ],
                [
                    18.04639,
                    59.34301
                ],
                [
                    18.04642,
                    59.34297
                ],
                [
                    18.04643,
                    59.34292
                ],
                [
                    18.04644,
                    59.3429
                ]
            ]
        }
    ],
    "apiKey": "c33a929dca16d3c7fe46f953a5d5c82a"
}