{
    "city": 1,
    "initialStart": [
        18.0884,
        59.33212
    ],
    "trips": [
        {
            "summary": {
                "distance": 426.2,
                "duration": 79.5
            },
            "user": {
                "id": 471,
                "token": "eyJhbGciOiJIUzI1NiIsInR5cCI6IkpXVCJ9.eyJpZCI6NDcxLCJyb2xlIjoidXNlciIsImlhdCI6MTcwMDkzNzM3MSwiZXhwIjoxNzMyNDczMzcxfQ.ngSqv8xKcYSdlCmM8pxu0oK14i6w9hy8rej-12-1lWQ"
            },
            "coords": [
                [
                    18.0884,
                    59.33212
                ],
                [
                    18.08837,
                    59.33207
                ],
                [
                    18.08847,
                    59.33206
                ],
                [
                    18.08857,
                    59.33208
                ],
                [
                    18.08882,
                    59.33241
                ],
                [
                    18.08887,
                    59.33248
                ],
                [
                    18.08892,
                    59.33255
                ],
                [
                    18.08981,
                    59.33372
                ],
                [
                    18.08962,
                    59.33376
                ],
                [
                    18.08813,
                    59.33407
                ],
                [
                    18.08799,
                    59.3341
                ],
                [
                    18.08794,
                    59.33413
                ],
                [
                    18.08797,
                    59.33416
                ],
                [
                    18.08827,
                    59.33453
                ],
                [
                    18.08871,
                    59.33444
                ],
                [
                    18.08866,
                    59.33438
                ],
                [
                    18.08858,
                    59.33428
                ],
                [
                    18.08863,
                    59.33427
                ]
            ]
        },
        {
            "summary": {
                "distance": 321,
                "duration": 83.3
            },
            "user": {
                "id": 472,
                "token": "eyJhbGciOiJIUzI1NiIsInR5cCI6IkpXVCJ9.eyJpZCI6NDcyLCJyb2xlIjoidXNlciIsImlhdCI6MTcwMDkzNzM3MSwiZXhwIjoxNzMyNDczMzcxfQ.OnbX8GP3oBETO4D7x86ImNq-4OmfQaRBMuDbXqBfrU0"
            },
            "coords": [
                [
                    18.08863,
                    59.33427
                ],
                [
                    18.08858,
                    59.33428
                ],
                [
                    18.08866,
                    59.33438
                ],
                [
                    18.08871,
                    59.33444
                ],
                [
                    18.08827,
                    59.33453
                ],
                [
                    18.08838,
                    59.33467
                ],
                [
                    18.08791,
                    59.33477
                ],
                [
                    18.08757,
                    59.33484
                ],
                [
                    18.0872,
                    59.33492
                ],
                [
                    18.08709,
                    59.33494
                ],
                [
                    18.08758,
                    59.33562
                ],
                [
                    18.08765,
                    59.33571
                ],
                [
                    18.08771,
                    59.3358
                ],
                [
                    18.0876,
                    59.33582
                ],
                [
                    18.08802,
                    59.3364
                ]
            ]
        }
    ]
}