{
    "city": 1,
    "initialStart": [
        18.04492,
        59.32683
    ],
    "trips": [
        {
            "summary": {
                "distance": 481.9,
                "duration": 95.3
            },
            "user": {
                "id": 47,
                "token": "eyJhbGciOiJIUzI1NiIsInR5cCI6IkpXVCJ9.eyJpZCI6NDcsInJvbGUiOiJ1c2VyIiwiaWF0IjoxNzAwOTMxODUyLCJleHAiOjE3MzI0Njc4NTJ9.XYj8djw7XbIUpjZPkjixhl_CnYxkIAR7WNs3ZDbPZb0"
            },
            "coords": [
                [
                    18.04492,
                    59.32683
                ],
                [
                    18.04578,
                    59.32683
                ],
                [
                    18.04578,
                    59.32674
                ],
                [
                    18.04597,
                    59.32675
                ],
                [
                    18.04597,
                    59.32665
                ],
                [
                    18.04578,
                    59.32667
                ],
                [
                    18.04563,
                    59.32669
                ],
                [
                    18.04374,
                    59.32671
                ],
                [
                    18.04354,
                    59.32669
                ],
                [
                    18.04336,
                    59.32671
                ],
                [
                    18.04283,
                    59.32671
                ],
                [
                    18.04215,
                    59.32667
                ],
                [
                    18.04205,
                    59.32665
                ],
                [
                    18.04177,
                    59.32655
                ],
                [
                    18.04166,
                    59.32653
                ],
                [
                    18.04149,
                    59.32653
                ],
                [
                    18.04138,
                    59.32655
                ],
                [
                    18.04063,
                    59.32667
                ],
                [
                    18.04011,
                    59.32683
                ],
                [
                    18.03914,
                    59.32697
                ]
            ]
        },
        {
            "summary": {
                "distance": 2834.6,
                "duration": 544.9
            },
            "user": {
                "id": 48,
                "token": "eyJhbGciOiJIUzI1NiIsInR5cCI6IkpXVCJ9.eyJpZCI6NDgsInJvbGUiOiJ1c2VyIiwiaWF0IjoxNzAwOTMxODUyLCJleHAiOjE3MzI0Njc4NTJ9.6aQ-Sg7n7L7lJYjedxsEpExhEciF1JfscJrlfBUev6s"
            },
            "coords": [
                [
                    18.03914,
                    59.32697
                ],
                [
                    18.0382,
                    59.32711
                ],
                [
                    18.03642,
                    59.32739
                ],
                [
                    18.03637,
                    59.3274
                ],
                [
                    18.03491,
                    59.32762
                ],
                [
                    18.03236,
                    59.328
                ],
                [
                    18.03138,
                    59.3281
                ],
                [
                    18.02987,
                    59.32829
                ],
                [
                    18.02836,
                    59.32854
                ],
                [
                    18.02822,
                    59.32857
                ],
                [
                    18.02804,
                    59.32844
                ],
                [
                    18.02713,
                    59.32788
                ],
                [
                    18.02685,
                    59.32766
                ],
                [
                    18.02644,
                    59.32729
                ],
                [
                    18.02632,
                    59.32719
                ],
                [
                    18.02611,
                    59.32701
                ],
                [
                    18.02526,
                    59.32655
                ],
                [
                    18.02502,
                    59.32649
                ],
                [
                    18.02472,
                    59.32644
                ],
                [
                    18.02441,
                    59.32642
                ],
                [
                    18.02423,
                    59.32654
                ],
                [
                    18.02408,
                    59.3266
                ],
                [
                    18.02389,
                    59.32673
                ],
                [
                    18.02382,
                    59.32686
                ],
                [
                    18.02362,
                    59.32708
                ],
                [
                    18.02374,
                    59.32713
                ],
                [
                    18.0243,
                    59.32667
                ],
                [
                    18.02518,
                    59.32598
                ],
                [
                    18.0279,
                    59.32373
                ],
                [
                    18.02824,
                    59.32343
                ],
                [
                    18.02991,
                    59.32204
                ],
                [
                    18.03031,
                    59.3216
                ],
                [
                    18.03053,
                    59.32129
                ],
                [
                    18.03171,
                    59.31914
                ],
                [
                    18.03176,
                    59.31889
                ],
                [
                    18.03183,
                    59.31874
                ],
                [
                    18.03197,
                    59.31876
                ],
                [
                    18.03211,
                    59.31878
                ],
                [
                    18.03224,
                    59.3188
                ],
                [
                    18.03216,
                    59.31898
                ],
                [
                    18.03221,
                    59.31898
                ],
                [
                    18.03279,
                    59.31904
                ],
                [
                    18.03295,
                    59.31909
                ],
                [
                    18.03311,
                    59.31923
                ],
                [
                    18.03319,
                    59.31938
                ],
                [
                    18.03319,
                    59.31946
                ],
                [
                    18.03316,
                    59.31958
                ],
                [
                    18.03378,
                    59.31971
                ],
                [
                    18.03389,
                    59.31973
                ],
                [
                    18.0343,
                    59.31982
                ],
                [
                    18.0344,
                    59.31984
                ],
                [
                    18.03437,
                    59.3199
                ],
                [
                    18.03435,
                    59.31993
                ],
                [
                    18.03407,
                    59.32042
                ],
