{
    "city": 1,
    "initialStart": [
        18.0531,
        59.34346
    ],
    "trips": [
        {
            "summary": {
                "distance": 414.4,
                "duration": 87.1
            },
            "user": {
                "id": 479,
                "token": "eyJhbGciOiJIUzI1NiIsInR5cCI6IkpXVCJ9.eyJpZCI6NDc5LCJyb2xlIjoidXNlciIsImlhdCI6MTcwMDkzNzM3MiwiZXhwIjoxNzMyNDczMzcyfQ.ONeivQ2HVILR9JAyDxx3otyKHzVSEhw7SyI6zQ12DHQ"
            },
            "coords": [
                [
                    18.0531,
                    59.34346
                ],
                [
                    18.0522,
                    59.34324
                ],
                [
                    18.05223,
                    59.3432
                ],
                [
                    18.05228,
                    59.34315
                ],
                [
                    18.05357,
                    59.34347
                ],
                [
                    18.05349,
                    59.34356
                ],
                [
                    18.05332,
                    59.34352
                ],
                [
                    18.05329,
                    59.34356
                ],
                [
                    18.05323,
                    59.34365
                ],
                [
                    18.05273,
                    59.34417
                ],
                [
                    18.05267,
                    59.34424
                ],
                [
                    18.05191,
                    59.34507
                ],
                [
                    18.05202,
                    59.34509
                ],
                [
                    18.05167,
                    59.34546
                ]
            ]
        },
        {
            "summary": {
                "distance": 367.7,
                "duration": 88.2
            },
            "user": {
                "id": 480,
                "token": "eyJhbGciOiJIUzI1NiIsInR5cCI6IkpXVCJ9.eyJpZCI6NDgwLCJyb2xlIjoidXNlciIsImlhdCI6MTcwMDkzNzM3MiwiZXhwIjoxNzMyNDczMzcyfQ.8QhLAYkbfmb6eK1yQz6Aww-ZU1Z_8A830y8oB7Bvhbk"
            },
            "coords": [
                [
                    18.05167,
                    59.34546
                ],
                [
                    18.05135,
                    59.34581
                ],
                [
                    18.05125,
                    59.34578
                ],
                [
                    18.05119,
                    59.34585
                ],
                [
                    18.05137,
                    59.3459
                ],
                [
                    18.05156,
                    59.34595
                ],
                [
                    18.05172,
                    59.34599
                ],
                [
                    18.05204,
                    59.34607
                ],
                [
                    18.05238,
                    59.34615
                ],
                [
                    18.05307,
                    59.34632
                ],
                [
                    18.05313,
                    59.34634
                ],
                [
                    18.0532,
                    59.34636
                ],
                [
                    18.05336,
                    59.3464
                ],
                [
                    18.05345,
                    59.34642
                ],
                [
                    18.05351,
                    59.34644
                ],
                [
                    18.05411,
                    59.34659
                ],
                [
                    18.05531,
                    59.34691
                ],
                [
                    18.05527,
                    59.34695
                ],
                [
                    18.05501,
                    59.34688
                ],
                [
                    18.05453,
                    59.34692
                ]
            ]
        }
    ],
    "apiKey": "3748567a397ed978dd96e6291fd2680f"
}