{
    "city": 1,
    "initialStart": [
        18.08479,
        59.3406
    ],
    "trips": [
        {
            "summary": {
                "distance": 363.2,
                "duration": 84
            },
            "user": {
                "id": 489,
                "token": "eyJhbGciOiJIUzI1NiIsInR5cCI6IkpXVCJ9.eyJpZCI6NDg5LCJyb2xlIjoidXNlciIsImlhdCI6MTcwMDkzNzQ4MSwiZXhwIjoxNzMyNDczNDgxfQ.6XTHoSX7i8oGxMgPjGtdYrPat2b2cQpsoLR7mxPqiYY"
            },
            "coords": [
                [
                    18.08479,
                    59.3406
                ],
                [
                    18.08472,
                    59.34051
                ],
                [
                    18.08469,
                    59.34051
                ],
                [
                    18.08465,
                    59.34045
                ],
                [
                    18.08385,
                    59.34061
                ],
                [
                    18.08372,
                    59.34064
                ],
                [
                    18.08356,
                    59.34067
                ],
                [
                    18.08238,
                    59.34091
                ],
                [
                    18.08221,
                    59.34094
                ],
                [
                    18.08208,
                    59.34097
                ],
                [
                    18.08041,
                    59.34132
                ],
                [
                    18.08026,
                    59.34134
                ],
                [
                    18.0802,
                    59.34126
                ],
                [
                    18.08009,
                    59.34128
                ],
                [
                    18.0797,
                    59.34079
                ]
            ]
        },
        {
            "summary": {
                "distance": 326.3,
                "duration": 93.5
            },
            "user": {
                "id": 490,
                "token": "eyJhbGciOiJIUzI1NiIsInR5cCI6IkpXVCJ9.eyJpZCI6NDkwLCJyb2xlIjoidXNlciIsImlhdCI6MTcwMDkzNzQ4MiwiZXhwIjoxNzMyNDczNDgyfQ.oZ3Rmxd9AkLed0Vv1JAZbnbnVIAW0QExq3wb8ULEvFg"
            },
            "coords": [
                [
                    18.0797,
                    59.34079
                ],
                [
                    18.07917,
                    59.34012
                ],
                [
                    18.07921,
                    59.34011
                ],
                [
                    18.07915,
                    59.34004
                ],
                [
                    18.07909,
                    59.34006
                ],
                [
                    18.07807,
                    59.34027
                ],
                [
                    18.07795,
                    59.34029
                ],
                [
                    18.0779,
                    59.3403
                ],
                [
                    18.07662,
                    59.34057
                ],
                [
                    18.07648,
                    59.3406
                ],
                [
                    18.0764,
                    59.34062
                ],
                [
                    18.07624,
                    59.34065
                ],
                [
                    18.07627,
                    59.3407
                ],
                [
                    18.07543,
                    59.34087
                ]
            ]
        }
    ]
}