{
    "city": 1,
    "initialStart": [
        18.0797,
        59.34318
    ],
    "trips": [
        {
            "summary": {
                "distance": 380.9,
                "duration": 79.7
            },
            "user": {
                "id": 499,
                "token": "eyJhbGciOiJIUzI1NiIsInR5cCI6IkpXVCJ9.eyJpZCI6NDk5LCJyb2xlIjoidXNlciIsImlhdCI6MTcwMDkzNzQ4MywiZXhwIjoxNzMyNDczNDgzfQ.AX598mM_d9cf_VEFIdLUIl0UWW4uKorU84JhBxFGyXA"
            },
            "coords": [
                [
                    18.0797,
                    59.34318
                ],
                [
                    18.07892,
                    59.34338
                ],
                [
                    18.07882,
                    59.34336
                ],
                [
                    18.07874,
                    59.34337
                ],
                [
                    18.07885,
                    59.34348
                ],
                [
                    18.07893,
                    59.3435
                ],
                [
                    18.07904,
                    59.34357
                ],
                [
                    18.07919,
                    59.34362
                ],
                [
                    18.07904,
                    59.34366
                ],
                [
                    18.07902,
                    59.34367
                ],
                [
                    18.07888,
                    59.34371
                ],
                [
                    18.07881,
                    59.34373
                ],
                [
                    18.07789,
                    59.34394
                ],
                [
                    18.07798,
                    59.34404
                ],
                [
                    18.07644,
                    59.34442
                ],
                [
                    18.07635,
                    59.34433
                ],
                [
                    18.07619,
                    59.34437
                ],
                [
                    18.07637,
                    59.34456
                ],
                [
                    18.07644,
                    59.34462
                ],
                [
                    18.07681,
                    59.34489
                ]
            ]
        },
        {
            "summary": {
                "distance": 366,
                "duration": 59.9
            },
            "user": {
                "id": 500,
                "token": "eyJhbGciOiJIUzI1NiIsInR5cCI6IkpXVCJ9.eyJpZCI6NTAwLCJyb2xlIjoidXNlciIsImlhdCI6MTcwMDkzNzQ4MywiZXhwIjoxNzMyNDczNDgzfQ.1zlXmGq3ZIzC5JE9EV4r_b0BiRV5W6g91TQG_aXx2II"
            },
            "coords": [
                [
                    18.07681,
                    59.34489
                ],
                [
                    18.07644,
                    59.34462
                ],
                [
                    18.07637,
                    59.34456
                ],
                [
                    18.07619,
                    59.34437
                ],
                [
                    18.07602,
                    59.34441
                ],
                [
                    18.0759,
                    59.34444
                ],
                [
                    18.07405,
                    59.34489
                ],
                [
                    18.07396,
                    59.34492
                ],
                [
                    18.07391,
                    59.34485
                ],
                [
                    18.07384,
                    59.34483
                ],
                [
                    18.07362,
                    59.34489
                ],
                [
                    18.07354,
                    59.3449
                ],
                [
                    18.07339,
                    59.34493
                ],
                [
                    18.07327,
                    59.34496
                ],
                [
                    18.07319,
                    59.34501
                ],
                [
                    18.07296,
                    59.34513
                ],
                [
                    18.07191,
                    59.34539
                ],
                [
                    18.07166,
                    59.34546
                ],
                [
                    18.07167,
                    59.34546
                ]
            ]
        }
    ],
    "apiKey": "5f4df575e57aa6514895bf397ab6620b"
}