{
    "city": 1,
    "initialStart": [
        18.06871,
        59.34414
    ],
    "trips": [
        {
            "summary": {
                "distance": 267.3,
                "duration": 53.7
            },
            "user": {
                "id": 503,
                "token": "eyJhbGciOiJIUzI1NiIsInR5cCI6IkpXVCJ9.eyJpZCI6NTAzLCJyb2xlIjoidXNlciIsImlhdCI6MTcwMDkzNzQ4NCwiZXhwIjoxNzMyNDczNDg0fQ.ei69BDV-9ZCBCsFRcAg1mfaU3cZJBGcG7ILUL5GonD4"
            },
            "coords": [
                [
                    18.06871,
                    59.34414
                ],
                [
                    18.0688,
                    59.34427
                ],
                [
                    18.06881,
                    59.34432
                ],
                [
                    18.06871,
                    59.34436
                ],
                [
                    18.06878,
                    59.34442
                ],
                [
                    18.06794,
                    59.34478
                ],
                [
                    18.06674,
                    59.34531
                ],
                [
                    18.06665,
                    59.34534
                ],
                [
                    18.06654,
                    59.34535
                ],
                [
                    18.0661,
                    59.34534
                ],
                [
                    18.06535,
                    59.34532
                ]
            ]
        },
        {
            "summary": {
                "distance": "",
                "duration": ""
            },
            "user": {
                "id": 504,
                "token": "eyJhbGciOiJIUzI1NiIsInR5cCI6IkpXVCJ9.eyJpZCI6NTA0LCJyb2xlIjoidXNlciIsImlhdCI6MTcwMDkzNzQ4NCwiZXhwIjoxNzMyNDczNDg0fQ.xsUBLK7umziLIk7ikfsd8IxvIOqI-lv0Hhr4SYMG1r4"
            },
            "coords": [
                [
                    18.06535,
                    59.34532
                ],
                [
                    18.06536,
                    59.34523
                ],
                [
                    18.06519,
                    59.34521
                ],
                [
                    18.06501,
                    59.34526
                ],
                [
                    18.06403,
                    59.34524
                ],
                [
                    18.06372,
                    59.34506
                ],
                [
                    18.06356,
                    59.34505
                ],
                [
                    18.0635,
                    59.34499
                ],
                [
                    18.06338,
                    59.34502
                ],
                [
                    18.06333,
                    59.34502
                ],
                [
                    18.06321,
                    59.34499
                ],
                [
                    18.06302,
                    59.34492
                ],
                [
                    18.06301,
                    59.34488
                ],
                [
                    18.06301,
                    59.34448
                ],
                [
                    18.06293,
                    59.34446
                ],
                [
                    18.06293,
                    59.34411
                ],
                [
                    18.06289,
                    59.34397
                ],
                [
                    18.06284,
                    59.34394
                ],
                [
                    18.06279,
                    59.34396
                ],
                [
                    18.06284,
                    59.34399
                ]
            ]
        }
    ]
}