{
    "city": 1,
    "initialStart": [
        18.03288,
        59.34983
    ],
    "trips": [
        {
            "summary": {
                "distance": 422.9,
                "duration": 71.4
            },
            "user": {
                "id": 515,
                "token": "eyJhbGciOiJIUzI1NiIsInR5cCI6IkpXVCJ9.eyJpZCI6NTE1LCJyb2xlIjoidXNlciIsImlhdCI6MTcwMDkzNzU4MywiZXhwIjoxNzMyNDczNTgzfQ.QgotMYPrWFvRNBwvHndSyQ0OCTbqmoQqUjQ4ZPQ9z74"
            },
            "coords": [
                [
                    18.03288,
                    59.34983
                ],
                [
                    18.03328,
                    59.34946
                ],
                [
                    18.03342,
                    59.34933
                ],
                [
                    18.03345,
                    59.3493
                ],
                [
                    18.03547,
                    59.34969
                ],
                [
                    18.03595,
                    59.34998
                ],
                [
                    18.0361,
                    59.34991
                ],
                [
                    18.03634,
                    59.34973
                ],
                [
                    18.03709,
                    59.35004
                ],
                [
                    18.0372,
                    59.35017
                ],
                [
                    18.0372,
                    59.35032
                ],
                [
                    18.03718,
                    59.35037
                ],
                [
                    18.03705,
                    59.3505
                ],
                [
                    18.03685,
                    59.35065
                ],
                [
                    18.03666,
                    59.35062
                ],
                [
                    18.0365,
                    59.35064
                ],
                [
                    18.03641,
                    59.35061
                ]
            ]
        },
        {
            "summary": {
                "distance": 356.2,
                "duration": 60.5
            },
            "user": {
                "id": 516,
                "token": "eyJhbGciOiJIUzI1NiIsInR5cCI6IkpXVCJ9.eyJpZCI6NTE2LCJyb2xlIjoidXNlciIsImlhdCI6MTcwMDkzNzU4MywiZXhwIjoxNzMyNDczNTgzfQ.tlECvOoNGtygfStqB8hwNQNuNFTVvIQN45rO9-w4N0E"
            },
            "coords": [
                [
                    18.03641,
                    59.35061
                ],
                [
                    18.0365,
                    59.35064
                ],
                [
                    18.03666,
                    59.35062
                ],
                [
                    18.03685,
                    59.35065
                ],
                [
                    18.03705,
                    59.3505
                ],
                [
                    18.03718,
                    59.35037
                ],
                [
                    18.0372,
                    59.35032
                ],
                [
                    18.0372,
                    59.35017
                ],
                [
                    18.03709,
                    59.35004
                ],
                [
                    18.03634,
                    59.34973
                ],
                [
                    18.0361,
                    59.34991
                ],
                [
                    18.03595,
                    59.34998
                ],
                [
                    18.03547,
                    59.34969
                ],
                [
                    18.03345,
                    59.3493
                ],
                [
                    18.03346,
                    59.34929
                ]
            ]
        }
    ]
}