{
    "city": 1,
    "initialStart": [
        18.08545,
        59.31436
    ],
    "trips": [
        {
            "summary": {
                "distance": 502.8,
                "duration": 100.2
            },
            "user": {
                "id": 51,
                "token": "eyJhbGciOiJIUzI1NiIsInR5cCI6IkpXVCJ9.eyJpZCI6NTEsInJvbGUiOiJ1c2VyIiwiaWF0IjoxNzAwOTMxODUzLCJleHAiOjE3MzI0Njc4NTN9.QpVN6VKt47SFgY64CmdE_W1uh8ckJX1DDVTYgloh1-g"
            },
            "coords": [
                [
                    18.08545,
                    59.31436
                ],
                [
                    18.08459,
                    59.31425
                ],
                [
                    18.08456,
                    59.31421
                ],
                [
                    18.08443,
                    59.3142
                ],
                [
                    18.08439,
                    59.31429
                ],
                [
                    18.08642,
                    59.31455
                ],
                [
                    18.08769,
                    59.31463
                ],
                [
                    18.0883,
                    59.31465
                ],
                [
                    18.08891,
                    59.31463
                ],
                [
                    18.09016,
                    59.31458
                ],
                [
                    18.09043,
                    59.31459
                ],
                [
                    18.09133,
                    59.31455
                ],
                [
                    18.09154,
                    59.31451
                ],
                [
                    18.09153,
                    59.31447
                ],
                [
                    18.09152,
                    59.31435
                ]
            ]
        },
        {
            "summary": {
                "distance": 854.5,
                "duration": 139.8
            },
            "user": {
                "id": 52,
                "token": "eyJhbGciOiJIUzI1NiIsInR5cCI6IkpXVCJ9.eyJpZCI6NTIsInJvbGUiOiJ1c2VyIiwiaWF0IjoxNzAwOTMxODU0LCJleHAiOjE3MzI0Njc4NTR9.HSefwXbDNIIg9bdYSa9SjdIgBXbIf4fVsWv1cw3vRYg"
            },
            "coords": [
                [
                    18.09152,
                    59.31435
                ],
                [
                    18.09152,
                    59.31431
                ],
                [
                    18.09111,
                    59.31362
                ],
                [
                    18.09023,
                    59.31373
                ],
                [
                    18.09016,
                    59.31458
                ],
                [
                    18.0901,
                    59.31551
                ],
                [
                    18.09009,
                    59.31557
                ],
                [
                    18.09066,
                    59.31558
                ],
                [
                    18.0908,
                    59.31555
                ],
                [
                    18.09156,
                    59.31556
                ],
                [
                    18.09174,
                    59.31555
                ],
                [
                    18.0931,
                    59.31541
                ],
                [
                    18.09489,
                    59.31521
                ],
                [
                    18.09487,
                    59.31527
                ],
                [
                    18.09484,
                    59.3154
                ],
                [
                    18.09482,
                    59.31548
                ],
                [
                    18.09498,
                    59.3155
                ],
                [
                    18.09528,
                    59.31556
                ],
                [
                    18.09546,
                    59.31559
                ],
                [
                    18.09576,
                    59.31537
                ],
                [
                    18.09601,
                    59.31525
                ],
                [
                    18.09628,
                    59.31514
                ],
                [
                    18.09657,
                    59.31505
                ],
                [
                    18.09776,
                    59.31473
                ]
            ]
        }
    ]
}