{
    "city": 1,
    "initialStart": [
        18.07036,
        59.30713
    ],
    "trips": [
        {
            "summary": {
                "distance": 406.3,
                "duration": 70.2
            },
            "user": {
                "id": 525,
                "token": "eyJhbGciOiJIUzI1NiIsInR5cCI6IkpXVCJ9.eyJpZCI6NTI1LCJyb2xlIjoidXNlciIsImlhdCI6MTcwMDkzNzU4NSwiZXhwIjoxNzMyNDczNTg1fQ.7SOADWHsSMf2PlsUFNELyBE1B_MpkECM2kRLe8gHMgY"
            },
            "coords": [
                [
                    18.07036,
                    59.30713
                ],
                [
                    18.06991,
                    59.30716
                ],
                [
                    18.06932,
                    59.30723
                ],
                [
                    18.06942,
                    59.30744
                ],
                [
                    18.06948,
                    59.30757
                ],
                [
                    18.06968,
                    59.30762
                ],
                [
                    18.06978,
                    59.30772
                ],
                [
                    18.06912,
                    59.30781
                ],
                [
                    18.06853,
                    59.30791
                ],
                [
                    18.06806,
                    59.30798
                ],
                [
                    18.06717,
                    59.30813
                ],
                [
                    18.0671,
                    59.30803
                ],
                [
                    18.06689,
                    59.30807
                ],
                [
                    18.06632,
                    59.30818
                ],
                [
                    18.06626,
                    59.30811
                ],
                [
                    18.06617,
                    59.308
                ],
                [
                    18.066,
                    59.30779
                ],
                [
                    18.06592,
                    59.30768
                ],
                [
                    18.06587,
                    59.30762
                ]
            ]
        },
        {
            "summary": {
                "distance": 339.2,
                "duration": 83.3
            },
            "user": {
                "id": 526,
                "token": "eyJhbGciOiJIUzI1NiIsInR5cCI6IkpXVCJ9.eyJpZCI6NTI2LCJyb2xlIjoidXNlciIsImlhdCI6MTcwMDkzNzU4NSwiZXhwIjoxNzMyNDczNTg1fQ.IhCPn4s8bvjykBD0A9vAPGApdXwHXY8gTQDtWJut3Us"
            },
            "coords": [
                [
                    18.06588,
                    59.30762
                ],
                [
                    18.06558,
                    59.30724
                ],
                [
                    18.06518,
                    59.30671
                ],
                [
                    18.06557,
                    59.30665
                ],
                [
                    18.06586,
                    59.30661
                ],
                [
                    18.06634,
                    59.30655
                ],
                [
                    18.06679,
                    59.30649
                ],
                [
                    18.06745,
                    59.30641
                ],
                [
                    18.06737,
                    59.30622
                ],
                [
                    18.06747,
                    59.30611
                ],
                [
                    18.06756,
                    59.30595
                ],
                [
                    18.0676,
                    59.3058
                ],
                [
                    18.06745,
                    59.30577
                ],
                [
                    18.06717,
                    59.30579
                ]
            ]
        }
    ],
    "apiKey": "d8640e25acd83798dd7a023f6577e5b6"
}