{
    "city": 1,
    "initialStart": [
        18.02133,
        59.34854
    ],
    "trips": [
        {
            "summary": {
                "distance": 374,
                "duration": 65.9
            },
            "user": {
                "id": 533,
                "token": "eyJhbGciOiJIUzI1NiIsInR5cCI6IkpXVCJ9.eyJpZCI6NTMzLCJyb2xlIjoidXNlciIsImlhdCI6MTcwMDkzNzYzNSwiZXhwIjoxNzMyNDczNjM1fQ.FGcNZucPGQTUO6XJ7ZBBYeuitHPGzUV-blPyWdKMtlo"
            },
            "coords": [
                [
                    18.02133,
                    59.34854
                ],
                [
                    18.02121,
                    59.34852
                ],
                [
                    18.02114,
                    59.34845
                ],
                [
                    18.02035,
                    59.34781
                ],
                [
                    18.02029,
                    59.34766
                ],
                [
                    18.0202,
                    59.34765
                ],
                [
                    18.02007,
                    59.34768
                ],
                [
                    18.01956,
                    59.34806
                ],
                [
                    18.01942,
                    59.34836
                ],
                [
                    18.01916,
                    59.34849
                ],
                [
                    18.01914,
                    59.34852
                ],
                [
                    18.01872,
                    59.3485
                ],
                [
                    18.01866,
                    59.34856
                ],
                [
                    18.0186,
                    59.34875
                ],
                [
                    18.01854,
                    59.34888
                ],
                [
                    18.01845,
                    59.34896
                ],
                [
                    18.01835,
                    59.34916
                ],
                [
                    18.01828,
                    59.34945
                ]
            ]
        },
        {
            "summary": {
                "distance": 278.5,
                "duration": 50.3
            },
            "user": {
                "id": 534,
                "token": "eyJhbGciOiJIUzI1NiIsInR5cCI6IkpXVCJ9.eyJpZCI6NTM0LCJyb2xlIjoidXNlciIsImlhdCI6MTcwMDkzNzYzNSwiZXhwIjoxNzMyNDczNjM1fQ.fv4kutiX2Fy3jrQqohg1087wKo-XbGhCuC6PF2bsFXo"
            },
            "coords": [
                [
                    18.01828,
                    59.34945
                ],
                [
                    18.01835,
                    59.34916
                ],
                [
                    18.01845,
                    59.34896
                ],
                [
                    18.01854,
                    59.34888
                ],
                [
                    18.0186,
                    59.34875
                ],
                [
                    18.01866,
                    59.34856
                ],
                [
                    18.01872,
                    59.3485
                ],
                [
                    18.01914,
                    59.34852
                ],
                [
                    18.01916,
                    59.34849
                ],
                [
                    18.01942,
                    59.34836
                ],
                [
                    18.01956,
                    59.34806
                ],
                [
                    18.02007,
                    59.34768
                ],
                [
                    18.0202,
                    59.34765
                ],
                [
                    18.02004,
                    59.34763
                ],
                [
                    18.01993,
                    59.34754
                ],
                [
                    18.01996,
                    59.34749
                ]
            ]
        }
    ],
    "apiKey": "59d3b741e103eacdbe7a8578f8302d05"
}