{
    "city": 1,
    "initialStart": [
        18.06471,
        59.34125
    ],
    "trips": [
        {
            "summary": {
                "distance": 525.3,
                "duration": 108.3
            },
            "user": {
                "id": 53,
                "token": "eyJhbGciOiJIUzI1NiIsInR5cCI6IkpXVCJ9.eyJpZCI6NTMsInJvbGUiOiJ1c2VyIiwiaWF0IjoxNzAwOTMxODU0LCJleHAiOjE3MzI0Njc4NTR9.mz_oPVoyYb6izQ-xXEXdvQew3XgDCAQFFaXCWdVc_2o"
            },
            "coords": [
                [
                    18.06471,
                    59.34125
                ],
                [
                    18.06476,
                    59.34119
                ],
                [
                    18.06484,
                    59.34117
                ],
                [
                    18.06497,
                    59.34102
                ],
                [
                    18.06502,
                    59.34103
                ],
                [
                    18.06512,
                    59.34105
                ],
                [
                    18.06524,
                    59.34094
                ],
                [
                    18.06535,
                    59.34103
                ],
                [
                    18.06541,
                    59.34105
                ],
                [
                    18.06547,
                    59.34109
                ],
                [
                    18.06543,
                    59.34113
                ],
                [
                    18.06531,
                    59.34125
                ],
                [
                    18.06528,
                    59.34128
                ],
                [
                    18.06482,
                    59.34177
                ],
                [
                    18.06467,
                    59.34182
                ],
                [
                    18.06463,
                    59.34187
                ],
                [
                    18.06449,
                    59.34198
                ],
                [
                    18.06437,
                    59.3421
                ],
                [
                    18.0643,
                    59.34219
                ],
                [
                    18.06395,
                    59.34256
                ],
                [
                    18.06387,
                    59.3426
                ],
                [
                    18.06365,
                    59.34282
                ],
                [
                    18.06358,
                    59.34292
                ],
                [
                    18.06349,
                    59.34304
                ],
                [
                    18.0633,
                    59.34332
                ],
                [
                    18.06325,
                    59.34386
                ],
                [
                    18.06315,
                    59.34386
                ],
                [
                    18.06292,
                    59.34386
                ],
                [
                    18.06284,
                    59.34388
                ],
                [
                    18.06279,
                    59.34389
                ],
                [
                    18.06257,
                    59.34366
                ],
                [
                    18.06259,
                    59.34356
                ],
                [
                    18.0625,
                    59.34354
                ],
                [
                    18.06244,
                    59.3436
                ],
                [
                    18.06246,
                    59.34363
                ],
                [
                    18.06239,
                    59.3437
                ],
                [
                    18.06225,
                    59.34385
                ]
            ]
        },
        {
            "summary": {
                "distance": 494.2,
                "duration": 101
            },
            "user": {
                "id": 54,
                "token": "eyJhbGciOiJIUzI1NiIsInR5cCI6IkpXVCJ9.eyJpZCI6NTQsInJvbGUiOiJ1c2VyIiwiaWF0IjoxNzAwOTMxODU0LCJleHAiOjE3MzI0Njc4NTR9.BifHHl_ddqFhhhgLJeEK19CLUkYtvcXbXZtC3Dj-Sqg"
            },
            "coords": [
                [
                    18.06224,
                    59.34385
                ],
                [
                    18.06239,
                    59.3437
                ],
                [
                    18.06247,
                    59.34372
                ],
                [
                    18.06257,
                    59.34366
                ],
                [
                    18.06259,
                    59.34356
                ],
                [
                    18.0625,
                    59.34354
                ],
                [
                    18.06141,
                    59.34326
                ],
                [
                    18.06127,
                    59.34322
                ],
                [
                    18.0612,
                    59.34329
                ],
                [
                    18.06044,
                    59.3441
                ],
                [
                    18.06036,
                    59.34418
                ],
                [
                    18.0603,
                    59.34425
                ],
                [
                    18.05967,
                    59.34491
                ],
                [
                    18.05961,
                    59.34497
                ],
                [
                    18.05952,
                    59.34507
                ],
                [
                    18.05947,
                    59.34512
                ],
                [
                    18.05893,
                    59.34568
                ],
                [
                    18.05886,
                    59.34575
                ],
                [
                    18.05879,
                    59.34582
                ],
                [
                    18.05889,
                    59.34584
                ],
                [
                    18.05857,
                    59.34616
                ]
            ]
        }
    ],
    "apiKey": "50721dc42e6a972a7d14db80df397dfe"
}