{
    "city": 1,
    "initialStart": [
        18.04969,
        59.3495
    ],
    "trips": [
        {
            "summary": {
                "distance": 267.7,
                "duration": 69.4
            },
            "user": {
                "id": 543,
                "token": "eyJhbGciOiJIUzI1NiIsInR5cCI6IkpXVCJ9.eyJpZCI6NTQzLCJyb2xlIjoidXNlciIsImlhdCI6MTcwMDkzNzYzNywiZXhwIjoxNzMyNDczNjM3fQ.EKBXa2qIqx1IuDmy-UoVDPm9n3UhV1CJfHg_hl5Mqto"
            },
            "coords": [
                [
                    18.04969,
                    59.3495
                ],
                [
                    18.04965,
                    59.34954
                ],
                [
                    18.04961,
                    59.34958
                ],
                [
                    18.04992,
                    59.34966
                ],
                [
                    18.04999,
                    59.34966
                ],
                [
                    18.05008,
                    59.34962
                ],
                [
                    18.05022,
                    59.34949
                ],
                [
                    18.05057,
                    59.3491
                ],
                [
                    18.05141,
                    59.34816
                ],
                [
                    18.05153,
                    59.34802
                ],
                [
                    18.05164,
                    59.3479
                ],
                [
                    18.0516,
                    59.34789
                ],
                [
                    18.0514,
                    59.34785
                ]
            ]
        },
        {
            "summary": {
                "distance": 384.6,
                "duration": 99.4
            },
            "user": {
                "id": 544,
                "token": "eyJhbGciOiJIUzI1NiIsInR5cCI6IkpXVCJ9.eyJpZCI6NTQ0LCJyb2xlIjoidXNlciIsImlhdCI6MTcwMDkzNzYzNywiZXhwIjoxNzMyNDczNjM3fQ.Q8MekWeQV8vdtIZemWqik7vOlZeIG3cYtFfctXDOC3k"
            },
            "coords": [
                [
                    18.0514,
                    59.34785
                ],
                [
                    18.0516,
                    59.34789
                ],
                [
                    18.05164,
                    59.3479
                ],
                [
                    18.05196,
                    59.34757
                ],
                [
                    18.05222,
                    59.3473
                ],
                [
                    18.05261,
                    59.34688
                ],
                [
                    18.05305,
                    59.34642
                ],
                [
                    18.05313,
                    59.34634
                ],
                [
                    18.05319,
                    59.34627
                ],
                [
                    18.05388,
                    59.34558
                ],
                [
                    18.05384,
                    59.34556
                ],
                [
                    18.05349,
                    59.34548
                ],
                [
                    18.05337,
                    59.3455
                ],
                [
                    18.05326,
                    59.34548
                ],
                [
                    18.0532,
                    59.34543
                ],
                [
                    18.05334,
                    59.34528
                ],
                [
                    18.05333,
                    59.34532
                ],
                [
                    18.05356,
                    59.34538
                ]
            ]
        }
    ]
}