{
    "city": 1,
    "initialStart": [
        18.02098,
        59.32927
    ],
    "trips": [
        {
            "summary": {
                "distance": 292.1,
                "duration": 51
            },
            "user": {
                "id": 547,
                "token": "eyJhbGciOiJIUzI1NiIsInR5cCI6IkpXVCJ9.eyJpZCI6NTQ3LCJyb2xlIjoidXNlciIsImlhdCI6MTcwMDkzNzYzNywiZXhwIjoxNzMyNDczNjM3fQ.xJTj3tkNlA8YnA8UW5CgNAeA5aaxppZpFQIk2oXA0Xw"
            },
            "coords": [
                [
                    18.02098,
                    59.32927
                ],
                [
                    18.02083,
                    59.32937
                ],
                [
                    18.02059,
                    59.3295
                ],
                [
                    18.02052,
                    59.32957
                ],
                [
                    18.02045,
                    59.3297
                ],
                [
                    18.02045,
                    59.32979
                ],
                [
                    18.0206,
                    59.32981
                ],
                [
                    18.02064,
                    59.32988
                ],
                [
                    18.02071,
                    59.32993
                ],
                [
                    18.02112,
                    59.3302
                ],
                [
                    18.02133,
                    59.33033
                ],
                [
                    18.02165,
                    59.33043
                ],
                [
                    18.02163,
                    59.33064
                ],
                [
                    18.02166,
                    59.33077
                ],
                [
                    18.02172,
                    59.33094
                ],
                [
                    18.02154,
                    59.33099
                ],
                [
                    18.02164,
                    59.33109
                ],
                [
                    18.02182,
                    59.33103
                ],
                [
                    18.02226,
                    59.3309
                ]
            ]
        },
        {
            "summary": {
                "distance": "",
                "duration": ""
            },
            "user": {
                "id": 548,
                "token": "eyJhbGciOiJIUzI1NiIsInR5cCI6IkpXVCJ9.eyJpZCI6NTQ4LCJyb2xlIjoidXNlciIsImlhdCI6MTcwMDkzNzYzOCwiZXhwIjoxNzMyNDczNjM4fQ.D9wv5EO2LNGa2rezRtYrzqya1O9Iy7UalO9svfgZBOw"
            },
            "coords": [
                [
                    18.02226,
                    59.3309
                ],
                [
                    18.02182,
                    59.33103
                ],
                [
                    18.02164,
                    59.33109
                ],
                [
                    18.02132,
                    59.33119
                ],
                [
                    18.02122,
                    59.33109
                ],
                [
                    18.02034,
                    59.33137
                ],
                [
                    18.02029,
                    59.33139
                ],
                [
                    18.02038,
                    59.33146
                ],
                [
                    18.02048,
                    59.33158
                ],
                [
                    18.0209,
                    59.3316
                ],
                [
                    18.02271,
                    59.33166
                ],
                [
                    18.02352,
                    59.3317
                ],
                [
                    18.02352,
                    59.33175
                ],
                [
                    18.02351,
                    59.33181
                ],
                [
                    18.02357,
                    59.33187
                ],
                [
                    18.02357,
                    59.33191
                ],
                [
                    18.02356,
                    59.33198
                ],
                [
                    18.02366,
                    59.33202
                ],
                [
                    18.02373,
                    59.33203
                ],
                [
                    18.02385,
                    59.33203
                ]
            ]
        }
    ],
    "apiKey": "2c4d7f5cf36ccebd3f93565618c8a661"
}