{
    "city": 1,
    "initialStart": [
        18.04071,
        59.34882
    ],
    "trips": [
        {
            "summary": {
                "distance": 342.8,
                "duration": 82.7
            },
            "user": {
                "id": 551,
                "token": "eyJhbGciOiJIUzI1NiIsInR5cCI6IkpXVCJ9.eyJpZCI6NTUxLCJyb2xlIjoidXNlciIsImlhdCI6MTcwMDkzNzc5NSwiZXhwIjoxNzMyNDczNzk1fQ.0_DPGJNhqZmbR0i9-seAoas1V5dPt2n0-fDtu-z16Bg"
            },
            "coords": [
                [
                    18.04071,
                    59.34882
                ],
                [
                    18.04053,
                    59.34878
                ],
                [
                    18.04094,
                    59.34881
                ],
                [
                    18.04097,
                    59.34875
                ],
                [
                    18.041,
                    59.34867
                ],
                [
                    18.04101,
                    59.34859
                ],
                [
                    18.04053,
                    59.34791
                ],
                [
                    18.04068,
                    59.34788
                ],
                [
                    18.04073,
                    59.34797
                ],
                [
                    18.04088,
                    59.34795
                ],
                [
                    18.04142,
                    59.34786
                ],
                [
                    18.04221,
                    59.34778
                ],
                [
                    18.04223,
                    59.34773
                ],
                [
                    18.0423,
                    59.34774
                ],
                [
                    18.0423,
                    59.34778
                ],
                [
                    18.04306,
                    59.34797
                ],
                [
                    18.04308,
                    59.34796
                ],
                [
                    18.0431,
                    59.34796
                ],
                [
                    18.04337,
                    59.34769
                ]
            ]
        },
        {
            "summary": {
                "distance": 492.6,
                "duration": 105
            },
            "user": {
                "id": 552,
                "token": "eyJhbGciOiJIUzI1NiIsInR5cCI6IkpXVCJ9.eyJpZCI6NTUyLCJyb2xlIjoidXNlciIsImlhdCI6MTcwMDkzNzc5NiwiZXhwIjoxNzMyNDczNzk2fQ.yJSsnSB11plytj5Km2fBKVWu6M6erFsH6NM5LRxqiko"
            },
            "coords": [
                [
                    18.04337,
                    59.34769
                ],
                [
                    18.0431,
                    59.34796
                ],
                [
                    18.04308,
                    59.34796
                ],
                [
                    18.04306,
                    59.34797
                ],
                [
                    18.04301,
                    59.34801
                ],
                [
                    18.04295,
                    59.348
                ],
                [
                    18.0423,
                    59.34783
                ],
                [
                    18.04221,
                    59.34778
                ],
                [
                    18.04142,
                    59.34786
                ],
                [
                    18.04088,
                    59.34795
                ],
                [
                    18.04073,
                    59.34797
                ],
                [
                    18.04068,
                    59.34788
                ],
                [
                    18.04053,
                    59.34791
                ],
                [
                    18.04019,
                    59.34743
                ],
                [
                    18.04009,
                    59.34728
                ],
                [
                    18.03973,
                    59.34588
                ],
                [
                    18.03987,
                    59.34586
                ],
                [
                    18.04003,
                    59.34586
                ],
                [
                    18.04007,
                    59.34586
                ],
                [
                    18.04017,
                    59.34622
                ]
            ]
        }
    ]
}