{
    "city": 1,
    "initialStart": [
        18.03473,
        59.32179
    ],
    "trips": [
        {
            "summary": {
                "distance": 162.4,
                "duration": 101.9
            },
            "user": {
                "id": 555,
                "token": "eyJhbGciOiJIUzI1NiIsInR5cCI6IkpXVCJ9.eyJpZCI6NTU1LCJyb2xlIjoidXNlciIsImlhdCI6MTcwMDkzNzc5NiwiZXhwIjoxNzMyNDczNzk2fQ.pdzL5QOYd7Zg9FUK2Hava1HNprlmuQwy9wlXJVKQ8DA"
            },
            "coords": [
                [
                    18.03473,
                    59.32179
                ],
                [
                    18.03477,
                    59.32187
                ],
                [
                    18.03463,
                    59.32206
                ],
                [
                    18.03446,
                    59.32215
                ],
                [
                    18.03407,
                    59.32228
                ],
                [
                    18.03387,
                    59.32232
                ],
                [
                    18.03339,
                    59.32252
                ],
                [
                    18.03315,
                    59.32267
                ],
                [
                    18.0331,
                    59.32271
                ],
                [
                    18.03317,
                    59.32272
                ],
                [
                    18.03335,
                    59.32272
                ]
            ]
        },
        {
            "summary": {
                "distance": "",
                "duration": ""
            },
            "user": {
                "id": 556,
                "token": "eyJhbGciOiJIUzI1NiIsInR5cCI6IkpXVCJ9.eyJpZCI6NTU2LCJyb2xlIjoidXNlciIsImlhdCI6MTcwMDkzNzc5NywiZXhwIjoxNzMyNDczNzk3fQ.o7W5BOyXEd_yJX95lPd3Svn477mz-V8nPpMM7EkoeBQ"
            },
            "coords": [
                [
                    18.03335,
                    59.32272
                ],
                [
                    18.03317,
                    59.32272
                ],
                [
                    18.0331,
                    59.32271
                ],
                [
                    18.03315,
                    59.32267
                ],
                [
                    18.03339,
                    59.32252
                ],
                [
                    18.03387,
                    59.32232
                ],
                [
                    18.03407,
                    59.32228
                ],
                [
                    18.03446,
                    59.32215
                ],
                [
                    18.03463,
                    59.32206
                ],
                [
                    18.03477,
                    59.32187
                ],
                [
                    18.03465,
                    59.32157
                ],
                [
                    18.03477,
                    59.32152
                ],
                [
                    18.03483,
                    59.32143
                ],
                [
                    18.03505,
                    59.3214
                ],
                [
                    18.03503,
                    59.32134
                ],
                [
                    18.03508,
                    59.32123
                ],
                [
                    18.03504,
                    59.32117
                ],
                [
                    18.03502,
                    59.32099
                ],
                [
                    18.03502,
                    59.32097
                ],
                [
                    18.03498,
                    59.32094
                ]
            ]
        }
    ],
    "apiKey": "dafaa4c4e19548b60269153da8733375"
}