{
    "city": 1,
    "initialStart": [
        18.08376,
        59.34573
    ],
    "trips": [
        {
            "summary": {
                "distance": 287,
                "duration": 49.9
            },
            "user": {
                "id": 563,
                "token": "eyJhbGciOiJIUzI1NiIsInR5cCI6IkpXVCJ9.eyJpZCI6NTYzLCJyb2xlIjoidXNlciIsImlhdCI6MTcwMDkzNzc5OCwiZXhwIjoxNzMyNDczNzk4fQ.R4B2MCGi2UacYknbrS3Uk_rJYukRfvopeQ6vN-kTRgk"
            },
            "coords": [
                [
                    18.08376,
                    59.34573
                ],
                [
                    18.08394,
                    59.34567
                ],
                [
                    18.08389,
                    59.34562
                ],
                [
                    18.08366,
                    59.3454
                ],
                [
                    18.0836,
                    59.3453
                ],
                [
                    18.08349,
                    59.34507
                ],
                [
                    18.08345,
                    59.34491
                ],
                [
                    18.08345,
                    59.34479
                ],
                [
                    18.0835,
                    59.34459
                ],
                [
                    18.08367,
                    59.34426
                ],
                [
                    18.08391,
                    59.34404
                ],
                [
                    18.08392,
                    59.34399
                ],
                [
                    18.08401,
                    59.34399
                ],
                [
                    18.08408,
                    59.34396
                ],
                [
                    18.08419,
                    59.34389
                ],
                [
                    18.08461,
                    59.3437
                ],
                [
                    18.08484,
                    59.34362
                ],
                [
                    18.08486,
                    59.34364
                ],
                [
                    18.08487,
                    59.34365
                ],
                [
                    18.08493,
                    59.3437
                ]
            ]
        },
        {
            "summary": {
                "distance": "",
                "duration": ""
            },
            "user": {
                "id": 564,
                "token": "eyJhbGciOiJIUzI1NiIsInR5cCI6IkpXVCJ9.eyJpZCI6NTY0LCJyb2xlIjoidXNlciIsImlhdCI6MTcwMDkzNzc5OCwiZXhwIjoxNzMyNDczNzk4fQ.6C0JO45CKxYHDq3kx8GwffPZfw2Z-Tby7IthZeONOII"
            },
            "coords": [
                [
                    18.08493,
                    59.3437
                ],
                [
                    18.08487,
                    59.34365
                ],
                [
                    18.08486,
                    59.34364
                ],
                [
                    18.08484,
                    59.34362
                ],
                [
                    18.08461,
                    59.3437
                ],
                [
                    18.08419,
                    59.34389
                ],
                [
                    18.08408,
                    59.34396
                ],
                [
                    18.08401,
                    59.34399
                ],
                [
                    18.08392,
                    59.34399
                ],
                [
                    18.08391,
                    59.34404
                ],
                [
                    18.08367,
                    59.34426
                ],
                [
                    18.0835,
                    59.34459
                ],
                [
                    18.08345,
                    59.34479
                ],
                [
                    18.08345,
                    59.34491
                ],
                [
                    18.08349,
                    59.34507
                ],
                [
                    18.0836,
                    59.3453
                ],
                [
                    18.08366,
                    59.3454
                ],
                [
                    18.08389,
                    59.34562
                ],
                [
                    18.08394,
                    59.34567
                ],
                [
                    18.08357,
                    59.34579
                ]
            ]
        }
    ]
}