{
    "city": 1,
    "initialStart": [
        18.02252,
        59.33656
    ],
    "trips": [
        {
            "summary": {
                "distance": "",
                "duration": ""
            },
            "user": {
                "id": 567,
                "token": "eyJhbGciOiJIUzI1NiIsInR5cCI6IkpXVCJ9.eyJpZCI6NTY3LCJyb2xlIjoidXNlciIsImlhdCI6MTcwMDkzODAyNiwiZXhwIjoxNzMyNDc0MDI2fQ.ezsNbBPxO5xPK0wFePqA_3Olp_YcYYHFctUzXvI3JK0"
            },
            "coords": [
                [
                    18.02252,
                    59.33656
                ],
                [
                    18.02241,
                    59.33635
                ],
                [
                    18.0224,
                    59.33629
                ],
                [
                    18.02246,
                    59.33624
                ],
                [
                    18.02262,
                    59.33618
                ],
                [
                    18.02265,
                    59.33612
                ],
                [
                    18.02318,
                    59.3359
                ],
                [
                    18.02326,
                    59.33579
                ],
                [
                    18.02342,
                    59.33574
                ],
                [
                    18.0236,
                    59.33565
                ],
                [
                    18.02369,
                    59.33553
                ],
                [
                    18.02371,
                    59.33545
                ],
                [
                    18.02355,
                    59.33512
                ],
                [
                    18.02346,
                    59.33493
                ],
                [
                    18.0234,
                    59.3348
                ]
            ]
        },
        {
            "summary": {
                "distance": 428.9,
                "duration": 78.9
            },
            "user": {
                "id": 568,
                "token": "eyJhbGciOiJIUzI1NiIsInR5cCI6IkpXVCJ9.eyJpZCI6NTY4LCJyb2xlIjoidXNlciIsImlhdCI6MTcwMDkzODAyNiwiZXhwIjoxNzMyNDc0MDI2fQ.CGwfU8SuugX-4S02MHYeCUrnyXVGcZfj5SF1fvh1kzM"
            },
            "coords": [
                [
                    18.02339,
                    59.3348
                ],
                [
                    18.02328,
                    59.33455
                ],
                [
                    18.02326,
                    59.33447
                ],
                [
                    18.024,
                    59.33436
                ],
                [
                    18.02473,
                    59.33425
                ],
                [
                    18.02493,
                    59.33422
                ],
                [
                    18.02507,
                    59.3342
                ],
                [
                    18.02538,
                    59.33417
                ],
                [
                    18.02776,
                    59.33384
                ],
                [
                    18.02768,
                    59.33377
                ],
                [
                    18.02732,
                    59.33314
                ],
                [
                    18.02731,
                    59.33301
                ],
                [
                    18.0268,
                    59.33308
                ]
            ]
        }
    ]
}