{
    "city": 1,
    "initialStart": [
        18.05322,
        59.31282
    ],
    "trips": [
        {
            "summary": {
                "distance": "",
                "duration": ""
            },
            "user": {
                "id": 577,
                "token": "eyJhbGciOiJIUzI1NiIsInR5cCI6IkpXVCJ9.eyJpZCI6NTc3LCJyb2xlIjoidXNlciIsImlhdCI6MTcwMDkzODAyOCwiZXhwIjoxNzMyNDc0MDI4fQ.kz-zbyZONf5vMkFvJJEpKpWBg9LK1cDgScHHO0tyu00"
            },
            "coords": [
                [
                    18.05322,
                    59.31282
                ],
                [
                    18.05324,
                    59.31281
                ],
                [
                    18.05335,
                    59.31273
                ],
                [
                    18.05387,
                    59.31241
                ],
                [
                    18.05456,
                    59.31203
                ],
                [
                    18.05481,
                    59.3119
                ],
                [
                    18.05492,
                    59.31185
                ],
                [
                    18.05485,
                    59.31182
                ],
                [
                    18.05337,
                    59.31163
                ],
                [
                    18.0523,
                    59.3115
                ],
                [
                    18.05234,
                    59.31142
                ],
                [
                    18.05245,
                    59.31121
                ],
                [
                    18.05265,
                    59.31084
                ],
                [
                    18.05272,
                    59.31076
                ],
                [
                    18.0528,
                    59.31071
                ]
            ]
        },
        {
            "summary": {
                "distance": 345.5,
                "duration": 56.5
            },
            "user": {
                "id": 578,
                "token": "eyJhbGciOiJIUzI1NiIsInR5cCI6IkpXVCJ9.eyJpZCI6NTc4LCJyb2xlIjoidXNlciIsImlhdCI6MTcwMDkzODAyOCwiZXhwIjoxNzMyNDc0MDI4fQ.-dxXExaWPNIqQcwgfCe9z7CsB1-Dp9BEL762h9Q01mc"
            },
            "coords": [
                [
                    18.0528,
                    59.31071
                ],
                [
                    18.05272,
                    59.31076
                ],
                [
                    18.05265,
                    59.31084
                ],
                [
                    18.05245,
                    59.31121
                ],
                [
                    18.05234,
                    59.31142
                ],
                [
                    18.0523,
                    59.3115
                ],
                [
                    18.05337,
                    59.31163
                ],
                [
                    18.05485,
                    59.31182
                ],
                [
                    18.05492,
                    59.31185
                ],
                [
                    18.05503,
                    59.3119
                ],
                [
                    18.05513,
                    59.31195
                ],
                [
                    18.05454,
                    59.31221
                ],
                [
                    18.05423,
                    59.31237
                ],
                [
                    18.0541,
                    59.31246
                ]
            ]
        }
    ]
}