{
    "city": 1,
    "initialStart": [
        18.09524,
        59.33408
    ],
    "trips": [
        {
            "summary": {
                "distance": 383.5,
                "duration": 78.8
            },
            "user": {
                "id": 57,
                "token": "eyJhbGciOiJIUzI1NiIsInR5cCI6IkpXVCJ9.eyJpZCI6NTcsInJvbGUiOiJ1c2VyIiwiaWF0IjoxNzAwOTMxODU1LCJleHAiOjE3MzI0Njc4NTV9.3CUllM9UEwWDLa33ZGZ5UHBVL8NKwxv7PaCa8w8WW7o"
            },
            "coords": [
                [
                    18.09524,
                    59.33408
                ],
                [
                    18.09485,
                    59.33416
                ],
                [
                    18.09489,
                    59.33422
                ],
                [
                    18.09475,
                    59.33425
                ],
                [
                    18.09299,
                    59.3346
                ],
                [
                    18.09284,
                    59.33464
                ],
                [
                    18.09268,
                    59.33468
                ],
                [
                    18.0924,
                    59.33475
                ],
                [
                    18.09218,
                    59.33479
                ],
                [
                    18.09203,
                    59.33483
                ],
                [
                    18.09198,
                    59.3349
                ],
                [
                    18.09185,
                    59.33512
                ],
                [
                    18.09127,
                    59.33613
                ],
                [
                    18.09135,
                    59.33615
                ],
                [
                    18.09125,
                    59.33632
                ]
            ]
        },
        {
            "summary": {
                "distance": 445.1,
                "duration": 96.1
            },
            "user": {
                "id": 58,
                "token": "eyJhbGciOiJIUzI1NiIsInR5cCI6IkpXVCJ9.eyJpZCI6NTgsInJvbGUiOiJ1c2VyIiwiaWF0IjoxNzAwOTMxODU1LCJleHAiOjE3MzI0Njc4NTV9.pD-tppc9FBhb8ZKpafKyOXuMIcpxR7bw7n1sroI-kj4"
            },
            "coords": [
                [
                    18.09125,
                    59.33632
                ],
                [
                    18.09135,
                    59.33615
                ],
                [
                    18.09127,
                    59.33613
                ],
                [
                    18.09077,
                    59.33697
                ],
                [
                    18.0907,
                    59.33709
                ],
                [
                    18.09066,
                    59.33717
                ],
                [
                    18.09074,
                    59.3372
                ],
                [
                    18.09103,
                    59.33734
                ],
                [
                    18.09113,
                    59.33746
                ],
                [
                    18.0912,
                    59.33757
                ],
                [
                    18.0913,
                    59.3378
                ],
                [
                    18.09129,
                    59.33791
                ],
                [
                    18.09123,
                    59.33796
                ],
                [
                    18.091,
                    59.33809
                ],
                [
                    18.09095,
                    59.33811
                ],
                [
                    18.09085,
                    59.33813
                ],
                [
                    18.0905,
                    59.33822
                ],
                [
                    18.09023,
                    59.33826
                ],
                [
                    18.09011,
                    59.33832
                ],
                [
                    18.09011,
                    59.33837
                ],
                [
                    18.09015,
                    59.33846
                ],
                [
                    18.09023,
                    59.33854
                ],
                [
                    18.09052,
                    59.33887
                ],
                [
                    18.09049,
                    59.33894
                ],
                [
                    18.09035,
                    59.33923
                ],
                [
                    18.09024,
                    59.33921
                ],
                [
                    18.09028,
                    59.33913
                ]
            ]
        }
    ]
}