{
    "city": 1,
    "initialStart": [
        18.09596,
        59.31095
    ],
    "trips": [
        {
            "summary": {
                "distance": 370.8,
                "duration": 60.7
            },
            "user": {
                "id": 585,
                "token": "eyJhbGciOiJIUzI1NiIsInR5cCI6IkpXVCJ9.eyJpZCI6NTg1LCJyb2xlIjoidXNlciIsImlhdCI6MTcwMDkzODAyOSwiZXhwIjoxNzMyNDc0MDI5fQ.NJ6BO0cC53gEvSXamIqnBYjL2Xr55Z0NUsM65TeaxqU"
            },
            "coords": [
                [
                    18.09596,
                    59.31095
                ],
                [
                    18.09601,
                    59.31106
                ],
                [
                    18.09649,
                    59.31195
                ],
                [
                    18.09681,
                    59.31251
                ],
                [
                    18.09695,
                    59.31276
                ],
                [
                    18.09693,
                    59.31281
                ],
                [
                    18.09685,
                    59.31284
                ],
                [
                    18.09581,
                    59.31298
                ],
                [
                    18.09529,
                    59.31304
                ],
                [
                    18.09501,
                    59.31309
                ],
                [
                    18.09559,
                    59.31332
                ]
            ]
        },
        {
            "summary": {
                "distance": 304.6,
                "duration": 49.8
            },
            "user": {
                "id": 586,
                "token": "eyJhbGciOiJIUzI1NiIsInR5cCI6IkpXVCJ9.eyJpZCI6NTg2LCJyb2xlIjoidXNlciIsImlhdCI6MTcwMDkzODAyOSwiZXhwIjoxNzMyNDc0MDI5fQ.wBShlaWT2DJL7pXyQrnd3qA8yLcKVtEKy8-Hb1Y2p-Q"
            },
            "coords": [
                [
                    18.09559,
                    59.31332
                ],
                [
                    18.09501,
                    59.31309
                ],
                [
                    18.09529,
                    59.31304
                ],
                [
                    18.09581,
                    59.31298
                ],
                [
                    18.09685,
                    59.31284
                ],
                [
                    18.09693,
                    59.31281
                ],
                [
                    18.09695,
                    59.31276
                ],
                [
                    18.09681,
                    59.31251
                ],
                [
                    18.09649,
                    59.31195
                ],
                [
                    18.09626,
                    59.31152
                ]
            ]
        }
    ]
}