{
    "city": 1,
    "initialStart": [
        18.05738,
        59.34717
    ],
    "trips": [
        {
            "summary": {
                "distance": 347.5,
                "duration": 63.5
            },
            "user": {
                "id": 587,
                "token": "eyJhbGciOiJIUzI1NiIsInR5cCI6IkpXVCJ9.eyJpZCI6NTg3LCJyb2xlIjoidXNlciIsImlhdCI6MTcwMDkzODAzNywiZXhwIjoxNzMyNDc0MDM3fQ.m-qAVyidr6KcBCDKuy3kN-4zo5c62GpaRMlIwHH71y0"
            },
            "coords": [
                [
                    18.05738,
                    59.34717
                ],
                [
                    18.05725,
                    59.3473
                ],
                [
                    18.05734,
                    59.34733
                ],
                [
                    18.05722,
                    59.3474
                ],
                [
                    18.05711,
                    59.34737
                ],
                [
                    18.0556,
                    59.34698
                ],
                [
                    18.05543,
                    59.34694
                ],
                [
                    18.05531,
                    59.34691
                ],
                [
                    18.05411,
                    59.34659
                ],
                [
                    18.05351,
                    59.34644
                ],
                [
                    18.05345,
                    59.34642
                ],
                [
                    18.05336,
                    59.3464
                ],
                [
                    18.0532,
                    59.34636
                ],
                [
                    18.05328,
                    59.34629
                ],
                [
                    18.05366,
                    59.34589
                ]
            ]
        },
        {
            "summary": {
                "distance": "",
                "duration": ""
            },
            "user": {
                "id": 588,
                "token": "eyJhbGciOiJIUzI1NiIsInR5cCI6IkpXVCJ9.eyJpZCI6NTg4LCJyb2xlIjoidXNlciIsImlhdCI6MTcwMDkzODAzNywiZXhwIjoxNzMyNDc0MDM3fQ.2BzqqtgI9qVt0tdMrkWAgzxaiHCXEwFWtcW7m46sNA0"
            },
            "coords": [
                [
                    18.05366,
                    59.34589
                ],
                [
                    18.05394,
                    59.34559
                ],
                [
                    18.05388,
                    59.34558
                ],
                [
                    18.05401,
                    59.34545
                ],
                [
                    18.05466,
                    59.34476
                ],
                [
                    18.05473,
                    59.34469
                ],
                [
                    18.05464,
                    59.34466
                ],
                [
                    18.05368,
                    59.34441
                ],
                [
                    18.05289,
                    59.34421
                ],
                [
                    18.05273,
                    59.34417
                ],
                [
                    18.05257,
                    59.34415
                ],
                [
                    18.05193,
                    59.34399
                ],
                [
                    18.05046,
                    59.34361
                ],
                [
                    18.05038,
                    59.34359
                ],
                [
                    18.05034,
                    59.34363
                ]
            ]
        }
    ]
}