{
    "city": 1,
    "initialStart": [
        18.0945,
        59.33354
    ],
    "trips": [
        {
            "summary": {
                "distance": 382.9,
                "duration": 66.4
            },
            "user": {
                "id": 595,
                "token": "eyJhbGciOiJIUzI1NiIsInR5cCI6IkpXVCJ9.eyJpZCI6NTk1LCJyb2xlIjoidXNlciIsImlhdCI6MTcwMDkzODAzOSwiZXhwIjoxNzMyNDc0MDM5fQ.n3aPdw8OFkArTSOV01niVIr0dNlXNPUI7C7xPeDbfKk"
            },
            "coords": [
                [
                    18.0945,
                    59.33354
                ],
                [
                    18.09436,
                    59.33357
                ],
                [
                    18.09439,
                    59.33361
                ],
                [
                    18.09425,
                    59.33363
                ],
                [
                    18.09475,
                    59.33425
                ],
                [
                    18.09489,
                    59.33422
                ],
                [
                    18.09617,
                    59.33395
                ],
                [
                    18.09632,
                    59.33392
                ],
                [
                    18.09918,
                    59.33333
                ],
                [
                    18.09923,
                    59.33332
                ],
                [
                    18.09929,
                    59.3333
                ],
                [
                    18.09941,
                    59.33328
                ],
                [
                    18.09943,
                    59.3333
                ]
            ]
        },
        {
            "summary": {
                "distance": "",
                "duration": ""
            },
            "user": {
                "id": 596,
                "token": "eyJhbGciOiJIUzI1NiIsInR5cCI6IkpXVCJ9.eyJpZCI6NTk2LCJyb2xlIjoidXNlciIsImlhdCI6MTcwMDkzODAzOSwiZXhwIjoxNzMyNDc0MDM5fQ.c2avazmddanKWPjZmtgh6tDOBUVyseF6_7gTslcsk9A"
            },
            "coords": [
                [
                    18.09943,
                    59.3333
                ],
                [
                    18.09948,
                    59.33338
                ],
                [
                    18.09937,
                    59.3334
                ],
                [
                    18.09929,
                    59.3333
                ],
                [
                    18.09923,
                    59.33332
                ],
                [
                    18.09914,
                    59.3332
                ],
                [
                    18.09902,
                    59.33316
                ],
                [
                    18.09895,
                    59.33313
                ],
                [
                    18.09895,
                    59.33307
                ],
                [
                    18.09894,
                    59.33299
                ],
                [
                    18.09893,
                    59.33294
                ],
                [
                    18.09893,
                    59.33291
                ],
                [
                    18.09931,
                    59.33286
                ],
                [
                    18.10011,
                    59.33269
                ],
                [
                    18.10036,
                    59.33264
                ]
            ]
        }
    ]
}