{
    "city": 1,
    "initialStart": [
        18.05064,
        59.35379
    ],
    "trips": [
        {
            "summary": {
                "distance": 526.3,
                "duration": 86.1
            },
            "user": {
                "id": 5,
                "token": "eyJhbGciOiJIUzI1NiIsInR5cCI6IkpXVCJ9.eyJpZCI6NSwicm9sZSI6InVzZXIiLCJpYXQiOjE3MDA5Mjk0MzEsImV4cCI6MTczMjQ2NTQzMX0.bj3DYaRxn-Wz0dxvNgiRnhx85OiWJ8Oy3AlfKX3fdfo"
            },
            "coords": [
                [
                    18.05064,
                    59.35379
                ],
                [
                    18.05068,
                    59.35379
                ],
                [
                    18.05184,
                    59.35372
                ],
                [
                    18.05219,
                    59.35372
                ],
                [
                    18.05279,
                    59.35381
                ],
                [
                    18.05308,
                    59.35339
                ],
                [
                    18.05336,
                    59.35309
                ],
                [
                    18.05405,
                    59.35261
                ],
                [
                    18.05438,
                    59.35234
                ],
                [
                    18.05439,
                    59.35214
                ],
                [
                    18.05475,
                    59.35171
                ],
                [
                    18.05499,
                    59.35143
                ],
                [
                    18.05501,
                    59.35133
                ],
                [
                    18.05443,
                    59.35146
                ],
                [
                    18.05345,
                    59.35167
                ]
            ]
        },
        {
            "summary": {
                "distance": 441.8,
                "duration": 90.5
            },
            "user": {
                "id": 6,
                "token": "eyJhbGciOiJIUzI1NiIsInR5cCI6IkpXVCJ9.eyJpZCI6Niwicm9sZSI6InVzZXIiLCJpYXQiOjE3MDA5Mjk0MzEsImV4cCI6MTczMjQ2NTQzMX0.oXaOBfvYBzWxkawqWrMjXFe17vKHPQycsjjK6dnD_yc"
            },
            "coords": [
                [
                    18.05345,
                    59.35167
                ],
                [
                    18.05305,
                    59.35182
                ],
                [
                    18.05239,
                    59.35183
                ],
                [
                    18.05183,
                    59.35191
                ],
                [
                    18.05164,
                    59.35192
                ],
                [
                    18.05142,
                    59.35191
                ],
                [
                    18.05129,
                    59.35191
                ],
                [
                    18.05103,
                    59.35167
                ],
                [
                    18.05092,
                    59.3516
                ],
                [
                    18.05037,
                    59.35144
                ],
                [
                    18.05006,
                    59.35144
                ],
                [
                    18.05003,
                    59.35153
                ],
                [
                    18.04995,
                    59.35164
                ],
                [
                    18.0498,
                    59.35176
                ],
                [
                    18.04965,
                    59.35186
                ],
                [
                    18.04939,
                    59.35196
                ],
                [
                    18.04912,
                    59.35204
                ],
                [
                    18.04892,
                    59.35206
                ],
                [
                    18.04876,
                    59.35207
                ],
                [
                    18.04814,
                    59.35204
                ],
                [
                    18.04771,
                    59.35195
                ],
                [
                    18.04746,
                    59.35185
                ],
                [
                    18.04726,
                    59.3517
                ],
                [
                    18.04731,
                    59.35168
                ],
                [
                    18.04733,
                    59.35163
                ]
            ]
        }
    ],
    "apiKey": "fc42a12eb746b4926950ace6b502b6f8"
}