{
    "city": 1,
    "initialStart": [
        17.99804,
        59.3299
    ],
    "trips": [
        {
            "summary": {
                "distance": 553.1,
                "duration": 95.8
            },
            "user": {
                "id": 59,
                "token": "eyJhbGciOiJIUzI1NiIsInR5cCI6IkpXVCJ9.eyJpZCI6NTksInJvbGUiOiJ1c2VyIiwiaWF0IjoxNzAwOTMxODU2LCJleHAiOjE3MzI0Njc4NTZ9.AW0aqp2j9_5FA0CIKlei2xcTXFxl5VNVXz6N4D6yMhE"
            },
            "coords": [
                [
                    17.99804,
                    59.3299
                ],
                [
                    18.00008,
                    59.32929
                ],
                [
                    18.00073,
                    59.32911
                ],
                [
                    18.00085,
                    59.32908
                ],
                [
                    18.00099,
                    59.32908
                ],
                [
                    18.00113,
                    59.32911
                ],
                [
                    18.00124,
                    59.32918
                ],
                [
                    18.00149,
                    59.32955
                ],
                [
                    18.00166,
                    59.32981
                ],
                [
                    18.00236,
                    59.32968
                ],
                [
                    18.00231,
                    59.32956
                ],
                [
                    18.002,
                    59.32912
                ],
                [
                    18.00191,
                    59.32897
                ],
                [
                    18.00196,
                    59.3289
                ],
                [
                    18.00208,
                    59.32885
                ],
                [
                    18.00262,
                    59.32873
                ],
                [
                    18.00321,
                    59.32859
                ],
                [
                    18.00313,
                    59.32849
                ],
                [
                    18.00377,
                    59.32826
                ]
            ]
        },
        {
            "summary": {
                "distance": 1343.4,
                "duration": 234.1
            },
            "user": {
                "id": 60,
                "token": "eyJhbGciOiJIUzI1NiIsInR5cCI6IkpXVCJ9.eyJpZCI6NjAsInJvbGUiOiJ1c2VyIiwiaWF0IjoxNzAwOTMxODU2LCJleHAiOjE3MzI0Njc4NTZ9.SY_mBOqZ9nSLTVwMRdmrjkg5qwlrHczvQadD-NpK3og"
            },
            "coords": [
                [
                    18.00377,
                    59.32826
                ],
                [
                    18.00313,
                    59.32849
                ],
                [
                    18.00321,
                    59.32859
                ],
                [
                    18.00442,
                    59.32832
                ],
                [
                    18.00602,
                    59.32794
                ],
                [
                    18.00777,
                    59.32751
                ],
                [
                    18.00961,
                    59.32698
                ],
                [
                    18.00978,
                    59.32694
                ],
                [
                    18.00996,
                    59.32693
                ],
                [
                    18.01098,
                    59.32692
                ],
                [
                    18.01105,
                    59.32694
                ],
                [
                    18.01112,
                    59.327
                ],
                [
                    18.01109,
                    59.32728
                ],
                [
                    18.01187,
                    59.32726
                ],
                [
                    18.01206,
                    59.32725
                ],
                [
                    18.01309,
                    59.32722
                ],
                [
                    18.01307,
                    59.32694
                ],
                [
                    18.01312,
                    59.32688
                ],
                [
                    18.01332,
                    59.32677
                ],
                [
                    18.01339,
                    59.32667
                ],
                [
                    18.01224,
                    59.3264
                ],
                [
                    18.01166,
                    59.32626
                ],
                [
                    18.01071,
                    59.32603
                ],
                [
                    18.01049,
                    59.32597
                ],
                [
                    18.00938,
                    59.3257
                ],
                [
                    18.00934,
                    59.32564
                ],
                [
                    18.0088,
                    59.32551
                ],
                [
                    18.00871,
                    59.32549
                ],
                [
                    18.00846,
                    59.32542
                ],
                [
                    18.00837,
                    59.32552
                ],
                [
                    18.00822,
                    59.32561
                ],
                [
                    18.00784,
                    59.32566
                ],
                [
                    18.00751,
                    59.32565
                ],
                [
                    18.00708,
                    59.32561
                ],
                [
                    18.00709,
                    59.32552
                ],
                [
                    18.00704,
                    59.32548
                ],
                [
                    18.0069,
                    59.32543
                ],
                [
                    18.0063,
                    59.32529
                ],
                [
                    18.00618,
                    59.32528
                ],
                [
                    18.00605,
                    59.32529
                ],
                [
                    18.00527,
                    59.32549
                ],
                [
                    18.00498,
                    59.32552
                ],
                [
                    18.00484,
                    59.32558
                ],
                [
                    18.00448,
                    59.32553
                ]
            ]
        }
    ],
    "apiKey": "c8f97ed79e7ce3e4566a538e0df3b51e"
}