{
    "city": 1,
    "initialStart": [
        18.04636,
        59.33935
    ],
    "trips": [
        {
            "summary": {
                "distance": "",
                "duration": ""
            },
            "user": {
                "id": 607,
                "token": "eyJhbGciOiJIUzI1NiIsInR5cCI6IkpXVCJ9.eyJpZCI6NjA3LCJyb2xlIjoidXNlciIsImlhdCI6MTcwMDkzODMwMiwiZXhwIjoxNzMyNDc0MzAyfQ.uwOL22-R7GnXEk34s7BtyBrpn9B9amopTXbfAgARB-U"
            },
            "coords": [
                [
                    18.04636,
                    59.33935
                ],
                [
                    18.04665,
                    59.33905
                ],
                [
                    18.04674,
                    59.33908
                ],
                [
                    18.04681,
                    59.33901
                ],
                [
                    18.0471,
                    59.33908
                ],
                [
                    18.04769,
                    59.33924
                ],
                [
                    18.04782,
                    59.33927
                ],
                [
                    18.04798,
                    59.33931
                ],
                [
                    18.04819,
                    59.3391
                ],
                [
                    18.04827,
                    59.33902
                ],
                [
                    18.04837,
                    59.33891
                ],
                [
                    18.04923,
                    59.33805
                ],
                [
                    18.04931,
                    59.33797
                ],
                [
                    18.04918,
                    59.33794
                ],
                [
                    18.04863,
                    59.3378
                ]
            ]
        },
        {
            "summary": {
                "distance": 351.1,
                "duration": 57.4
            },
            "user": {
                "id": 608,
                "token": "eyJhbGciOiJIUzI1NiIsInR5cCI6IkpXVCJ9.eyJpZCI6NjA4LCJyb2xlIjoidXNlciIsImlhdCI6MTcwMDkzODMwMiwiZXhwIjoxNzMyNDc0MzAyfQ.vs1md_t8tMU7ByATRXqhhoC7QgC5unJZSsGEuzfJcIw"
            },
            "coords": [
                [
                    18.04863,
                    59.3378
                ],
                [
                    18.04918,
                    59.33794
                ],
                [
                    18.04931,
                    59.33797
                ],
                [
                    18.04923,
                    59.33805
                ],
                [
                    18.04837,
                    59.33891
                ],
                [
                    18.04827,
                    59.33902
                ],
                [
                    18.04843,
                    59.33906
                ],
                [
                    18.04976,
                    59.33939
                ],
                [
                    18.0499,
                    59.33943
                ],
                [
                    18.04983,
                    59.33951
                ],
                [
                    18.04931,
                    59.34003
                ]
            ]
        }
    ]
}