{
    "city": 1,
    "initialStart": [
        18.05576,
        59.3213
    ],
    "trips": [
        {
            "summary": {
                "distance": 400.2,
                "duration": 100.3
            },
            "user": {
                "id": 61,
                "token": "eyJhbGciOiJIUzI1NiIsInR5cCI6IkpXVCJ9.eyJpZCI6NjEsInJvbGUiOiJ1c2VyIiwiaWF0IjoxNzAwOTMxODU3LCJleHAiOjE3MzI0Njc4NTd9.r0ArZd85cOY95eH1E4Vh6hi2IXgBvQw8Xfy17cNaHIY"
            },
            "coords": [
                [
                    18.05576,
                    59.3213
                ],
                [
                    18.05475,
                    59.32129
                ],
                [
                    18.05475,
                    59.32126
                ],
                [
                    18.05442,
                    59.32122
                ],
                [
                    18.05442,
                    59.32114
                ],
                [
                    18.05461,
                    59.32111
                ],
                [
                    18.05475,
                    59.3211
                ],
                [
                    18.05492,
                    59.3211
                ],
                [
                    18.05492,
                    59.32106
                ],
                [
                    18.05491,
                    59.32096
                ],
                [
                    18.05491,
                    59.32088
                ],
                [
                    18.05491,
                    59.32062
                ],
                [
                    18.05483,
                    59.32056
                ],
                [
                    18.05429,
                    59.32054
                ],
                [
                    18.05401,
                    59.3205
                ],
                [
                    18.05373,
                    59.32047
                ],
                [
                    18.05346,
                    59.32044
                ],
                [
                    18.05291,
                    59.32034
                ],
                [
                    18.05225,
                    59.32053
                ],
                [
                    18.05173,
                    59.32062
                ],
                [
                    18.05141,
                    59.32065
                ],
                [
                    18.05124,
                    59.32072
                ]
            ]
        },
        {
            "summary": {
                "distance": 623,
                "duration": 157.3
            },
            "user": {
                "id": 62,
                "token": "eyJhbGciOiJIUzI1NiIsInR5cCI6IkpXVCJ9.eyJpZCI6NjIsInJvbGUiOiJ1c2VyIiwiaWF0IjoxNzAwOTMxODU3LCJleHAiOjE3MzI0Njc4NTd9.mcv_x7-kRAXhsYyiyMu7qu4AbwX_mvn0yFSESxG0GKw"
            },
            "coords": [
                [
                    18.05124,
                    59.32072
                ],
                [
                    18.05116,
                    59.32075
                ],
                [
                    18.05095,
                    59.32078
                ],
                [
                    18.05063,
                    59.32079
                ],
                [
                    18.05053,
                    59.32079
                ],
                [
                    18.0499,
                    59.32076
                ],
                [
                    18.04876,
                    59.32062
                ],
                [
                    18.04768,
                    59.32051
                ],
                [
                    18.0473,
                    59.32048
                ],
                [
                    18.04707,
                    59.32051
                ],
                [
                    18.04697,
                    59.32054
                ],
                [
                    18.04701,
                    59.32056
                ],
                [
                    18.0472,
                    59.32063
                ],
                [
                    18.04856,
                    59.32076
                ],
                [
                    18.04972,
                    59.32092
                ],
                [
                    18.04976,
                    59.32094
                ],
                [
                    18.04976,
                    59.32097
                ],
                [
                    18.04973,
                    59.32101
                ],
                [
                    18.0497,
                    59.32106
                ],
                [
                    18.04967,
                    59.32112
                ],
                [
                    18.04963,
                    59.32119
                ],
                [
                    18.047,
                    59.32096
                ],
                [
                    18.04658,
                    59.32094
                ]
            ]
        }
    ]
}