{
    "city": 1,
    "initialStart": [
        18.04926,
        59.32799
    ],
    "trips": [
        {
            "summary": {
                "distance": 484.8,
                "duration": 110.3
            },
            "user": {
                "id": 629,
                "token": "eyJhbGciOiJIUzI1NiIsInR5cCI6IkpXVCJ9.eyJpZCI6NjI5LCJyb2xlIjoidXNlciIsImlhdCI6MTcwMDkzODQwNywiZXhwIjoxNzMyNDc0NDA3fQ.Bww4_-E6QEwDFz8oJPgquTTSY6A1xgw0NPMYtFa2-JQ"
            },
            "coords": [
                [
                    18.04926,
                    59.32799
                ],
                [
                    18.04933,
                    59.32818
                ],
                [
                    18.04958,
                    59.32814
                ],
                [
                    18.04991,
                    59.3281
                ],
                [
                    18.05076,
                    59.32799
                ],
                [
                    18.05043,
                    59.32724
                ],
                [
                    18.05031,
                    59.32695
                ],
                [
                    18.05029,
                    59.32688
                ],
                [
                    18.05029,
                    59.32683
                ],
                [
                    18.05027,
                    59.32677
                ],
                [
                    18.05013,
                    59.3268
                ],
                [
                    18.04889,
                    59.32677
                ],
                [
                    18.04873,
                    59.32674
                ],
                [
                    18.04873,
                    59.32668
                ],
                [
                    18.04621,
                    59.32661
                ]
            ]
        },
        {
            "summary": {
                "distance": "",
                "duration": ""
            },
            "user": {
                "id": 630,
                "token": "eyJhbGciOiJIUzI1NiIsInR5cCI6IkpXVCJ9.eyJpZCI6NjMwLCJyb2xlIjoidXNlciIsImlhdCI6MTcwMDkzODQwNywiZXhwIjoxNzMyNDc0NDA3fQ._oFgwTftoAEVKk9MjWldGoTxDJfxbWH8709kBr63pQI"
            },
            "coords": [
                [
                    18.04621,
                    59.32661
                ],
                [
                    18.04596,
                    59.32661
                ],
                [
                    18.04597,
                    59.32665
                ],
                [
                    18.04597,
                    59.32675
                ],
                [
                    18.046,
                    59.32683
                ],
                [
                    18.04623,
                    59.32733
                ],
                [
                    18.04624,
                    59.32735
                ],
                [
                    18.04615,
                    59.32745
                ],
                [
                    18.04633,
                    59.32791
                ],
                [
                    18.04663,
                    59.32788
                ],
                [
                    18.04695,
                    59.3285
                ],
                [
                    18.04704,
                    59.32848
                ],
                [
                    18.04706,
                    59.32853
                ],
                [
                    18.04719,
                    59.32852
                ],
                [
                    18.04729,
                    59.32858
                ]
            ]
        }
    ],
    "apiKey": "f659f9d4fc3e9e2feedf9bbfe2e373fa"
}