{
    "city": 1,
    "initialStart": [
        18.07122,
        59.33435
    ],
    "trips": [
        {
            "summary": {
                "distance": 601.3,
                "duration": 98.4
            },
            "user": {
                "id": 63,
                "token": "eyJhbGciOiJIUzI1NiIsInR5cCI6IkpXVCJ9.eyJpZCI6NjMsInJvbGUiOiJ1c2VyIiwiaWF0IjoxNzAwOTMxODU3LCJleHAiOjE3MzI0Njc4NTd9.SJn8ejz3MhOq0YlPLrWJWl4ciYVEMGQc0vNDGPo4TZk"
            },
            "coords": [
                [
                    18.07122,
                    59.33435
                ],
                [
                    18.07124,
                    59.33423
                ],
                [
                    18.07104,
                    59.3342
                ],
                [
                    18.06995,
                    59.33415
                ],
                [
                    18.06958,
                    59.33413
                ],
                [
                    18.06783,
                    59.33404
                ],
                [
                    18.06775,
                    59.3347
                ],
                [
                    18.06764,
                    59.3353
                ],
                [
                    18.06768,
                    59.33533
                ],
                [
                    18.06764,
                    59.33567
                ],
                [
                    18.06762,
                    59.33583
                ],
                [
                    18.06758,
                    59.33611
                ],
                [
                    18.06748,
                    59.33659
                ],
                [
                    18.06736,
                    59.33722
                ],
                [
                    18.06671,
                    59.33719
                ]
            ]
        },
        {
            "summary": {
                "distance": 556.5,
                "duration": 91.1
            },
            "user": {
                "id": 64,
                "token": "eyJhbGciOiJIUzI1NiIsInR5cCI6IkpXVCJ9.eyJpZCI6NjQsInJvbGUiOiJ1c2VyIiwiaWF0IjoxNzAwOTMxODU3LCJleHAiOjE3MzI0Njc4NTd9.gn4rGYZSl4mzIuuciDe5bdmZeQRIBb7dVYOSbdlv8kQ"
            },
            "coords": [
                [
                    18.06671,
                    59.33719
                ],
                [
                    18.06736,
                    59.33722
                ],
                [
                    18.06748,
                    59.33659
                ],
                [
                    18.07074,
                    59.33675
                ],
                [
                    18.07079,
                    59.33674
                ],
                [
                    18.07089,
                    59.33672
                ],
                [
                    18.07089,
                    59.33665
                ],
                [
                    18.07095,
                    59.33622
                ],
                [
                    18.07098,
                    59.33613
                ],
                [
                    18.07101,
                    59.33604
                ],
                [
                    18.07111,
                    59.33549
                ],
                [
                    18.07111,
                    59.33529
                ],
                [
                    18.07105,
                    59.33513
                ],
                [
                    18.0711,
                    59.33485
                ],
                [
                    18.0712,
                    59.33444
                ]
            ]
        }
    ]
}