{
    "city": 1,
    "initialStart": [
        18.08907,
        59.33706
    ],
    "trips": [
        {
            "summary": {
                "distance": 316.1,
                "duration": 72.6
            },
            "user": {
                "id": 639,
                "token": "eyJhbGciOiJIUzI1NiIsInR5cCI6IkpXVCJ9.eyJpZCI6NjM5LCJyb2xlIjoidXNlciIsImlhdCI6MTcwMDkzODQwOSwiZXhwIjoxNzMyNDc0NDA5fQ.spDyI3QwSAwMqv8SowaU--buqo-FJ1o4zfsdsJ8gD0Y"
            },
            "coords": [
                [
                    18.08907,
                    59.33706
                ],
                [
                    18.08928,
                    59.33716
                ],
                [
                    18.08907,
                    59.33726
                ],
                [
                    18.08872,
                    59.33709
                ],
                [
                    18.0888,
                    59.33703
                ],
                [
                    18.0885,
                    59.33688
                ],
                [
                    18.08832,
                    59.33692
                ],
                [
                    18.08735,
                    59.33711
                ],
                [
                    18.08721,
                    59.33714
                ],
                [
                    18.08704,
                    59.33718
                ],
                [
                    18.0858,
                    59.33743
                ],
                [
                    18.08566,
                    59.33746
                ],
                [
                    18.08573,
                    59.33755
                ],
                [
                    18.08562,
                    59.33757
                ],
                [
                    18.08585,
                    59.33786
                ]
            ]
        },
        {
            "summary": {
                "distance": "",
                "duration": ""
            },
            "user": {
                "id": 640,
                "token": "eyJhbGciOiJIUzI1NiIsInR5cCI6IkpXVCJ9.eyJpZCI6NjQwLCJyb2xlIjoidXNlciIsImlhdCI6MTcwMDkzODQwOSwiZXhwIjoxNzMyNDc0NDA5fQ.yvxZVlNyvsbBb5lI6B_ViLT91BpzPjTcIBb0TpUFt8U"
            },
            "coords": [
                [
                    18.08585,
                    59.33786
                ],
                [
                    18.08562,
                    59.33757
                ],
                [
                    18.08573,
                    59.33755
                ],
                [
                    18.08566,
                    59.33746
                ],
                [
                    18.0855,
                    59.33749
                ],
                [
                    18.08491,
                    59.33761
                ],
                [
                    18.08478,
                    59.33764
                ],
                [
                    18.08395,
                    59.33657
                ],
                [
                    18.08388,
                    59.33649
                ],
                [
                    18.0832,
                    59.33662
                ],
                [
                    18.08301,
                    59.33666
                ],
                [
                    18.08295,
                    59.33659
                ],
                [
                    18.08204,
                    59.33541
                ],
                [
                    18.08203,
                    59.33535
                ],
                [
                    18.08216,
                    59.33532
                ]
            ]
        }
    ]
}