{
    "city": 1,
    "initialStart": [
        18.09236,
        59.33339
    ],
    "trips": [
        {
            "summary": {
                "distance": "",
                "duration": ""
            },
            "user": {
                "id": 645,
                "token": "eyJhbGciOiJIUzI1NiIsInR5cCI6IkpXVCJ9.eyJpZCI6NjQ1LCJyb2xlIjoidXNlciIsImlhdCI6MTcwMDkzODQxMCwiZXhwIjoxNzMyNDc0NDEwfQ.NE8Ti0UJ7ujGGktv2poyGnMDFHlzximTwzhcBkKgs-4"
            },
            "coords": [
                [
                    18.09236,
                    59.33339
                ],
                [
                    18.09247,
                    59.33319
                ],
                [
                    18.09264,
                    59.33321
                ],
                [
                    18.09281,
                    59.33323
                ],
                [
                    18.0924,
                    59.33393
                ],
                [
                    18.09233,
                    59.33405
                ],
                [
                    18.0923,
                    59.3341
                ],
                [
                    18.09191,
                    59.33477
                ],
                [
                    18.09185,
                    59.33487
                ],
                [
                    18.09147,
                    59.33495
                ],
                [
                    18.09132,
                    59.33496
                ],
                [
                    18.09117,
                    59.33498
                ],
                [
                    18.09114,
                    59.33507
                ],
                [
                    18.09084,
                    59.33513
                ],
                [
                    18.09077,
                    59.33515
                ]
            ]
        },
        {
            "summary": {
                "distance": 402.1,
                "duration": 82.5
            },
            "user": {
                "id": 646,
                "token": "eyJhbGciOiJIUzI1NiIsInR5cCI6IkpXVCJ9.eyJpZCI6NjQ2LCJyb2xlIjoidXNlciIsImlhdCI6MTcwMDkzODQxMCwiZXhwIjoxNzMyNDc0NDEwfQ.yN3bWgQqMr0IVa6RyGavk6lj7USvFhbDxosiV5-alkc"
            },
            "coords": [
                [
                    18.09077,
                    59.33515
                ],
                [
                    18.09077,
                    59.33515
                ],
                [
                    18.09072,
                    59.33508
                ],
                [
                    18.0894,
                    59.33534
                ],
                [
                    18.08836,
                    59.33556
                ],
                [
                    18.08784,
                    59.33567
                ],
                [
                    18.08765,
                    59.33571
                ],
                [
                    18.08758,
                    59.33562
                ],
                [
                    18.08709,
                    59.33494
                ],
                [
                    18.08672,
                    59.33447
                ],
                [
                    18.08658,
                    59.33449
                ],
                [
                    18.08663,
                    59.33451
                ],
                [
                    18.08692,
                    59.3349
                ]
            ]
        }
    ]
}