{
    "city": 1,
    "initialStart": [
        18.08193,
        59.30705
    ],
    "trips": [
        {
            "summary": {
                "distance": "",
                "duration": ""
            },
            "user": {
                "id": 651,
                "token": "eyJhbGciOiJIUzI1NiIsInR5cCI6IkpXVCJ9.eyJpZCI6NjUxLCJyb2xlIjoidXNlciIsImlhdCI6MTcwMDkzODQxNSwiZXhwIjoxNzMyNDc0NDE1fQ.1m3FHK_wqgcTrQdI1h5J7WS5ULrjVfvEqsVs_Z8fNmI"
            },
            "coords": [
                [
                    18.08193,
                    59.30705
                ],
                [
                    18.08103,
                    59.30693
                ],
                [
                    18.08059,
                    59.30686
                ],
                [
                    18.0805,
                    59.30685
                ],
                [
                    18.08017,
                    59.30681
                ],
                [
                    18.07996,
                    59.3068
                ],
                [
                    18.07851,
                    59.30661
                ],
                [
                    18.0783,
                    59.30662
                ],
                [
                    18.07794,
                    59.30647
                ],
                [
                    18.07784,
                    59.30639
                ],
                [
                    18.07791,
                    59.30636
                ],
                [
                    18.07788,
                    59.30631
                ],
                [
                    18.07821,
                    59.30594
                ],
                [
                    18.07838,
                    59.30582
                ],
                [
                    18.07831,
                    59.30579
                ]
            ]
        },
        {
            "summary": {
                "distance": 228.9,
                "duration": 37.5
            },
            "user": {
                "id": 652,
                "token": "eyJhbGciOiJIUzI1NiIsInR5cCI6IkpXVCJ9.eyJpZCI6NjUyLCJyb2xlIjoidXNlciIsImlhdCI6MTcwMDkzODQxNSwiZXhwIjoxNzMyNDc0NDE1fQ.jeJKDgxy3JUSaapeMYdBrMacwRubtD2CSS0yk-Yla9g"
            },
            "coords": [
                [
                    18.07831,
                    59.30579
                ],
                [
                    18.07831,
                    59.30579
                ],
                [
                    18.07838,
                    59.30582
                ],
                [
                    18.07821,
                    59.30594
                ],
                [
                    18.07788,
                    59.30631
                ],
                [
                    18.07791,
                    59.30636
                ],
                [
                    18.07784,
                    59.30639
                ],
                [
                    18.07794,
                    59.30647
                ],
                [
                    18.0783,
                    59.30662
                ],
                [
                    18.07824,
                    59.30673
                ],
                [
                    18.07823,
                    59.30686
                ],
                [
                    18.07879,
                    59.30759
                ]
            ]
        }
    ]
}