{
    "city": 1,
    "initialStart": [
        18.09341,
        59.33718
    ],
    "trips": [
        {
            "summary": {
                "distance": 539.2,
                "duration": 109.6
            },
            "user": {
                "id": 65,
                "token": "eyJhbGciOiJIUzI1NiIsInR5cCI6IkpXVCJ9.eyJpZCI6NjUsInJvbGUiOiJ1c2VyIiwiaWF0IjoxNzAwOTMxODU3LCJleHAiOjE3MzI0Njc4NTd9.PCx2TyY4fXajuc0j_XsB5qAhiMiWyauyjn9C1RTdXUE"
            },
            "coords": [
                [
                    18.09341,
                    59.33718
                ],
                [
                    18.09346,
                    59.33716
                ],
                [
                    18.09445,
                    59.33697
                ],
                [
                    18.09448,
                    59.33698
                ],
                [
                    18.09463,
                    59.33695
                ],
                [
                    18.09455,
                    59.33688
                ],
                [
                    18.09446,
                    59.33677
                ],
                [
                    18.09436,
                    59.33667
                ],
                [
                    18.09456,
                    59.33663
                ],
                [
                    18.09623,
                    59.33629
                ],
                [
                    18.09727,
                    59.33607
                ],
                [
                    18.09738,
                    59.33605
                ],
                [
                    18.09918,
                    59.33567
                ],
                [
                    18.09932,
                    59.33564
                ],
                [
                    18.10022,
                    59.33546
                ],
                [
                    18.10032,
                    59.33545
                ],
                [
                    18.10039,
                    59.33547
                ],
                [
                    18.10044,
                    59.33554
                ],
                [
                    18.1005,
                    59.3356
                ],
                [
                    18.1005,
                    59.33564
                ],
                [
                    18.10046,
                    59.33567
                ],
                [
                    18.10036,
                    59.3357
                ],
                [
                    18.09987,
                    59.3358
                ]
            ]
        },
        {
            "summary": {
                "distance": 508.6,
                "duration": 83.5
            },
            "user": {
                "id": 66,
                "token": "eyJhbGciOiJIUzI1NiIsInR5cCI6IkpXVCJ9.eyJpZCI6NjYsInJvbGUiOiJ1c2VyIiwiaWF0IjoxNzAwOTMxODU4LCJleHAiOjE3MzI0Njc4NTh9.g91cpF7zkPRifqeiWIgv8QIv2kk425Wn_qndwZH8l1A"
            },
            "coords": [
                [
                    18.09987,
                    59.3358
                ],
                [
                    18.09951,
                    59.33587
                ],
                [
                    18.09955,
                    59.33592
                ],
                [
                    18.09962,
                    59.33602
                ],
                [
                    18.09977,
                    59.3362
                ],
                [
                    18.09998,
                    59.33644
                ],
                [
                    18.1002,
                    59.33671
                ],
                [
                    18.10039,
                    59.33693
                ],
                [
                    18.10091,
                    59.33682
                ],
                [
                    18.10159,
                    59.33667
                ],
                [
                    18.10165,
                    59.33666
                ],
                [
                    18.10173,
                    59.33664
                ],
                [
                    18.10186,
                    59.33661
                ],
                [
                    18.10194,
                    59.3366
                ],
                [
                    18.10204,
                    59.3367
                ],
                [
                    18.10282,
                    59.33764
                ],
                [
                    18.10284,
                    59.33766
                ],
                [
                    18.10296,
                    59.33774
                ],
                [
                    18.10312,
                    59.33778
                ],
                [
                    18.10329,
                    59.33774
                ],
                [
                    18.10359,
                    59.33765
                ],
                [
                    18.10439,
                    59.33739
                ],
                [
                    18.10481,
                    59.33723
                ]
            ]
        }
    ]
}