{
    "city": 1,
    "initialStart": [
        18.0481,
        59.34452
    ],
    "trips": [
        {
            "summary": {
                "distance": "",
                "duration": ""
            },
            "user": {
                "id": 661,
                "token": "eyJhbGciOiJIUzI1NiIsInR5cCI6IkpXVCJ9.eyJpZCI6NjYxLCJyb2xlIjoidXNlciIsImlhdCI6MTcwMDkzODQxNywiZXhwIjoxNzMyNDc0NDE3fQ.KQZ4XnujqgPj_164x4TY-AIKpEl4f9TVa2iZZZbm8EA"
            },
            "coords": [
                [
                    18.0481,
                    59.34452
                ],
                [
                    18.04775,
                    59.34486
                ],
                [
                    18.04768,
                    59.34485
                ],
                [
                    18.0476,
                    59.34492
                ],
                [
                    18.04856,
                    59.34517
                ],
                [
                    18.0487,
                    59.34521
                ],
                [
                    18.04864,
                    59.34527
                ],
                [
                    18.04853,
                    59.34538
                ],
                [
                    18.04813,
                    59.34578
                ],
                [
                    18.04769,
                    59.34623
                ],
                [
                    18.04761,
                    59.34632
                ],
                [
                    18.04719,
                    59.34675
                ],
                [
                    18.04715,
                    59.34678
                ],
                [
                    18.04708,
                    59.34686
                ],
                [
                    18.04722,
                    59.34691
                ]
            ]
        },
        {
            "summary": {
                "distance": 323.4,
                "duration": 70.2
            },
            "user": {
                "id": 662,
                "token": "eyJhbGciOiJIUzI1NiIsInR5cCI6IkpXVCJ9.eyJpZCI6NjYyLCJyb2xlIjoidXNlciIsImlhdCI6MTcwMDkzODQxNywiZXhwIjoxNzMyNDc0NDE3fQ.H-7Q96ufeZ8IxblCOQxIF9RR58Y3cv-27paPZf3wD8g"
            },
            "coords": [
                [
                    18.04722,
                    59.34691
                ],
                [
                    18.04722,
                    59.34691
                ],
                [
                    18.04708,
                    59.34686
                ],
                [
                    18.04691,
                    59.34681
                ],
                [
                    18.04665,
                    59.34675
                ],
                [
                    18.04641,
                    59.3467
                ],
                [
                    18.04505,
                    59.34635
                ],
                [
                    18.04487,
                    59.34631
                ],
                [
                    18.04363,
                    59.34599
                ],
                [
                    18.04345,
                    59.34594
                ],
                [
                    18.04353,
                    59.34586
                ],
                [
                    18.04357,
                    59.34582
                ],
                [
                    18.04371,
                    59.34586
                ],
                [
                    18.04371,
                    59.34581
                ],
                [
                    18.04414,
                    59.34537
                ]
            ]
        }
    ]
}