{
    "city": 1,
    "initialStart": [
        18.05827,
        59.34087
    ],
    "trips": [
        {
            "summary": {
                "distance": 429,
                "duration": 152
            },
            "user": {
                "id": 67,
                "token": "eyJhbGciOiJIUzI1NiIsInR5cCI6IkpXVCJ9.eyJpZCI6NjcsInJvbGUiOiJ1c2VyIiwiaWF0IjoxNzAwOTMyMDcwLCJleHAiOjE3MzI0NjgwNzB9.qV-hr0Q7FSQ7lbmngA3l_1UBmmeAE5o_vPyl0N9n3xA"
            },
            "coords": [
                [
                    18.05827,
                    59.34087
                ],
                [
                    18.05783,
                    59.34132
                ],
                [
                    18.05779,
                    59.34136
                ],
                [
                    18.0569,
                    59.34112
                ],
                [
                    18.05686,
                    59.34115
                ],
                [
                    18.05651,
                    59.34151
                ],
                [
                    18.05622,
                    59.34181
                ],
                [
                    18.05589,
                    59.34217
                ],
                [
                    18.05609,
                    59.34226
                ],
                [
                    18.05624,
                    59.3423
                ],
                [
                    18.05589,
                    59.34266
                ],
                [
                    18.05555,
                    59.34272
                ],
                [
                    18.05551,
                    59.34274
                ],
                [
                    18.05544,
                    59.34277
                ],
                [
                    18.05545,
                    59.34284
                ],
                [
                    18.05541,
                    59.34287
                ],
                [
                    18.05523,
                    59.34301
                ],
                [
                    18.05488,
                    59.34306
                ],
                [
                    18.05485,
                    59.3431
                ],
                [
                    18.05531,
                    59.34318
                ]
            ]
        },
        {
            "summary": {
                "distance": 726.3,
                "duration": 183.5
            },
            "user": {
                "id": 68,
                "token": "eyJhbGciOiJIUzI1NiIsInR5cCI6IkpXVCJ9.eyJpZCI6NjgsInJvbGUiOiJ1c2VyIiwiaWF0IjoxNzAwOTMyMDcwLCJleHAiOjE3MzI0NjgwNzB9.X6JB_DqvRdssn0Nn3-g6q8yrxgL_RDp81onV1oSpVOc"
            },
            "coords": [
                [
                    18.05531,
                    59.34318
                ],
                [
                    18.05485,
                    59.3431
                ],
                [
                    18.05488,
                    59.34306
                ],
                [
                    18.05523,
                    59.34301
                ],
                [
                    18.05541,
                    59.34287
                ],
                [
                    18.05545,
                    59.34284
                ],
                [
                    18.05544,
                    59.34277
                ],
                [
                    18.05551,
                    59.34274
                ],
                [
                    18.05555,
                    59.34272
                ],
                [
                    18.05589,
                    59.34266
                ],
                [
                    18.05624,
                    59.3423
                ],
                [
                    18.05609,
                    59.34226
                ],
                [
                    18.05589,
                    59.34217
                ],
                [
                    18.05622,
                    59.34181
                ],
                [
                    18.05651,
                    59.34151
                ],
                [
                    18.05686,
                    59.34115
                ],
                [
                    18.0569,
                    59.34112
                ],
                [
                    18.05694,
                    59.34108
                ],
                [
                    18.05736,
                    59.34066
                ],
                [
                    18.05779,
                    59.34023
                ],
                [
                    18.05786,
                    59.34016
                ],
                [
                    18.05792,
                    59.3401
                ],
                [
                    18.05872,
                    59.33931
                ],
                [
                    18.0588,
                    59.33923
                ],
                [
                    18.05871,
                    59.33919
                ],
                [
                    18.05818,
                    59.33906
                ],
                [
                    18.05807,
                    59.33903
                ],
                [
                    18.05801,
                    59.33909
                ],
                [
                    18.0572,
                    59.3399
                ],
                [
                    18.05716,
                    59.33994
                ],
                [
                    18.05722,
                    59.33997
                ],
                [
                    18.05744,
                    59.34003
                ]
            ]
        }
    ],
    "apiKey": "219cee45983c52d123838585f8536d13"
}