{
    "city": 1,
    "initialStart": [
        18.04101,
        59.33313
    ],
    "trips": [
        {
            "summary": {
                "distance": 320.8,
                "duration": 52.5
            },
            "user": {
                "id": 681,
                "token": "eyJhbGciOiJIUzI1NiIsInR5cCI6IkpXVCJ9.eyJpZCI6NjgxLCJyb2xlIjoidXNlciIsImlhdCI6MTcwMDkzODYzMSwiZXhwIjoxNzMyNDc0NjMxfQ.xwKGsX174X-QENMLDCqEjpArpp7WB_6S9nnQ3-VvBwY"
            },
            "coords": [
                [
                    18.04101,
                    59.33313
                ],
                [
                    18.04082,
                    59.3327
                ],
                [
                    18.0408,
                    59.33266
                ],
                [
                    18.04055,
                    59.33208
                ],
                [
                    18.04272,
                    59.33178
                ],
                [
                    18.0429,
                    59.33176
                ],
                [
                    18.04397,
                    59.33161
                ]
            ]
        },
        {
            "summary": {
                "distance": 284.4,
                "duration": 46.5
            },
            "user": {
                "id": 682,
                "token": "eyJhbGciOiJIUzI1NiIsInR5cCI6IkpXVCJ9.eyJpZCI6NjgyLCJyb2xlIjoidXNlciIsImlhdCI6MTcwMDkzODYzMSwiZXhwIjoxNzMyNDc0NjMxfQ.tnNMr9izAqeIRG_cVAH-YayAOrRae24X8c5d2DuPXO0"
            },
            "coords": [
                [
                    18.04397,
                    59.33161
                ],
                [
                    18.04455,
                    59.33153
                ],
                [
                    18.04615,
                    59.33131
                ],
                [
                    18.04694,
                    59.3312
                ],
                [
                    18.04772,
                    59.33109
                ],
                [
                    18.04881,
                    59.33094
                ]
            ]
        }
    ],
    "apiKey": "ef5ea2cd4f270c387b66bf2c4fddd916"
}