{
    "city": 1,
    "initialStart": [
        18.04848,
        59.34255
    ],
    "trips": [
        {
            "summary": {
                "distance": "",
                "duration": ""
            },
            "user": {
                "id": 685,
                "token": "eyJhbGciOiJIUzI1NiIsInR5cCI6IkpXVCJ9.eyJpZCI6Njg1LCJyb2xlIjoidXNlciIsImlhdCI6MTcwMDkzODYzMiwiZXhwIjoxNzMyNDc0NjMyfQ.Lo5HdMqvyfqvfopPLLRn_osItAqn8Sd2xtDF6CrvQdQ"
            },
            "coords": [
                [
                    18.04848,
                    59.34255
                ],
                [
                    18.04861,
                    59.34242
                ],
                [
                    18.04873,
                    59.34244
                ],
                [
                    18.04879,
                    59.34238
                ],
                [
                    18.04884,
                    59.34234
                ],
                [
                    18.04905,
                    59.34239
                ],
                [
                    18.04991,
                    59.3426
                ],
                [
                    18.05093,
                    59.34285
                ],
                [
                    18.05099,
                    59.34286
                ],
                [
                    18.05091,
                    59.34294
                ],
                [
                    18.0509,
                    59.34305
                ],
                [
                    18.05082,
                    59.34313
                ],
                [
                    18.05077,
                    59.34318
                ],
                [
                    18.05043,
                    59.34353
                ],
                [
                    18.0504,
                    59.34356
                ]
            ]
        },
        {
            "summary": {
                "distance": 317.4,
                "duration": 55.2
            },
            "user": {
                "id": 686,
                "token": "eyJhbGciOiJIUzI1NiIsInR5cCI6IkpXVCJ9.eyJpZCI6Njg2LCJyb2xlIjoidXNlciIsImlhdCI6MTcwMDkzODYzMiwiZXhwIjoxNzMyNDc0NjMyfQ.J1Z1G32R1HMVSNhPNrhXRC7Ix0WmWLIv6eM4-W1S_Wo"
            },
            "coords": [
                [
                    18.0504,
                    59.34356
                ],
                [
                    18.0504,
                    59.34356
                ],
                [
                    18.05038,
                    59.34359
                ],
                [
                    18.05034,
                    59.34363
                ],
                [
                    18.04976,
                    59.34422
                ],
                [
                    18.04972,
                    59.34424
                ],
                [
                    18.04959,
                    59.34432
                ],
                [
                    18.0495,
                    59.34441
                ],
                [
                    18.04943,
                    59.34448
                ],
                [
                    18.04877,
                    59.34514
                ],
                [
                    18.0487,
                    59.34521
                ],
                [
                    18.04882,
                    59.34524
                ],
                [
                    18.04932,
                    59.34537
                ],
                [
                    18.04982,
                    59.3455
                ],
                [
                    18.05043,
                    59.34566
                ]
            ]
        }
    ]
}