{
    "city": 1,
    "initialStart": [
        18.0526,
        59.34621
    ],
    "trips": [
        {
            "summary": {
                "distance": 310.2,
                "duration": 84.1
            },
            "user": {
                "id": 687,
                "token": "eyJhbGciOiJIUzI1NiIsInR5cCI6IkpXVCJ9.eyJpZCI6Njg3LCJyb2xlIjoidXNlciIsImlhdCI6MTcwMDkzODYzNSwiZXhwIjoxNzMyNDc0NjM1fQ.3rnuk7VKiPUaNUt7I0yhdRStfcIlpV8Vk1PSXQBXpWc"
            },
            "coords": [
                [
                    18.0526,
                    59.34621
                ],
                [
                    18.05307,
                    59.34632
                ],
                [
                    18.05313,
                    59.34634
                ],
                [
                    18.05319,
                    59.34627
                ],
                [
                    18.05388,
                    59.34558
                ],
                [
                    18.05401,
                    59.34545
                ],
                [
                    18.05466,
                    59.34476
                ],
                [
                    18.05473,
                    59.34469
                ],
                [
                    18.0548,
                    59.3447
                ],
                [
                    18.05494,
                    59.34474
                ],
                [
                    18.055,
                    59.34476
                ],
                [
                    18.05508,
                    59.34478
                ],
                [
                    18.05513,
                    59.34473
                ],
                [
                    18.05515,
                    59.34471
                ],
                [
                    18.05546,
                    59.34438
                ]
            ]
        },
        {
            "summary": {
                "distance": "",
                "duration": ""
            },
            "user": {
                "id": 688,
                "token": "eyJhbGciOiJIUzI1NiIsInR5cCI6IkpXVCJ9.eyJpZCI6Njg4LCJyb2xlIjoidXNlciIsImlhdCI6MTcwMDkzODYzNSwiZXhwIjoxNzMyNDc0NjM1fQ.uAQ4O22CSdhtL0PoHLHiVVCCCzIJFM1GFBB1DCKsvM8"
            },
            "coords": [
                [
                    18.05546,
                    59.34438
                ],
                [
                    18.05564,
                    59.34419
                ],
                [
                    18.05547,
                    59.34416
                ],
                [
                    18.05553,
                    59.34421
                ],
                [
                    18.05506,
                    59.34469
                ],
                [
                    18.055,
                    59.34476
                ],
                [
                    18.05508,
                    59.34478
                ],
                [
                    18.05613,
                    59.34505
                ],
                [
                    18.05701,
                    59.34527
                ],
                [
                    18.05714,
                    59.3453
                ],
                [
                    18.05728,
                    59.34534
                ],
                [
                    18.05872,
                    59.34571
                ],
                [
                    18.05886,
                    59.34575
                ],
                [
                    18.05893,
                    59.34568
                ],
                [
                    18.05947,
                    59.34512
                ]
            ]
        }
    ],
    "apiKey": "117cfdacc4856de9560352df4a01d4f4"
}