{
    "city": 1,
    "initialStart": [
        18.06074,
        59.31341
    ],
    "trips": [
        {
            "summary": {
                "distance": "",
                "duration": ""
            },
            "user": {
                "id": 691,
                "token": "eyJhbGciOiJIUzI1NiIsInR5cCI6IkpXVCJ9.eyJpZCI6NjkxLCJyb2xlIjoidXNlciIsImlhdCI6MTcwMDkzODYzNiwiZXhwIjoxNzMyNDc0NjM2fQ.yHRN0C4hloeucDx1I5b84rFfg35B14_qW1vfVx6UoNk"
            },
            "coords": [
                [
                    18.06074,
                    59.31341
                ],
                [
                    18.05835,
                    59.31296
                ],
                [
                    18.05831,
                    59.31301
                ],
                [
                    18.05805,
                    59.31296
                ],
                [
                    18.05805,
                    59.31287
                ],
                [
                    18.05777,
                    59.31288
                ],
                [
                    18.05776,
                    59.31287
                ],
                [
                    18.05787,
                    59.31265
                ],
                [
                    18.05774,
                    59.31263
                ],
                [
                    18.05777,
                    59.31256
                ],
                [
                    18.0579,
                    59.3123
                ],
                [
                    18.05796,
                    59.31217
                ],
                [
                    18.05797,
                    59.31215
                ],
                [
                    18.05784,
                    59.31214
                ],
                [
                    18.05579,
                    59.31188
                ]
            ]
        },
        {
            "summary": {
                "distance": 261.1,
                "duration": 46.1
            },
            "user": {
                "id": 692,
                "token": "eyJhbGciOiJIUzI1NiIsInR5cCI6IkpXVCJ9.eyJpZCI6NjkyLCJyb2xlIjoidXNlciIsImlhdCI6MTcwMDkzODYzNiwiZXhwIjoxNzMyNDc0NjM2fQ.ZmlnxhE0_cK7BrDh_abbPXZQvlQ8Zagy1b_1mdYQaeQ"
            },
            "coords": [
                [
                    18.05579,
                    59.31188
                ],
                [
                    18.05579,
                    59.31188
                ],
                [
                    18.05563,
                    59.31195
                ],
                [
                    18.0555,
                    59.31193
                ],
                [
                    18.05537,
                    59.31191
                ],
                [
                    18.05531,
                    59.31187
                ],
                [
                    18.05513,
                    59.31195
                ],
                [
                    18.05503,
                    59.3119
                ],
                [
                    18.05492,
                    59.31185
                ],
                [
                    18.05485,
                    59.31182
                ],
                [
                    18.05337,
                    59.31163
                ],
                [
                    18.0523,
                    59.3115
                ],
                [
                    18.05234,
                    59.31142
                ],
                [
                    18.05245,
                    59.31121
                ],
                [
                    18.0525,
                    59.31111
                ]
            ]
        }
    ]
}