{
    "city": 1,
    "initialStart": [
        18.04729,
        59.34274
    ],
    "trips": [
        {
            "summary": {
                "distance": "",
                "duration": ""
            },
            "user": {
                "id": 695,
                "token": "eyJhbGciOiJIUzI1NiIsInR5cCI6IkpXVCJ9.eyJpZCI6Njk1LCJyb2xlIjoidXNlciIsImlhdCI6MTcwMDkzODYzNiwiZXhwIjoxNzMyNDc0NjM2fQ.T3JdBz1ly1Gq65hD312xW0DXV45W2FOKoq1sVGRkSf4"
            },
            "coords": [
                [
                    18.04729,
                    59.34274
                ],
                [
                    18.0474,
                    59.34277
                ],
                [
                    18.04737,
                    59.34283
                ],
                [
                    18.04818,
                    59.34286
                ],
                [
                    18.04822,
                    59.34286
                ],
                [
                    18.04817,
                    59.34291
                ],
                [
                    18.04827,
                    59.34291
                ],
                [
                    18.0482,
                    59.34298
                ],
                [
                    18.04816,
                    59.34303
                ],
                [
                    18.04808,
                    59.3431
                ],
                [
                    18.048,
                    59.34318
                ],
                [
                    18.04742,
                    59.34376
                ],
                [
                    18.04757,
                    59.3438
                ],
                [
                    18.04847,
                    59.34404
                ],
                [
                    18.04945,
                    59.34428
                ]
            ]
        },
        {
            "summary": {
                "distance": 488.8,
                "duration": 97.7
            },
            "user": {
                "id": 696,
                "token": "eyJhbGciOiJIUzI1NiIsInR5cCI6IkpXVCJ9.eyJpZCI6Njk2LCJyb2xlIjoidXNlciIsImlhdCI6MTcwMDkzODYzNiwiZXhwIjoxNzMyNDc0NjM2fQ.9BAzNN3_jb61zGZyesYPTnLj-3ExmkXkhclxQMtzPRM"
            },
            "coords": [
                [
                    18.04945,
                    59.34428
                ],
                [
                    18.04847,
                    59.34404
                ],
                [
                    18.04757,
                    59.3438
                ],
                [
                    18.04742,
                    59.34376
                ],
                [
                    18.04659,
                    59.34457
                ],
                [
                    18.04652,
                    59.34465
                ],
                [
                    18.04645,
                    59.34473
                ],
                [
                    18.04503,
                    59.34615
                ],
                [
                    18.04494,
                    59.34613
                ],
                [
                    18.04539,
                    59.34568
                ]
            ]
        }
    ],
    "apiKey": "0570baa7519bc51f4c4f437bc4ff0f6d"
}