{
    "city": 1,
    "initialStart": [
        18.06256,
        59.34206
    ],
    "trips": [
        {
            "summary": {
                "distance": 371.2,
                "duration": 94.1
            },
            "user": {
                "id": 697,
                "token": "eyJhbGciOiJIUzI1NiIsInR5cCI6IkpXVCJ9.eyJpZCI6Njk3LCJyb2xlIjoidXNlciIsImlhdCI6MTcwMDkzODYzNywiZXhwIjoxNzMyNDc0NjM3fQ.HfjqInrSEDu7BhnN3ZZzIcLuXTG87O3tJP8lTgzpbSM"
            },
            "coords": [
                [
                    18.06256,
                    59.34206
                ],
                [
                    18.06295,
                    59.34165
                ],
                [
                    18.06283,
                    59.34162
                ],
                [
                    18.06292,
                    59.34154
                ],
                [
                    18.06276,
                    59.3415
                ],
                [
                    18.06158,
                    59.34118
                ],
                [
                    18.06141,
                    59.34114
                ],
                [
                    18.06125,
                    59.34109
                ],
                [
                    18.06022,
                    59.34082
                ],
                [
                    18.06015,
                    59.3408
                ],
                [
                    18.06006,
                    59.34077
                ],
                [
                    18.0591,
                    59.34052
                ],
                [
                    18.05906,
                    59.34056
                ],
                [
                    18.05903,
                    59.34059
                ],
                [
                    18.05864,
                    59.34099
                ]
            ]
        },
        {
            "summary": {
                "distance": "",
                "duration": ""
            },
            "user": {
                "id": 698,
                "token": "eyJhbGciOiJIUzI1NiIsInR5cCI6IkpXVCJ9.eyJpZCI6Njk4LCJyb2xlIjoidXNlciIsImlhdCI6MTcwMDkzODYzNywiZXhwIjoxNzMyNDc0NjM3fQ.jpFJKw0k94SVIy1sZvhS7YyQqzYoV_jSXn_1eWWd70M"
            },
            "coords": [
                [
                    18.05864,
                    59.34099
                ],
                [
                    18.05823,
                    59.34141
                ],
                [
                    18.05823,
                    59.34144
                ],
                [
                    18.05819,
                    59.34149
                ],
                [
                    18.05919,
                    59.34175
                ],
                [
                    18.05925,
                    59.34177
                ],
                [
                    18.05931,
                    59.3417
                ],
                [
                    18.0601,
                    59.34085
                ],
                [
                    18.06015,
                    59.3408
                ],
                [
                    18.06024,
                    59.34071
                ],
                [
                    18.06099,
                    59.33991
                ],
                [
                    18.0611,
                    59.33986
                ],
                [
                    18.06117,
                    59.33978
                ],
                [
                    18.0614,
                    59.33952
                ],
                [
                    18.06148,
                    59.33944
                ]
            ]
        }
    ]
}