{
    "city": 2,
    "initialStart": [
        13.52054,
        59.38408
    ],
    "trips": [
        {
            "summary": {
                "distance": 326.4,
                "duration": 56.2
            },
            "user": {
                "id": 711,
                "token": "eyJhbGciOiJIUzI1NiIsInR5cCI6IkpXVCJ9.eyJpZCI6NzExLCJyb2xlIjoidXNlciIsImlhdCI6MTcwMDkzODk3MCwiZXhwIjoxNzMyNDc0OTcwfQ.rmin9yFEJM77EP-7_w8fGqgwj-jzojlrUzySMhTM0Ao"
            },
            "coords": [
                [
                    13.52054,
                    59.38408
                ],
                [
                    13.52037,
                    59.38403
                ],
                [
                    13.52021,
                    59.38395
                ],
                [
                    13.51999,
                    59.38388
                ],
                [
                    13.51786,
                    59.3834
                ],
                [
                    13.51647,
                    59.38349
                ],
                [
                    13.51627,
                    59.38346
                ],
                [
                    13.51621,
                    59.38341
                ],
                [
                    13.51616,
                    59.38329
                ],
                [
                    13.51696,
                    59.38323
                ]
            ]
        },
        {
            "summary": {
                "distance": 229.2,
                "duration": 40.3
            },
            "user": {
                "id": 712,
                "token": "eyJhbGciOiJIUzI1NiIsInR5cCI6IkpXVCJ9.eyJpZCI6NzEyLCJyb2xlIjoidXNlciIsImlhdCI6MTcwMDkzODk3MCwiZXhwIjoxNzMyNDc0OTcwfQ.tNtFr_drWR9wiKQRVLJGMDy6KJj46fIL_YhOYcFlG-Y"
            },
            "coords": [
                [
                    13.51696,
                    59.38323
                ],
                [
                    13.51616,
                    59.38329
                ],
                [
                    13.51621,
                    59.38341
                ],
                [
                    13.51603,
                    59.38345
                ],
                [
                    13.5158,
                    59.38354
                ],
                [
                    13.51559,
                    59.38356
                ],
                [
                    13.51479,
                    59.38363
                ],
                [
                    13.51446,
                    59.38364
                ],
                [
                    13.51356,
                    59.38371
                ],
                [
                    13.51344,
                    59.38371
                ],
                [
                    13.51332,
                    59.38372
                ]
            ]
        }
    ],
    "apiKey": "21448255707cac9879d5715e754ce59a"
}