{
    "city": 1,
    "initialStart": [
        18.0271,
        59.33605
    ],
    "trips": [
        {
            "summary": {
                "distance": 1019.7,
                "duration": 180.5
            },
            "user": {
                "id": 71,
                "token": "eyJhbGciOiJIUzI1NiIsInR5cCI6IkpXVCJ9.eyJpZCI6NzEsInJvbGUiOiJ1c2VyIiwiaWF0IjoxNzAwOTMyMDcxLCJleHAiOjE3MzI0NjgwNzF9.VgVFLDCOZ46xS90JFG7tQuvfFSkYdkFkHo5U5v8vfhY"
            },
            "coords": [
                [
                    18.0271,
                    59.33605
                ],
                [
                    18.02713,
                    59.33641
                ],
                [
                    18.02745,
                    59.33635
                ],
                [
                    18.02894,
                    59.33611
                ],
                [
                    18.02909,
                    59.33609
                ],
                [
                    18.02845,
                    59.335
                ],
                [
                    18.02612,
                    59.3353
                ],
                [
                    18.02577,
                    59.33534
                ],
                [
                    18.02565,
                    59.33533
                ],
                [
                    18.02556,
                    59.33529
                ],
                [
                    18.02553,
                    59.33524
                ],
                [
                    18.02525,
                    59.33476
                ],
                [
                    18.02522,
                    59.33471
                ],
                [
                    18.02502,
                    59.33437
                ],
                [
                    18.02499,
                    59.33432
                ],
                [
                    18.02493,
                    59.33422
                ],
                [
                    18.02473,
                    59.33425
                ],
                [
                    18.024,
                    59.33436
                ],
                [
                    18.02326,
                    59.33447
                ],
                [
                    18.02276,
                    59.33453
                ],
                [
                    18.02252,
                    59.33458
                ],
                [
                    18.0223,
                    59.33465
                ],
                [
                    18.0221,
                    59.33474
                ],
                [
                    18.02199,
                    59.33479
                ],
                [
                    18.02168,
                    59.33493
                ],
                [
                    18.02152,
                    59.33501
                ],
                [
                    18.02115,
                    59.33519
                ],
                [
                    18.02102,
                    59.33524
                ],
                [
                    18.02043,
                    59.33552
                ],
                [
                    18.02002,
                    59.33569
                ],
                [
                    18.01986,
                    59.33575
                ],
                [
                    18.01996,
                    59.33581
                ],
                [
                    18.02061,
                    59.33619
                ],
                [
                    18.02019,
                    59.33642
                ]
            ]
        },
        {
            "summary": {
                "distance": 1210,
                "duration": 234.7
            },
            "user": {
                "id": 72,
                "token": "eyJhbGciOiJIUzI1NiIsInR5cCI6IkpXVCJ9.eyJpZCI6NzIsInJvbGUiOiJ1c2VyIiwiaWF0IjoxNzAwOTMyMDcxLCJleHAiOjE3MzI0NjgwNzF9.TmdbMSs5_zHGiVSi6jU_K8UKSMvnAZEMUNoSI6I52PU"
            },