{
    "city": 2,
    "initialStart": [
        13.51924,
        59.40433
    ],
    "trips": [
        {
            "summary": {
                "distance": 310.4,
                "duration": 61.2
            },
            "user": {
                "id": 719,
                "token": "eyJhbGciOiJIUzI1NiIsInR5cCI6IkpXVCJ9.eyJpZCI6NzE5LCJyb2xlIjoidXNlciIsImlhdCI6MTcwMDkzOTAzMiwiZXhwIjoxNzMyNDc1MDMyfQ.Di5n5VHCj_Rs4u62Suyofoc62cOhviQLcrIXvSrqW-s"
            },
            "coords": [
                [
                    13.51924,
                    59.40433
                ],
                [
                    13.51925,
                    59.40439
                ],
                [
                    13.51944,
                    59.40439
                ],
                [
                    13.51976,
                    59.40436
                ],
                [
                    13.51976,
                    59.40426
                ],
                [
                    13.51969,
                    59.40387
                ],
                [
                    13.51978,
                    59.40354
                ],
                [
                    13.51976,
                    59.40335
                ],
                [
                    13.51974,
                    59.4031
                ],
                [
                    13.51971,
                    59.40283
                ],
                [
                    13.51968,
                    59.40263
                ],
                [
                    13.52062,
                    59.40209
                ],
                [
                    13.52063,
                    59.4021
                ]
            ]
        },
        {
            "summary": {
                "distance": 289.6,
                "duration": 47.4
            },
            "user": {
                "id": 720,
                "token": "eyJhbGciOiJIUzI1NiIsInR5cCI6IkpXVCJ9.eyJpZCI6NzIwLCJyb2xlIjoidXNlciIsImlhdCI6MTcwMDkzOTAzMiwiZXhwIjoxNzMyNDc1MDMyfQ.rc5a25wrJbrXnuTif8F14p7--qeLHP1KQUmCLbrGDbg"
            },
            "coords": [
                [
                    13.52063,
                    59.4021
                ],
                [
                    13.52062,
                    59.40209
                ],
                [
                    13.52061,
                    59.40208
                ],
                [
                    13.52052,
                    59.40196
                ],
                [
                    13.52006,
                    59.401
                ],
                [
                    13.52003,
                    59.40092
                ],
                [
                    13.51965,
                    59.40013
                ],
                [
                    13.51964,
                    59.40007
                ],
                [
                    13.51961,
                    59.40003
                ],
                [
                    13.51949,
                    59.39957
                ]
            ]
        }
    ],
    "apiKey": "8155c6a111eeffa4a86a76592d06a566"
}