{
    "city": 2,
    "initialStart": [
        13.51158,
        59.37194
    ],
    "trips": [
        {
            "summary": {
                "distance": "",
                "duration": ""
            },
            "user": {
                "id": 721,
                "token": "eyJhbGciOiJIUzI1NiIsInR5cCI6IkpXVCJ9.eyJpZCI6NzIxLCJyb2xlIjoidXNlciIsImlhdCI6MTcwMDkzOTAzMywiZXhwIjoxNzMyNDc1MDMzfQ.UMrb3zpfDeOTenm2feL2jHekJPxesQULuo9MGgufkOM"
            },
            "coords": [
                [
                    13.51158,
                    59.37194
                ],
                [
                    13.51158,
                    59.37198
                ],
                [
                    13.51169,
                    59.37205
                ],
                [
                    13.51195,
                    59.37208
                ],
                [
                    13.51204,
                    59.37209
                ],
                [
                    13.51211,
                    59.37161
                ],
                [
                    13.51216,
                    59.37111
                ],
                [
                    13.51215,
                    59.37106
                ],
                [
                    13.5121,
                    59.371
                ],
                [
                    13.51199,
                    59.37093
                ],
                [
                    13.51219,
                    59.37085
                ],
                [
                    13.51229,
                    59.37089
                ],
                [
                    13.51251,
                    59.37089
                ],
                [
                    13.51252,
                    59.37061
                ],
                [
                    13.51314,
                    59.37021
                ]
            ]
        },
        {
            "summary": {
                "distance": 339.7,
                "duration": 55.6
            },
            "user": {
                "id": 722,
                "token": "eyJhbGciOiJIUzI1NiIsInR5cCI6IkpXVCJ9.eyJpZCI6NzIyLCJyb2xlIjoidXNlciIsImlhdCI6MTcwMDkzOTAzMywiZXhwIjoxNzMyNDc1MDMzfQ.mWgkvjCbOm8VQ3hPcFJ71HAyBy5zCH2z3NCm9VmwDCU"
            },
            "coords": [
                [
                    13.51313,
                    59.37021
                ],
                [
                    13.51314,
                    59.37021
                ],
                [
                    13.51252,
                    59.37061
                ],
                [
                    13.51251,
                    59.37089
                ],
                [
                    13.51229,
                    59.37089
                ],
                [
                    13.51219,
                    59.37085
                ],
                [
                    13.51199,
                    59.37093
                ],
                [
                    13.5121,
                    59.371
                ],
                [
                    13.51215,
                    59.37106
                ],
                [
                    13.51216,
                    59.37111
                ],
                [
                    13.51211,
                    59.37161
                ],
                [
                    13.51204,
                    59.37209
                ],
                [
                    13.51195,
                    59.37249
                ],
                [
                    13.51129,
                    59.37237
                ]
            ]
        }
    ],
    "apiKey": "41cb3f8557c890de8a7e305a0e06577e"
}