{
    "city": 2,
    "initialStart": [
        13.53689,
        59.4106
    ],
    "trips": [
        {
            "summary": {
                "distance": 408.2,
                "duration": 74.5
            },
            "user": {
                "id": 725,
                "token": "eyJhbGciOiJIUzI1NiIsInR5cCI6IkpXVCJ9.eyJpZCI6NzI1LCJyb2xlIjoidXNlciIsImlhdCI6MTcwMDkzOTAzMywiZXhwIjoxNzMyNDc1MDMzfQ.5RFn1Z0gElIDeJgHNi0bdJC2LKsnLMOEEDrSblBdvrI"
            },
            "coords": [
                [
                    13.53689,
                    59.4106
                ],
                [
                    13.53709,
                    59.41063
                ],
                [
                    13.53742,
                    59.41073
                ],
                [
                    13.53752,
                    59.41061
                ],
                [
                    13.53767,
                    59.41003
                ],
                [
                    13.53785,
                    59.40937
                ],
                [
                    13.53804,
                    59.40893
                ],
                [
                    13.53817,
                    59.40876
                ],
                [
                    13.53831,
                    59.40861
                ],
                [
                    13.53869,
                    59.4083
                ],
                [
                    13.53879,
                    59.40824
                ],
                [
                    13.53937,
                    59.40869
                ],
                [
                    13.53951,
                    59.40889
                ]
            ]
        },
        {
            "summary": {
                "distance": "",
                "duration": ""
            },
            "user": {
                "id": 726,
                "token": "eyJhbGciOiJIUzI1NiIsInR5cCI6IkpXVCJ9.eyJpZCI6NzI2LCJyb2xlIjoidXNlciIsImlhdCI6MTcwMDkzOTAzMywiZXhwIjoxNzMyNDc1MDMzfQ.eA4owLEcGK55qIW4t5MhEqO2TT6wK2S5re76DDLMH9k"
            },
            "coords": [
                [
                    13.53951,
                    59.40889
                ],
                [
                    13.53937,
                    59.40869
                ],
                [
                    13.53879,
                    59.40824
                ],
                [
                    13.53894,
                    59.40816
                ],
                [
                    13.53949,
                    59.4078
                ],
                [
                    13.53953,
                    59.40777
                ],
                [
                    13.54003,
                    59.40743
                ],
                [
                    13.54031,
                    59.40717
                ],
                [
                    13.54047,
                    59.40693
                ],
                [
                    13.54031,
                    59.40692
                ],
                [
                    13.54019,
                    59.40686
                ],
                [
                    13.53992,
                    59.40683
                ],
                [
                    13.53959,
                    59.40679
                ],
                [
                    13.53943,
                    59.40674
                ],
                [
                    13.53947,
                    59.4067
                ]
            ]
        }
    ]
}