{
    "city": 2,
    "initialStart": [
        13.5095,
        59.36758
    ],
    "trips": [
        {
            "summary": {
                "distance": "",
                "duration": ""
            },
            "user": {
                "id": 729,
                "token": "eyJhbGciOiJIUzI1NiIsInR5cCI6IkpXVCJ9.eyJpZCI6NzI5LCJyb2xlIjoidXNlciIsImlhdCI6MTcwMDkzOTAzMywiZXhwIjoxNzMyNDc1MDMzfQ.lD76agVjncns0TRbzEeEM48rtWnMsFUNMXDHoig_F-4"
            },
            "coords": [
                [
                    13.5095,
                    59.36758
                ],
                [
                    13.51012,
                    59.36794
                ],
                [
                    13.51033,
                    59.36808
                ],
                [
                    13.51063,
                    59.36833
                ],
                [
                    13.51074,
                    59.36858
                ],
                [
                    13.51075,
                    59.3688
                ],
                [
                    13.51068,
                    59.36901
                ],
                [
                    13.51065,
                    59.36905
                ],
                [
                    13.51054,
                    59.36926
                ],
                [
                    13.51055,
                    59.36963
                ],
                [
                    13.51049,
                    59.36988
                ],
                [
                    13.51049,
                    59.36996
                ],
                [
                    13.51053,
                    59.36999
                ],
                [
                    13.51079,
                    59.37012
                ],
                [
                    13.51085,
                    59.37017
                ]
            ]
        },
        {
            "summary": {
                "distance": 356.7,
                "duration": 70.5
            },
            "user": {
                "id": 730,
                "token": "eyJhbGciOiJIUzI1NiIsInR5cCI6IkpXVCJ9.eyJpZCI6NzMwLCJyb2xlIjoidXNlciIsImlhdCI6MTcwMDkzOTAzMywiZXhwIjoxNzMyNDc1MDMzfQ.tRI8qz7l4gBhabayrO0U8sCycH4FgkaObWPgyChQ2NE"
            },
            "coords": [
                [
                    13.51085,
                    59.37017
                ],
                [
                    13.5109,
                    59.37025
                ],
                [
                    13.51087,
                    59.37035
                ],
                [
                    13.51083,
                    59.37041
                ],
                [
                    13.51091,
                    59.37044
                ],
                [
                    13.511,
                    59.37048
                ],
                [
                    13.51104,
                    59.3705
                ],
                [
                    13.51087,
                    59.37058
                ],
                [
                    13.50938,
                    59.37142
                ],
                [
                    13.51019,
                    59.37179
                ],
                [
                    13.51001,
                    59.37188
                ],
                [
                    13.51023,
                    59.372
                ],
                [
                    13.50976,
                    59.37222
                ],
                [
                    13.50954,
                    59.37235
                ],
                [
                    13.5092,
                    59.37219
                ]
            ]
        }
    ],
    "apiKey": "c6d7536f1f6125b6e4be419a77d6ebf8"
}