{
    "city": 1,
    "initialStart": [
        18.0577,
        59.34745
    ],
    "trips": [
        {
            "summary": {
                "distance": 460.4,
                "duration": 110.6
            },
            "user": {
                "id": 73,
                "token": "eyJhbGciOiJIUzI1NiIsInR5cCI6IkpXVCJ9.eyJpZCI6NzMsInJvbGUiOiJ1c2VyIiwiaWF0IjoxNzAwOTMyMDcyLCJleHAiOjE3MzI0NjgwNzJ9.KH2DqEr6yFd-4T5x_3vx6-vxcuit_I4CTbEHUnobBaE"
            },
            "coords": [
                [
                    18.0577,
                    59.34745
                ],
                [
                    18.05745,
                    59.34739
                ],
                [
                    18.05743,
                    59.34735
                ],
                [
                    18.05734,
                    59.34733
                ],
                [
                    18.05722,
                    59.3474
                ],
                [
                    18.05711,
                    59.34737
                ],
                [
                    18.0556,
                    59.34698
                ],
                [
                    18.05543,
                    59.34694
                ],
                [
                    18.05531,
                    59.34691
                ],
                [
                    18.05411,
                    59.34659
                ],
                [
                    18.05351,
                    59.34644
                ],
                [
                    18.05345,
                    59.34642
                ],
                [
                    18.05336,
                    59.3464
                ],
                [
                    18.0532,
                    59.34636
                ],
                [
                    18.05313,
                    59.34634
                ],
                [
                    18.05319,
                    59.34627
                ],
                [
                    18.05388,
                    59.34558
                ],
                [
                    18.05384,
                    59.34556
                ],
                [
                    18.05385,
                    59.34554
                ],
                [
                    18.05393,
                    59.34546
                ],
                [
                    18.05395,
                    59.34543
                ],
                [
                    18.05399,
                    59.34539
                ],
                [
                    18.0537,
                    59.34532
                ],
                [
                    18.05368,
                    59.3453
                ],
                [
                    18.05374,
                    59.34524
                ],
                [
                    18.05373,
                    59.34523
                ],
                [
                    18.05348,
                    59.34517
                ]
            ]
        },
        {
            "summary": {
                "distance": 790.5,
                "duration": 167.9
            },
            "user": {
                "id": 74,
                "token": "eyJhbGciOiJIUzI1NiIsInR5cCI6IkpXVCJ9.eyJpZCI6NzQsInJvbGUiOiJ1c2VyIiwiaWF0IjoxNzAwOTMyMDcyLCJleHAiOjE3MzI0NjgwNzJ9.BbHsTpU9ckCwix793I5Hi902MTAZIcpF7q9TkqJz2HI"
            },
            "coords": [
                [
                    18.05348,
                    59.34517
                ],
                [
                    18.05373,
                    59.34523
                ],
                [
                    18.05374,
                    59.34524
                ],
                [
                    18.05368,
                    59.3453
                ],
                [
                    18.0537,
                    59.34532
                ],
                [
                    18.05399,
                    59.34539
                ],
                [
                    18.05395,
                    59.34543
                ],
                [
                    18.05401,
                    59.34545
                ],
                [
                    18.05466,
                    59.34476
                ],
                [
                    18.05473,
                    59.34469
                ],
                [
                    18.05464,
                    59.34466
                ],
                [
                    18.05368,
                    59.34441
                ],
                [
                    18.05289,
                    59.34421
                ],
                [
                    18.05273,
                    59.34417
                ],
                [
                    18.05257,
                    59.34415
                ],
                [
                    18.05193,
                    59.34399
                ],
                [
                    18.05046,
                    59.34361
                ],
                [
                    18.05038,
                    59.34359
                ],
                [
                    18.05034,
                    59.34363
                ],
                [
                    18.04976,
                    59.34422
                ],
                [
                    18.04972,
                    59.34424
                ],
                [
                    18.04959,
                    59.34432
                ],
                [
                    18.04945,
                    59.34428
                ],
                [
                    18.04847,
                    59.34404
                ],
                [
                    18.04757,
                    59.3438
                ],
                [
                    18.04742,
                    59.34376
                ],
                [
                    18.048,
                    59.34318
                ],
                [
                    18.04808,
                    59.3431
                ],
                [
                    18.04799,
                    59.3431
                ],
                [
                    18.0476,
                    59.34348
                ]
            ]
        }
    ]
}