{
    "city": 2,
    "initialStart": [
        13.48252,
        59.38336
    ],
    "trips": [
        {
            "summary": {
                "distance": 487.5,
                "duration": 79.8
            },
            "user": {
                "id": 777,
                "token": "eyJhbGciOiJIUzI1NiIsInR5cCI6IkpXVCJ9.eyJpZCI6Nzc3LCJyb2xlIjoidXNlciIsImlhdCI6MTcwMDkzOTg3MiwiZXhwIjoxNzMyNDc1ODcyfQ.m87CB3pY2UC3H4U9bUOaow-soOkbaU-okeemBa5s3h4"
            },
            "coords": [
                [
                    13.48252,
                    59.38336
                ],
                [
                    13.4831,
                    59.38243
                ],
                [
                    13.4834,
                    59.38212
                ],
                [
                    13.48381,
                    59.38182
                ],
                [
                    13.4842,
                    59.38198
                ],
                [
                    13.48418,
                    59.38199
                ],
                [
                    13.484,
                    59.38213
                ],
                [
                    13.48375,
                    59.38245
                ],
                [
                    13.48369,
                    59.38268
                ],
                [
                    13.4838,
                    59.383
                ],
                [
                    13.484,
                    59.3832
                ],
                [
                    13.48434,
                    59.38339
                ],
                [
                    13.48477,
                    59.38352
                ],
                [
                    13.48529,
                    59.38358
                ],
                [
                    13.48598,
                    59.38355
                ]
            ]
        },
        {
            "summary": {
                "distance": "",
                "duration": ""
            },
            "user": {
                "id": 778,
                "token": "eyJhbGciOiJIUzI1NiIsInR5cCI6IkpXVCJ9.eyJpZCI6Nzc4LCJyb2xlIjoidXNlciIsImlhdCI6MTcwMDkzOTg3MiwiZXhwIjoxNzMyNDc1ODcyfQ.xEfjoRd_kkL2L6ukugSx1iwwLD1283NHou4mwwjckDY"
            },
            "coords": [
                [
                    13.48598,
                    59.38355
                ],
                [
                    13.48598,
                    59.38355
                ],
                [
                    13.48529,
                    59.38358
                ],
                [
                    13.48477,
                    59.38352
                ],
                [
                    13.48434,
                    59.38339
                ],
                [
                    13.484,
                    59.3832
                ],
                [
                    13.4838,
                    59.383
                ],
                [
                    13.48369,
                    59.38268
                ],
                [
                    13.48375,
                    59.38245
                ],
                [
                    13.484,
                    59.38213
                ],
                [
                    13.48418,
                    59.38199
                ],
                [
                    13.4842,
                    59.38198
                ],
                [
                    13.48381,
                    59.38182
                ],
                [
                    13.48466,
                    59.38118
                ],
                [
                    13.4849,
                    59.38116
                ]
            ]
        }
    ]
}