{
    "city": 2,
    "initialStart": [
        13.50816,
        59.37299
    ],
    "trips": [
        {
            "summary": {
                "distance": "",
                "duration": ""
            },
            "user": {
                "id": 789,
                "token": "eyJhbGciOiJIUzI1NiIsInR5cCI6IkpXVCJ9.eyJpZCI6Nzg5LCJyb2xlIjoidXNlciIsImlhdCI6MTcwMDkzOTg3MywiZXhwIjoxNzMyNDc1ODczfQ.7Odt6rGWCTHaHYj5gOpJMB_hwkV8sD7uwJTdPbVgZWI"
            },
            "coords": [
                [
                    13.50816,
                    59.37299
                ],
                [
                    13.50806,
                    59.37293
                ],
                [
                    13.50813,
                    59.37291
                ],
                [
                    13.50803,
                    59.37284
                ],
                [
                    13.50765,
                    59.37263
                ],
                [
                    13.50757,
                    59.37256
                ],
                [
                    13.50757,
                    59.37251
                ],
                [
                    13.50766,
                    59.37238
                ],
                [
                    13.50757,
                    59.37234
                ],
                [
                    13.50751,
                    59.37231
                ],
                [
                    13.50746,
                    59.37227
                ],
                [
                    13.50724,
                    59.37232
                ],
                [
                    13.50714,
                    59.37232
                ],
                [
                    13.50694,
                    59.37229
                ],
                [
                    13.50631,
                    59.37198
                ]
            ]
        },
        {
            "summary": {
                "distance": 364.7,
                "duration": 59.7
            },
            "user": {
                "id": 790,
                "token": "eyJhbGciOiJIUzI1NiIsInR5cCI6IkpXVCJ9.eyJpZCI6NzkwLCJyb2xlIjoidXNlciIsImlhdCI6MTcwMDkzOTg3NCwiZXhwIjoxNzMyNDc1ODc0fQ.2vEG21XR8j7MA1sxlxZYx6G9li81V_g1PIVUiDPbsT8"
            },
            "coords": [
                [
                    13.50631,
                    59.37198
                ],
                [
                    13.50631,
                    59.37198
                ],
                [
                    13.50562,
                    59.37219
                ],
                [
                    13.50499,
                    59.37234
                ],
                [
                    13.50473,
                    59.37229
                ],
                [
                    13.50459,
                    59.37224
                ],
                [
                    13.50441,
                    59.37212
                ],
                [
                    13.50372,
                    59.3715
                ],
                [
                    13.50335,
                    59.37098
                ],
                [
                    13.50311,
                    59.37079
                ],
                [
                    13.50232,
                    59.37098
                ],
                [
                    13.50222,
                    59.37082
                ]
            ]
        }
    ]
}