{
    "city": 1,
    "initialStart": [
        18.05015,
        59.32663
    ],
    "trips": [
        {
            "summary": {
                "distance": 1258.3,
                "duration": 259.7
            },
            "user": {
                "id": 7,
                "token": "eyJhbGciOiJIUzI1NiIsInR5cCI6IkpXVCJ9.eyJpZCI6Nywicm9sZSI6InVzZXIiLCJpYXQiOjE3MDA5Mjk0MzIsImV4cCI6MTczMjQ2NTQzMn0.6PaNU2DmTGx7JR15tiizNHJ_Fvmy2467ys3X3FH6B-0"
            },
            "coords": [
                [
                    18.05015,
                    59.32663
                ],
                [
                    18.05018,
                    59.32663
                ],
                [
                    18.05016,
                    59.32672
                ],
                [
                    18.05013,
                    59.3268
                ],
                [
                    18.05027,
                    59.32677
                ],
                [
                    18.05045,
                    59.32675
                ],
                [
                    18.05142,
                    59.32684
                ],
                [
                    18.05331,
                    59.32701
                ],
                [
                    18.05337,
                    59.32704
                ],
                [
                    18.05315,
                    59.32769
                ],
                [
                    18.05318,
                    59.32773
                ],
                [
                    18.05322,
                    59.32776
                ],
                [
                    18.05331,
                    59.32778
                ],
                [
                    18.05479,
                    59.32791
                ],
                [
                    18.05513,
                    59.32793
                ],
                [
                    18.05538,
                    59.32796
                ],
                [
                    18.05561,
                    59.32803
                ],
                [
                    18.05591,
                    59.32806
                ],
                [
                    18.05737,
                    59.32819
                ],
                [
                    18.05755,
                    59.3282
                ],
                [
                    18.05778,
                    59.32817
                ],
                [
                    18.05797,
                    59.32813
                ],
                [
                    18.05802,
                    59.32812
                ],
                [
                    18.05819,
                    59.32808
                ],
                [
                    18.05886,
                    59.32798
                ],
                [
                    18.05905,
                    59.32798
                ],
                [
                    18.05948,
                    59.32803
                ],
                [
                    18.05952,
                    59.32796
                ],
                [
                    18.0597,
                    59.32797
                ],
                [
                    18.05986,
                    59.32789
                ],
                [
                    18.06056,
                    59.32761
                ],
                [
                    18.0612,
                    59.32732
                ],
                [
                    18.06306,
                    59.32635
                ],
                [
                    18.06312,
                    59.32626
                ],
                [
                    18.06217,
                    59.32616
                ],
                [
                    18.06162,
                    59.32606
                ],
                [
                    18.06148,
                    59.32601
                ],
                [
                    18.06132,
                    59.32591
                ],
                [
                    18.06134,
                    59.32586
                ],
                [
                    18.06183,
                    59.32535
                ],
                [
                    18.0619,
                    59.32521
                ],
                [
                    18.06182,
                    59.3252
                ],
                [
                    18.06174,
                    59.32534
                ],
                [
                    18.06142,
                    59.32568
                ],
                [
                    18.06107,
                    59.32582
                ],
                [
                    18.06108,
                    59.32574
                ],
                [
                    18.06113,
                    59.32561
                ]
            ]
        },
        {
            "summary": {
                "distance": 2306.9,
                "duration": 464.9
            },
            "user": {
                "id": 8,
                "token": "eyJhbGciOiJIUzI1NiIsInR5cCI6IkpXVCJ9.eyJpZCI6OCwicm9sZSI6InVzZXIiLCJpYXQiOjE3MDA5Mjk0MzMsImV4cCI6MTczMjQ2NTQzM30.L_BoYkGqc7tLJbc7X5pcN8jGJMMX7_dRX_41ge1MH9E"
            },