{
    "city": 1,
    "initialStart": [
        18.06032,
        59.3382
    ],
    "trips": [
        {
            "summary": {
                "distance": 452,
                "duration": 113
            },
            "user": {
                "id": 79,
                "token": "eyJhbGciOiJIUzI1NiIsInR5cCI6IkpXVCJ9.eyJpZCI6NzksInJvbGUiOiJ1c2VyIiwiaWF0IjoxNzAwOTMyMDczLCJleHAiOjE3MzI0NjgwNzN9.cPIwHIj1-CeSAccLvm9XHD6mN7QKA91AzFBlRN4CN2A"
            },
            "coords": [
                [
                    18.06032,
                    59.3382
                ],
                [
                    18.05991,
                    59.33811
                ],
                [
                    18.05948,
                    59.33798
                ],
                [
                    18.05964,
                    59.33782
                ],
                [
                    18.05946,
                    59.33777
                ],
                [
                    18.05943,
                    59.33776
                ],
                [
                    18.05948,
                    59.33772
                ],
                [
                    18.05992,
                    59.33728
                ],
                [
                    18.05996,
                    59.33722
                ],
                [
                    18.06001,
                    59.33717
                ],
                [
                    18.06034,
                    59.33685
                ],
                [
                    18.06038,
                    59.33676
                ],
                [
                    18.0608,
                    59.33634
                ],
                [
                    18.06093,
                    59.33628
                ],
                [
                    18.06105,
                    59.33616
                ],
                [
                    18.06112,
                    59.33609
                ],
                [
                    18.06104,
                    59.33607
                ],
                [
                    18.06058,
                    59.33595
                ],
                [
                    18.05961,
                    59.33569
                ],
                [
                    18.05954,
                    59.33576
                ],
                [
                    18.05876,
                    59.33557
                ]
            ]
        },
        {
            "summary": {
                "distance": 658.5,
                "duration": 177.4
            },
            "user": {
                "id": 80,
                "token": "eyJhbGciOiJIUzI1NiIsInR5cCI6IkpXVCJ9.eyJpZCI6ODAsInJvbGUiOiJ1c2VyIiwiaWF0IjoxNzAwOTMyMDczLCJleHAiOjE3MzI0NjgwNzN9.jglEX2xRMtNE8CtL-t_5RKOKqO4bUuRQJ8uSjMEiPfw"
            },
            "coords": [
                [
                    18.05876,
                    59.33557
                ],
                [
                    18.05851,
                    59.3355
                ],
                [
                    18.05823,
                    59.33549
                ],
                [
                    18.05824,
                    59.33542
                ],
                [
                    18.058,
                    59.3354
                ],
                [
                    18.05727,
                    59.33522
                ],
                [
                    18.05714,
                    59.33518
                ],
                [
                    18.05719,
                    59.33512
                ],
                [
                    18.05745,
                    59.33486
                ],
                [
                    18.0577,
                    59.33461
                ],
                [
                    18.05805,
                    59.33425
                ],
                [
                    18.05808,
                    59.33422
                ],
                [
                    18.05812,
                    59.33417
                ],
                [
                    18.05803,
                    59.33415
                ],
                [
                    18.05674,
                    59.33382
                ],
                [
                    18.05664,
                    59.33379
                ],
                [
                    18.05658,
                    59.33377
                ],
                [
                    18.05643,
                    59.33378
                ],
                [
                    18.05649,
                    59.33371
                ],
                [
                    18.05656,
                    59.33364
                ],
                [
                    18.05661,
                    59.33358
                ],
                [
                    18.05661,
                    59.3335
                ],
                [
                    18.05686,
                    59.33322
                ],
                [
                    18.05686,
                    59.33311
                ],
                [
                    18.05689,
                    59.33302
                ],
                [
                    18.05732,
                    59.33256
                ],
                [
                    18.0574,
                    59.33247
                ],
                [
                    18.05748,
                    59.33249
                ],
                [
                    18.05763,
                    59.33254
                ],
                [
                    18.05756,
                    59.33261
                ],
                [
                    18.05768,
                    59.33264
                ],
                [
                    18.05773,
                    59.33265
                ],
                [
                    18.05778,
                    59.33259
                ],
                [
                    18.05789,
                    59.33262
                ],
                [
                    18.05784,
                    59.33266
                ],
                [
                    18.0576,
                    59.33254
                ],
                [
                    18.05745,
                    59.33236
                ],
                [
                    18.05712,
                    59.33243
                ],
                [
                    18.05709,
                    59.33238
                ],
                [
                    18.05717,
                    59.3323
                ],
                [
                    18.0572,
                    59.33226
                ],
                [
                    18.0573,
                    59.33216
                ],
                [
                    18.05731,
                    59.33214
                ],
                [
                    18.05733,
                    59.33212
                ],
                [
                    18.05746,
                    59.33216
                ]
            ]
        }
    ],
    "apiKey": "ab3db319ca6d53d25b1efd72c8355f5b"
}