{
    "city": 2,
    "initialStart": [
        13.51196,
        59.36896
    ],
    "trips": [
        {
            "summary": {
                "distance": "",
                "duration": ""
            },
            "user": {
                "id": 799,
                "token": "eyJhbGciOiJIUzI1NiIsInR5cCI6IkpXVCJ9.eyJpZCI6Nzk5LCJyb2xlIjoidXNlciIsImlhdCI6MTcwMDkzOTg3OSwiZXhwIjoxNzMyNDc1ODc5fQ.YbKtp-wFEt5x4hhCPFfzhHJ-rUR9xD9f7JXf2p-iTiQ"
            },
            "coords": [
                [
                    13.51196,
                    59.36896
                ],
                [
                    13.51019,
                    59.36791
                ],
                [
                    13.5089,
                    59.36714
                ],
                [
                    13.50647,
                    59.36558
                ],
                [
                    13.50781,
                    59.36636
                ],
                [
                    13.50902,
                    59.36708
                ],
                [
                    13.51031,
                    59.36786
                ],
                [
                    13.51274,
                    59.36931
                ],
                [
                    13.51281,
                    59.36935
                ],
                [
                    13.51274,
                    59.3694
                ],
                [
                    13.51261,
                    59.36949
                ],
                [
                    13.51175,
                    59.36999
                ],
                [
                    13.51167,
                    59.37006
                ],
                [
                    13.51155,
                    59.37022
                ],
                [
                    13.51156,
                    59.37025
                ]
            ]
        },
        {
            "summary": {
                "distance": 328.8,
                "duration": 53.8
            },
            "user": {
                "id": 800,
                "token": "eyJhbGciOiJIUzI1NiIsInR5cCI6IkpXVCJ9.eyJpZCI6ODAwLCJyb2xlIjoidXNlciIsImlhdCI6MTcwMDkzOTg3OSwiZXhwIjoxNzMyNDc1ODc5fQ.JMXY5jW61szD6oithlEkWn9oVoP8HpBeCXkGAsMTUy4"
            },
            "coords": [
                [
                    13.51156,
                    59.37025
                ],
                [
                    13.51186,
                    59.37048
                ],
                [
                    13.51204,
                    59.37057
                ],
                [
                    13.51209,
                    59.37053
                ],
                [
                    13.51221,
                    59.37055
                ],
                [
                    13.51231,
                    59.37055
                ],
                [
                    13.51242,
                    59.37057
                ],
                [
                    13.51252,
                    59.37061
                ],
                [
                    13.51251,
                    59.37089
                ],
                [
                    13.51226,
                    59.37237
                ],
                [
                    13.51212,
                    59.37274
                ],
                [
                    13.51203,
                    59.37286
                ]
            ]
        }
    ]
}