{
    "city": 2,
    "initialStart": [
        13.51063,
        59.37214
    ],
    "trips": [
        {
            "summary": {
                "distance": "",
                "duration": ""
            },
            "user": {
                "id": 803,
                "token": "eyJhbGciOiJIUzI1NiIsInR5cCI6IkpXVCJ9.eyJpZCI6ODAzLCJyb2xlIjoidXNlciIsImlhdCI6MTcwMDk0MDA2OCwiZXhwIjoxNzMyNDc2MDY4fQ.TNlDZMqiUt6esRHiltOaejXw-b1hp1hJ3V5ShO0Gq9w"
            },
            "coords": [
                [
                    13.51063,
                    59.37214
                ],
                [
                    13.51045,
                    59.37205
                ],
                [
                    13.51023,
                    59.372
                ],
                [
                    13.51001,
                    59.37188
                ],
                [
                    13.51019,
                    59.37179
                ],
                [
                    13.51199,
                    59.37093
                ],
                [
                    13.51219,
                    59.37085
                ],
                [
                    13.51229,
                    59.37089
                ],
                [
                    13.51251,
                    59.37089
                ],
                [
                    13.51252,
                    59.37061
                ],
                [
                    13.51314,
                    59.37021
                ],
                [
                    13.51307,
                    59.37018
                ],
                [
                    13.51301,
                    59.37015
                ],
                [
                    13.51266,
                    59.36998
                ],
                [
                    13.51257,
                    59.36992
                ]
            ]
        },
        {
            "summary": {
                "distance": 250.2,
                "duration": 40.9
            },
            "user": {
                "id": 804,
                "token": "eyJhbGciOiJIUzI1NiIsInR5cCI6IkpXVCJ9.eyJpZCI6ODA0LCJyb2xlIjoidXNlciIsImlhdCI6MTcwMDk0MDA2OCwiZXhwIjoxNzMyNDc2MDY4fQ.nFp7hkgRCzIAn0T8xPn7v0WCfS0rJasT-7q5JHQ8fC8"
            },
            "coords": [
                [
                    13.51257,
                    59.36992
                ],
                [
                    13.51257,
                    59.36992
                ],
                [
                    13.51288,
                    59.36981
                ],
                [
                    13.51305,
                    59.36979
                ],
                [
                    13.51315,
                    59.36978
                ],
                [
                    13.51327,
                    59.36981
                ],
                [
                    13.51342,
                    59.36986
                ],
                [
                    13.51431,
                    59.37036
                ],
                [
                    13.51464,
                    59.37057
                ],
                [
                    13.51491,
                    59.37074
                ],
                [
                    13.51494,
                    59.37079
                ],
                [
                    13.51554,
                    59.37118
                ],
                [
                    13.5156,
                    59.37121
                ]
            ]
        }
    ]
}