{
    "city": 1,
    "initialStart": [
        18.05352,
        59.35409
    ],
    "trips": [
        {
            "summary": {
                "distance": 483.6,
                "duration": 79.1
            },
            "user": {
                "id": 81,
                "token": "eyJhbGciOiJIUzI1NiIsInR5cCI6IkpXVCJ9.eyJpZCI6ODEsInJvbGUiOiJ1c2VyIiwiaWF0IjoxNzAwOTMyMDc0LCJleHAiOjE3MzI0NjgwNzR9.IMEYIwITSkfk1h8tNeSTAiDgHX5otCf4FHp0kPTagmA"
            },
            "coords": [
                [
                    18.05352,
                    59.35409
                ],
                [
                    18.05346,
                    59.35397
                ],
                [
                    18.05346,
                    59.35371
                ],
                [
                    18.05365,
                    59.35342
                ],
                [
                    18.05384,
                    59.35322
                ],
                [
                    18.05454,
                    59.35269
                ],
                [
                    18.05509,
                    59.35235
                ],
                [
                    18.05531,
                    59.35223
                ],
                [
                    18.05577,
                    59.35204
                ],
                [
                    18.05551,
                    59.35194
                ],
                [
                    18.05493,
                    59.35175
                ],
                [
                    18.05475,
                    59.35171
                ],
                [
                    18.05499,
                    59.35143
                ],
                [
                    18.05501,
                    59.35133
                ],
                [
                    18.05443,
                    59.35146
                ],
                [
                    18.05345,
                    59.35167
                ]
            ]
        },
        {
            "summary": {
                "distance": 527.1,
                "duration": 97.6
            },
            "user": {
                "id": 82,
                "token": "eyJhbGciOiJIUzI1NiIsInR5cCI6IkpXVCJ9.eyJpZCI6ODIsInJvbGUiOiJ1c2VyIiwiaWF0IjoxNzAwOTMyMDc0LCJleHAiOjE3MzI0NjgwNzR9.-n1wNWU2Eda5yBNUtoV8_ENjRPbRpqPB74GcqAzvs3M"
            },
            "coords": [
                [
                    18.05345,
                    59.35167
                ],
                [
                    18.05305,
                    59.35182
                ],
                [
                    18.05287,
                    59.35189
                ],
                [
                    18.05255,
                    59.35198
                ],
                [
                    18.05243,
                    59.35204
                ],
                [
                    18.05235,
                    59.3521
                ],
                [
                    18.05229,
                    59.35231
                ],
                [
                    18.052,
                    59.35244
                ],
                [
                    18.05137,
                    59.35273
                ],
                [
                    18.05118,
                    59.35287
                ],
                [
                    18.05112,
                    59.35299
                ],
                [
                    18.05113,
                    59.35315
                ],
                [
                    18.05098,
                    59.35331
                ],
                [
                    18.05091,
                    59.35333
                ],
                [
                    18.05086,
                    59.35335
                ],
                [
                    18.05075,
                    59.35336
                ],
                [
                    18.05063,
                    59.35335
                ],
                [
                    18.05052,
                    59.35331
                ],
                [
                    18.05019,
                    59.35313
                ],
                [
                    18.04999,
                    59.35306
                ],
                [
                    18.04932,
                    59.35287
                ],
                [
                    18.04906,
                    59.35281
                ],
                [
                    18.04867,
                    59.3528
                ],
                [
                    18.04856,
                    59.35282
                ],
                [
                    18.04848,
                    59.35286
                ],
                [
                    18.04828,
                    59.35283
                ],
                [
                    18.04764,
                    59.3527
                ],
                [
                    18.04744,
                    59.35265
                ],
                [
                    18.04726,
                    59.35255
                ],
                [
                    18.04701,
                    59.35278
                ],
                [
                    18.0469,
                    59.35285
                ]
            ]
        }
    ],
    "apiKey": "9fe635c9f67746f22407c11d6b49f11f"
}