{
    "city": 2,
    "initialStart": [
        13.49832,
        59.36575
    ],
    "trips": [
        {
            "summary": {
                "distance": "",
                "duration": ""
            },
            "user": {
                "id": 831,
                "token": "eyJhbGciOiJIUzI1NiIsInR5cCI6IkpXVCJ9.eyJpZCI6ODMxLCJyb2xlIjoidXNlciIsImlhdCI6MTcwMDk0MDA3NywiZXhwIjoxNzMyNDc2MDc3fQ.nZ0NlS7euqaRvMsgsQN6bnnAWqe0Feeo0xBiPNOH9HY"
            },
            "coords": [
                [
                    13.49832,
                    59.36575
                ],
                [
                    13.49814,
                    59.3656
                ],
                [
                    13.49768,
                    59.36579
                ],
                [
                    13.49752,
                    59.36583
                ],
                [
                    13.49703,
                    59.36596
                ],
                [
                    13.49671,
                    59.36603
                ],
                [
                    13.49639,
                    59.36605
                ],
                [
                    13.49617,
                    59.36608
                ],
                [
                    13.49598,
                    59.36616
                ],
                [
                    13.49549,
                    59.36595
                ],
                [
                    13.49526,
                    59.3661
                ],
                [
                    13.495,
                    59.36621
                ],
                [
                    13.49414,
                    59.36648
                ],
                [
                    13.49408,
                    59.36654
                ],
                [
                    13.49405,
                    59.36674
                ]
            ]
        },
        {
            "summary": {
                "distance": 239.9,
                "duration": 39.3
            },
            "user": {
                "id": 832,
                "token": "eyJhbGciOiJIUzI1NiIsInR5cCI6IkpXVCJ9.eyJpZCI6ODMyLCJyb2xlIjoidXNlciIsImlhdCI6MTcwMDk0MDA3NywiZXhwIjoxNzMyNDc2MDc3fQ.o-NVYYddfOJVQ7a9WimHGCEPlgzmEl16XdyArif5ImI"
            },
            "coords": [
                [
                    13.49405,
                    59.36674
                ],
                [
                    13.49405,
                    59.36674
                ],
                [
                    13.49408,
                    59.36654
                ],
                [
                    13.49414,
                    59.36648
                ],
                [
                    13.49386,
                    59.36618
                ],
                [
                    13.49383,
                    59.36608
                ],
                [
                    13.49384,
                    59.36587
                ],
                [
                    13.49388,
                    59.36571
                ],
                [
                    13.49386,
                    59.36558
                ],
                [
                    13.49388,
                    59.36548
                ],
                [
                    13.49398,
                    59.36532
                ],
                [
                    13.49415,
                    59.36521
                ],
                [
                    13.49433,
                    59.36519
                ],
                [
                    13.49451,
                    59.36521
                ],
                [
                    13.49516,
                    59.36532
                ]
            ]
        }
    ],
    "apiKey": "52b089197a651c5be4d994a2296c5d9a"
}