{
    "city": 2,
    "initialStart": [
        13.51715,
        59.37644
    ],
    "trips": [
        {
            "summary": {
                "distance": 342,
                "duration": 66.8
            },
            "user": {
                "id": 849,
                "token": "eyJhbGciOiJIUzI1NiIsInR5cCI6IkpXVCJ9.eyJpZCI6ODQ5LCJyb2xlIjoidXNlciIsImlhdCI6MTcwMDk0MDM2OSwiZXhwIjoxNzMyNDc2MzY5fQ.dwrTpDe4qkihKzve6-jVbYOeXfj2RJnyE0M7PFV2Vbc"
            },
            "coords": [
                [
                    13.51715,
                    59.37644
                ],
                [
                    13.51716,
                    59.37648
                ],
                [
                    13.51784,
                    59.37645
                ],
                [
                    13.51836,
                    59.37642
                ],
                [
                    13.5189,
                    59.37638
                ],
                [
                    13.51966,
                    59.37634
                ],
                [
                    13.52032,
                    59.37631
                ],
                [
                    13.52113,
                    59.37627
                ],
                [
                    13.52149,
                    59.37625
                ],
                [
                    13.52149,
                    59.37629
                ],
                [
                    13.52155,
                    59.37661
                ],
                [
                    13.52144,
                    59.37662
                ],
                [
                    13.52123,
                    59.37663
                ],
                [
                    13.52082,
                    59.37668
                ],
                [
                    13.52084,
                    59.37676
                ]
            ]
        },
        {
            "summary": {
                "distance": 407.6,
                "duration": 76.7
            },
            "user": {
                "id": 850,
                "token": "eyJhbGciOiJIUzI1NiIsInR5cCI6IkpXVCJ9.eyJpZCI6ODUwLCJyb2xlIjoidXNlciIsImlhdCI6MTcwMDk0MDM2OSwiZXhwIjoxNzMyNDc2MzY5fQ.NKv6hjZD8ElgD4rKPnljRjTaZwpf8jGiLFe9jq7Vrp0"
            },
            "coords": [
                [
                    13.52084,
                    59.37676
                ],
                [
                    13.52082,
                    59.37668
                ],
                [
                    13.52123,
                    59.37663
                ],
                [
                    13.52144,
                    59.37662
                ],
                [
                    13.52155,
                    59.37661
                ],
                [
                    13.52171,
                    59.37751
                ],
                [
                    13.52051,
                    59.37759
                ],
                [
                    13.52032,
                    59.3776
                ],
                [
                    13.51991,
                    59.37761
                ],
                [
                    13.51951,
                    59.37763
                ],
                [
                    13.51918,
                    59.37765
                ],
                [
                    13.51854,
                    59.37768
                ],
                [
                    13.51809,
                    59.37771
                ],
                [
                    13.51813,
                    59.3781
                ],
                [
                    13.51815,
                    59.37815
                ]
            ]
        }
    ]
}