{
    "city": 2,
    "initialStart": [
        13.52251,
        59.38886
    ],
    "trips": [
        {
            "summary": {
                "distance": "",
                "duration": ""
            },
            "user": {
                "id": 859,
                "token": "eyJhbGciOiJIUzI1NiIsInR5cCI6IkpXVCJ9.eyJpZCI6ODU5LCJyb2xlIjoidXNlciIsImlhdCI6MTcwMDk0MDM3MCwiZXhwIjoxNzMyNDc2MzcwfQ._OHeoJ277TvsT3MmzWUv6IZE5sBQtvYFQk6ElVGRm6U"
            },
            "coords": [
                [
                    13.52251,
                    59.38886
                ],
                [
                    13.523,
                    59.38928
                ],
                [
                    13.52312,
                    59.38924
                ],
                [
                    13.52398,
                    59.38898
                ],
                [
                    13.52438,
                    59.3889
                ],
                [
                    13.525,
                    59.38882
                ],
                [
                    13.52504,
                    59.38882
                ],
                [
                    13.52542,
                    59.38879
                ],
                [
                    13.52544,
                    59.38888
                ],
                [
                    13.52566,
                    59.38935
                ],
                [
                    13.52573,
                    59.38948
                ],
                [
                    13.52604,
                    59.3898
                ],
                [
                    13.5263,
                    59.38998
                ],
                [
                    13.5268,
                    59.39027
                ],
                [
                    13.52678,
                    59.39032
                ]
            ]
        },
        {
            "summary": {
                "distance": 251.8,
                "duration": 41.2
            },
            "user": {
                "id": 860,
                "token": "eyJhbGciOiJIUzI1NiIsInR5cCI6IkpXVCJ9.eyJpZCI6ODYwLCJyb2xlIjoidXNlciIsImlhdCI6MTcwMDk0MDM3MCwiZXhwIjoxNzMyNDc2MzcwfQ.zcusXaaYhSIGPEhXj3zrGnyyQ5nL1pj4oruQ_GiDjDk"
            },
            "coords": [
                [
                    13.52678,
                    59.39032
                ],
                [
                    13.52678,
                    59.39032
                ],
                [
                    13.52665,
                    59.39038
                ],
                [
                    13.52674,
                    59.39042
                ],
                [
                    13.52663,
                    59.39048
                ],
                [
                    13.52645,
                    59.39057
                ],
                [
                    13.52625,
                    59.39067
                ],
                [
                    13.52606,
                    59.39077
                ],
                [
                    13.52569,
                    59.39096
                ],
                [
                    13.5254,
                    59.39111
                ],
                [
                    13.52641,
                    59.3917
                ],
                [
                    13.52612,
                    59.39184
                ],
                [
                    13.52593,
                    59.39192
                ],
                [
                    13.52588,
                    59.39195
                ]
            ]
        }
    ]
}