{
    "city": 2,
    "initialStart": [
        13.45821,
        59.37788
    ],
    "trips": [
        {
            "summary": {
                "distance": 248.1,
                "duration": 40.6
            },
            "user": {
                "id": 867,
                "token": "eyJhbGciOiJIUzI1NiIsInR5cCI6IkpXVCJ9.eyJpZCI6ODY3LCJyb2xlIjoidXNlciIsImlhdCI6MTcwMDk0MDM3MywiZXhwIjoxNzMyNDc2MzczfQ.ykL9teKnJZ7VcyyuIf5eL8rDqQKIa6fq8f7akNwcWS0"
            },
            "coords": [
                [
                    13.45821,
                    59.37788
                ],
                [
                    13.45864,
                    59.3779
                ],
                [
                    13.45861,
                    59.37801
                ],
                [
                    13.45853,
                    59.37838
                ],
                [
                    13.45862,
                    59.37841
                ],
                [
                    13.45923,
                    59.37888
                ],
                [
                    13.45934,
                    59.37892
                ],
                [
                    13.45932,
                    59.37896
                ],
                [
                    13.45931,
                    59.37904
                ],
                [
                    13.4594,
                    59.3792
                ],
                [
                    13.45949,
                    59.37948
                ],
                [
                    13.45951,
                    59.37973
                ],
                [
                    13.45951,
                    59.37975
                ]
            ]
        },
        {
            "summary": {
                "distance": "",
                "duration": ""
            },
            "user": {
                "id": 868,
                "token": "eyJhbGciOiJIUzI1NiIsInR5cCI6IkpXVCJ9.eyJpZCI6ODY4LCJyb2xlIjoidXNlciIsImlhdCI6MTcwMDk0MDM3MywiZXhwIjoxNzMyNDc2MzczfQ.UBBgd_93YUzyVVdPkoHghGoe5_c23UK4HjfUD9okQX8"
            },
            "coords": [
                [
                    13.45951,
                    59.37975
                ],
                [
                    13.45956,
                    59.37992
                ],
                [
                    13.45953,
                    59.38008
                ],
                [
                    13.45871,
                    59.38019
                ],
                [
                    13.45876,
                    59.38043
                ],
                [
                    13.45877,
                    59.38085
                ],
                [
                    13.45877,
                    59.38092
                ],
                [
                    13.45879,
                    59.38123
                ],
                [
                    13.45881,
                    59.38129
                ],
                [
                    13.45885,
                    59.38152
                ],
                [
                    13.45857,
                    59.3816
                ],
                [
                    13.45857,
                    59.38161
                ],
                [
                    13.45785,
                    59.38185
                ],
                [
                    13.45761,
                    59.38173
                ],
                [
                    13.45717,
                    59.38164
                ]
            ]
        }
    ],
    "apiKey": "b71f6216121e17939e5b2e08b1464099"
}