{
    "city": 2,
    "initialStart": [
        13.48191,
        59.41731
    ],
    "trips": [
        {
            "summary": {
                "distance": "",
                "duration": ""
            },
            "user": {
                "id": 877,
                "token": "eyJhbGciOiJIUzI1NiIsInR5cCI6IkpXVCJ9.eyJpZCI6ODc3LCJyb2xlIjoidXNlciIsImlhdCI6MTcwMDk0MDM3NCwiZXhwIjoxNzMyNDc2Mzc0fQ.KW0WSH8mdYZIgPuG5cNg7Urjio3Kqe9n03hFbuPUBgw"
            },
            "coords": [
                [
                    13.48191,
                    59.41731
                ],
                [
                    13.48222,
                    59.41693
                ],
                [
                    13.48291,
                    59.4161
                ],
                [
                    13.48331,
                    59.41566
                ],
                [
                    13.48342,
                    59.41547
                ],
                [
                    13.48342,
                    59.41539
                ],
                [
                    13.48348,
                    59.41529
                ],
                [
                    13.48399,
                    59.41476
                ],
                [
                    13.48433,
                    59.41441
                ],
                [
                    13.4848,
                    59.41376
                ],
                [
                    13.4849,
                    59.41358
                ],
                [
                    13.48531,
                    59.41277
                ],
                [
                    13.48563,
                    59.41206
                ],
                [
                    13.48604,
                    59.41106
                ],
                [
                    13.48608,
                    59.41096
                ]
            ]
        },
        {
            "summary": {
                "distance": 364,
                "duration": 67.2
            },
            "user": {
                "id": 878,
                "token": "eyJhbGciOiJIUzI1NiIsInR5cCI6IkpXVCJ9.eyJpZCI6ODc4LCJyb2xlIjoidXNlciIsImlhdCI6MTcwMDk0MDM3NCwiZXhwIjoxNzMyNDc2Mzc0fQ.tzo-vh9a-e_fLCQtFdJSpjFN0IAMbev-6biCbBGNGxE"
            },
            "coords": [
                [
                    13.48608,
                    59.41096
                ],
                [
                    13.48607,
                    59.41085
                ],
                [
                    13.486,
                    59.41058
                ],
                [
                    13.4859,
                    59.41039
                ],
                [
                    13.48616,
                    59.40993
                ],
                [
                    13.48644,
                    59.4095
                ],
                [
                    13.48667,
                    59.40914
                ],
                [
                    13.487,
                    59.40864
                ],
                [
                    13.48665,
                    59.4085
                ],
                [
                    13.48628,
                    59.40842
                ],
                [
                    13.48612,
                    59.40842
                ],
                [
                    13.48601,
                    59.40842
                ],
                [
                    13.4857,
                    59.40846
                ],
                [
                    13.48554,
                    59.40857
                ]
            ]
        }
    ]
}