{
    "city": 1,
    "initialStart": [
        18.06149,
        59.3248
    ],
    "trips": [
        {
            "summary": {
                "distance": 601.3,
                "duration": 126.4
            },
            "user": {
                "id": 87,
                "token": "eyJhbGciOiJIUzI1NiIsInR5cCI6IkpXVCJ9.eyJpZCI6ODcsInJvbGUiOiJ1c2VyIiwiaWF0IjoxNzAwOTMyMTAzLCJleHAiOjE3MzI0NjgxMDN9.J2sMb3vhjRgEDCcBq8FULhSpqMxrncate0n-xzK83X8"
            },
            "coords": [
                [
                    18.06149,
                    59.3248
                ],
                [
                    18.06164,
                    59.32448
                ],
                [
                    18.06204,
                    59.32434
                ],
                [
                    18.06217,
                    59.32436
                ],
                [
                    18.06233,
                    59.32438
                ],
                [
                    18.06225,
                    59.32441
                ],
                [
                    18.06214,
                    59.32465
                ],
                [
                    18.0619,
                    59.32521
                ],
                [
                    18.06183,
                    59.32535
                ],
                [
                    18.06134,
                    59.32586
                ],
                [
                    18.06132,
                    59.32591
                ],
                [
                    18.06148,
                    59.32601
                ],
                [
                    18.06162,
                    59.32606
                ],
                [
                    18.06217,
                    59.32616
                ],
                [
                    18.06312,
                    59.32626
                ],
                [
                    18.06306,
                    59.32635
                ],
                [
                    18.0612,
                    59.32732
                ],
                [
                    18.06056,
                    59.32761
                ],
                [
                    18.06032,
                    59.3277
                ]
            ]
        },
        {
            "summary": {
                "distance": 665.6,
                "duration": 111
            },
            "user": {
                "id": 88,
                "token": "eyJhbGciOiJIUzI1NiIsInR5cCI6IkpXVCJ9.eyJpZCI6ODgsInJvbGUiOiJ1c2VyIiwiaWF0IjoxNzAwOTMyMTA0LCJleHAiOjE3MzI0NjgxMDR9.xphK31CD9KkQ1qKcrTBxNoDuQEae-zJAcgl9E8jW3Yk"
            },
            "coords": [
                [
                    18.06032,
                    59.3277
                ],
                [
                    18.05986,
                    59.32789
                ],
                [
                    18.0597,
                    59.32797
                ],
                [
                    18.05952,
                    59.32796
                ],
                [
                    18.05948,
                    59.32803
                ],
                [
                    18.06064,
                    59.32817
                ],
                [
                    18.06143,
                    59.32827
                ],
                [
                    18.06161,
                    59.32828
                ],
                [
                    18.06219,
                    59.32826
                ],
                [
                    18.06242,
                    59.32823
                ],
                [
                    18.06266,
                    59.32819
                ],
                [
                    18.06278,
                    59.32815
                ],
                [
                    18.06285,
                    59.32812
                ],
                [
                    18.06287,
                    59.32812
                ],
                [
                    18.06299,
                    59.32807
                ],
                [
                    18.06426,
                    59.32728
                ],
                [
                    18.06432,
                    59.3273
                ],
                [
                    18.06529,
                    59.3267
                ],
                [
                    18.06537,
                    59.32664
                ],
                [
                    18.06546,
                    59.32658
                ],
                [
                    18.0655,
                    59.32655
                ],
                [
                    18.06562,
                    59.32647
                ],
                [
                    18.066,
                    59.32623
                ],
                [
                    18.06655,
                    59.32588
                ],
                [
                    18.06662,
                    59.32583
                ],
                [
                    18.06654,
                    59.32576
                ],
                [
                    18.06625,
                    59.32563
                ],
                [
                    18.06581,
                    59.32549
                ],
                [
                    18.06577,
                    59.32551
                ],
                [
                    18.06579,
                    59.32553
                ]
            ]
        }
    ],
    "apiKey": "90eccde9ddd2aa110ed4396bf24f63c6"
}