{
    "city": 2,
    "initialStart": [
        13.52075,
        59.40063
    ],
    "trips": [
        {
            "summary": {
                "distance": 409.3,
                "duration": 76
            },
            "user": {
                "id": 891,
                "token": "eyJhbGciOiJIUzI1NiIsInR5cCI6IkpXVCJ9.eyJpZCI6ODkxLCJyb2xlIjoidXNlciIsImlhdCI6MTcwMDk0MTY2NiwiZXhwIjoxNzMyNDc3NjY2fQ.CzU2ocaMhIsywyJea5APc5kjf1UHxqxZm4LGvmnRVag"
            },
            "coords": [
                [
                    13.52075,
                    59.40063
                ],
                [
                    13.52076,
                    59.40069
                ],
                [
                    13.52077,
                    59.40092
                ],
                [
                    13.5207,
                    59.40092
                ],
                [
                    13.52032,
                    59.40092
                ],
                [
                    13.52003,
                    59.40092
                ],
                [
                    13.51965,
                    59.40013
                ],
                [
                    13.51964,
                    59.40007
                ],
                [
                    13.51961,
                    59.40003
                ],
                [
                    13.51989,
                    59.39998
                ],
                [
                    13.52103,
                    59.39982
                ],
                [
                    13.5212,
                    59.39983
                ],
                [
                    13.52144,
                    59.39979
                ],
                [
                    13.52211,
                    59.39971
                ],
                [
                    13.52359,
                    59.3995
                ]
            ]
        },
        {
            "summary": {
                "distance": 234.3,
                "duration": 53.5
            },
            "user": {
                "id": 892,
                "token": "eyJhbGciOiJIUzI1NiIsInR5cCI6IkpXVCJ9.eyJpZCI6ODkyLCJyb2xlIjoidXNlciIsImlhdCI6MTcwMDk0MTY2NiwiZXhwIjoxNzMyNDc3NjY2fQ.uYFzIMmXUpGYvFoIsQf65ykq8zoATOYuuFDNQM5quV8"
            },
            "coords": [
                [
                    13.52359,
                    59.3995
                ],
                [
                    13.52438,
                    59.39939
                ],
                [
                    13.5245,
                    59.39938
                ],
                [
                    13.52443,
                    59.39928
                ],
                [
                    13.52438,
                    59.39923
                ],
                [
                    13.5248,
                    59.39909
                ],
                [
                    13.52484,
                    59.39907
                ],
                [
                    13.52499,
                    59.39873
                ],
                [
                    13.5251,
                    59.39867
                ],
                [
                    13.52542,
                    59.39861
                ],
                [
                    13.52549,
                    59.39856
                ],
                [
                    13.52553,
                    59.39849
                ],
                [
                    13.52549,
                    59.39841
                ],
                [
                    13.52526,
                    59.39815
                ],
                [
                    13.52529,
                    59.39808
                ]
            ]
        }
    ],
    "apiKey": "adf1605bfbef80d43dda64bcebfbcf1a"
}