{
    "city": 1,
    "initialStart": [
        18.02747,
        59.33388
    ],
    "trips": [
        {
            "summary": {
                "distance": 503.6,
                "duration": 86.4
            },
            "user": {
                "id": 89,
                "token": "eyJhbGciOiJIUzI1NiIsInR5cCI6IkpXVCJ9.eyJpZCI6ODksInJvbGUiOiJ1c2VyIiwiaWF0IjoxNzAwOTMyMTA0LCJleHAiOjE3MzI0NjgxMDR9.QOFvqfFlM4CV6N43BiuG9EAuw8Ml3wdHzyIzxX94Chw"
            },
            "coords": [
                [
                    18.02747,
                    59.33388
                ],
                [
                    18.02538,
                    59.33417
                ],
                [
                    18.02507,
                    59.3342
                ],
                [
                    18.02493,
                    59.33422
                ],
                [
                    18.02473,
                    59.33425
                ],
                [
                    18.024,
                    59.33436
                ],
                [
                    18.02326,
                    59.33447
                ],
                [
                    18.02328,
                    59.33455
                ],
                [
                    18.0234,
                    59.3348
                ],
                [
                    18.02346,
                    59.33493
                ],
                [
                    18.02355,
                    59.33512
                ],
                [
                    18.02371,
                    59.33545
                ],
                [
                    18.02369,
                    59.33553
                ],
                [
                    18.0236,
                    59.33565
                ],
                [
                    18.02368,
                    59.33575
                ],
                [
                    18.02399,
                    59.33632
                ],
                [
                    18.02473,
                    59.33624
                ]
            ]
        },
        {
            "summary": {
                "distance": 1245.1,
                "duration": 277.5
            },
            "user": {
                "id": 90,
                "token": "eyJhbGciOiJIUzI1NiIsInR5cCI6IkpXVCJ9.eyJpZCI6OTAsInJvbGUiOiJ1c2VyIiwiaWF0IjoxNzAwOTMyMTA0LCJleHAiOjE3MzI0NjgxMDR9.fhe2cZKx6hVpcEecBQBthPDI3Gw_VF3kVop8b12QSh8"
            },
            "coords": [
                [
                    18.02473,
                    59.33624
                ],
                [
                    18.02399,
                    59.33632
                ],
                [
                    18.02368,
                    59.33575
                ],
                [
                    18.0236,
                    59.33565
                ],
                [
                    18.02369,
                    59.33553
                ],
                [
                    18.02371,
                    59.33545
                ],
                [
                    18.02355,
                    59.33512
                ],
                [
                    18.02346,
                    59.33493
                ],
                [
                    18.0234,
                    59.3348
                ],
                [
                    18.02328,
                    59.33455
                ],
                [
                    18.02326,
                    59.33447
                ],
                [
                    18.024,
                    59.33436
                ],
                [
                    18.02473,
                    59.33425
                ],
                [
                    18.02493,
                    59.33422
                ],
                [
                    18.02499,
                    59.33432
                ],
                [
                    18.02502,
                    59.33437
                ],
                [
                    18.02522,
                    59.33471
                ],
                [
                    18.02525,
                    59.33476
                ],
                [
                    18.02553,
                    59.33524
                ],
                [
                    18.02556,
                    59.33529
                ],
                [
                    18.02565,
                    59.33533
                ],
                [
                    18.02577,
                    59.33534
                ],
                [
                    18.02612,
                    59.3353
                ],
                [
                    18.02624,
                    59.33552
                ],
                [
                    18.02597,
                    59.33578
                ],
                [
                    18.02558,
                    59.33612
                ],
                [
                    18.02516,
                    59.33649
                ],
                [
                    18.02395,
                    59.33749
                ],
                [
                    18.02325,
                    59.33805
                ],
                [
                    18.02269,
                    59.33829
                ],
                [
                    18.02194,
                    59.33856
                ],
                [
                    18.02115,
                    59.33862
                ],
                [
                    18.02103,
                    59.33864
                ],
                [
                    18.02085,
                    59.33874
                ],
                [
                    18.02103,
                    59.33878
                ],
                [
                    18.02097,
                    59.33883
                ],
                [
                    18.02095,
                    59.33891
                ],
                [
                    18.02167,
                    59.33894
                ],
                [
                    18.02229,
                    59.33895
                ],
                [
                    18.02266,
                    59.33892
                ],
                [
                    18.02297,
                    59.3389
                ],
                [
                    18.02314,
                    59.33889
                ],
                [
                    18.02397,
                    59.33875
                ],
                [
                    18.02423,
                    59.3387
                ]
            ]
        }
    ]
}