{
    "city": 2,
    "initialStart": [
        13.4975,
        59.39007
    ],
    "trips": [
        {
            "summary": {
                "distance": 414.4,
                "duration": 105.8
            },
            "user": {
                "id": 907,
                "token": "eyJhbGciOiJIUzI1NiIsInR5cCI6IkpXVCJ9.eyJpZCI6OTA3LCJyb2xlIjoidXNlciIsImlhdCI6MTcwMDk0MTY2OSwiZXhwIjoxNzMyNDc3NjY5fQ.LXR5F88MN6RCa6CYdkKhQ6O3XkWRbkQO8PhlnWfEoaA"
            },
            "coords": [
                [
                    13.4975,
                    59.39007
                ],
                [
                    13.49758,
                    59.39012
                ],
                [
                    13.49543,
                    59.3903
                ],
                [
                    13.49537,
                    59.3899
                ],
                [
                    13.49542,
                    59.38959
                ],
                [
                    13.49545,
                    59.38938
                ],
                [
                    13.49563,
                    59.38875
                ],
                [
                    13.49567,
                    59.38868
                ],
                [
                    13.49549,
                    59.38866
                ],
                [
                    13.49516,
                    59.38868
                ],
                [
                    13.4949,
                    59.38875
                ],
                [
                    13.49432,
                    59.38898
                ],
                [
                    13.49435,
                    59.38903
                ],
                [
                    13.49444,
                    59.38909
                ]
            ]
        },
        {
            "summary": {
                "distance": 265.6,
                "duration": 44
            },
            "user": {
                "id": 908,
                "token": "eyJhbGciOiJIUzI1NiIsInR5cCI6IkpXVCJ9.eyJpZCI6OTA4LCJyb2xlIjoidXNlciIsImlhdCI6MTcwMDk0MTY2OSwiZXhwIjoxNzMyNDc3NjY5fQ.wpm8y_7hGNY-S9xYl1AZy4raRDBf1kIQ0h3FwuCV8Gg"
            },
            "coords": [
                [
                    13.49444,
                    59.38909
                ],
                [
                    13.49435,
                    59.38903
                ],
                [
                    13.49432,
                    59.38898
                ],
                [
                    13.49416,
                    59.38898
                ],
                [
                    13.49388,
                    59.38905
                ],
                [
                    13.49346,
                    59.38922
                ],
                [
                    13.49327,
                    59.38932
                ],
                [
                    13.49328,
                    59.38941
                ],
                [
                    13.49324,
                    59.38949
                ],
                [
                    13.49314,
                    59.38955
                ],
                [
                    13.49228,
                    59.39
                ],
                [
                    13.49217,
                    59.38997
                ],
                [
                    13.49216,
                    59.3899
                ],
                [
                    13.49184,
                    59.38962
                ],
                [
                    13.49136,
                    59.38974
                ]
            ]
        }
    ]
}