{
    "city": 2,
    "initialStart": [
        13.51958,
        59.4101
    ],
    "trips": [
        {
            "summary": {
                "distance": 555.3,
                "duration": 106.4
            },
            "user": {
                "id": 913,
                "token": "eyJhbGciOiJIUzI1NiIsInR5cCI6IkpXVCJ9.eyJpZCI6OTEzLCJyb2xlIjoidXNlciIsImlhdCI6MTcwMDk0MTY3MCwiZXhwIjoxNzMyNDc3NjcwfQ.2mY1HKdoZFz86IVOam8gnXDtbCYD-V9MMKJE7siAUPM"
            },
            "coords": [
                [
                    13.51958,
                    59.4101
                ],
                [
                    13.51952,
                    59.4093
                ],
                [
                    13.51943,
                    59.40931
                ],
                [
                    13.51941,
                    59.40866
                ],
                [
                    13.51929,
                    59.40804
                ],
                [
                    13.51894,
                    59.40738
                ],
                [
                    13.51909,
                    59.40737
                ],
                [
                    13.51966,
                    59.40731
                ],
                [
                    13.51972,
                    59.40744
                ],
                [
                    13.52,
                    59.40807
                ],
                [
                    13.52016,
                    59.40811
                ],
                [
                    13.52044,
                    59.4081
                ],
                [
                    13.52062,
                    59.4081
                ],
                [
                    13.52065,
                    59.40826
                ],
                [
                    13.52173,
                    59.40824
                ]
            ]
        },
        {
            "summary": {
                "distance": "",
                "duration": ""
            },
            "user": {
                "id": 914,
                "token": "eyJhbGciOiJIUzI1NiIsInR5cCI6IkpXVCJ9.eyJpZCI6OTE0LCJyb2xlIjoidXNlciIsImlhdCI6MTcwMDk0MTY3MCwiZXhwIjoxNzMyNDc3NjcwfQ.Da32EsBz2mBuETLzRNJKIJr7aviWGZs-KNboXJ1SmV4"
            },
            "coords": [
                [
                    13.52173,
                    59.40824
                ],
                [
                    13.52065,
                    59.40826
                ],
                [
                    13.52062,
                    59.4081
                ],
                [
                    13.52069,
                    59.40801
                ],
                [
                    13.52069,
                    59.40786
                ],
                [
                    13.52069,
                    59.40778
                ],
                [
                    13.52072,
                    59.40772
                ],
                [
                    13.52082,
                    59.40761
                ],
                [
                    13.52087,
                    59.4075
                ],
                [
                    13.52077,
                    59.40695
                ],
                [
                    13.52156,
                    59.40693
                ],
                [
                    13.52199,
                    59.40692
                ],
                [
                    13.52244,
                    59.40702
                ],
                [
                    13.52275,
                    59.40703
                ],
                [
                    13.52285,
                    59.40737
                ]
            ]
        }
    ]
}