{
    "city": 1,
    "initialStart": [
        18.03161,
        59.33103
    ],
    "trips": [
        {
            "summary": {
                "distance": 857.2,
                "duration": 177.4
            },
            "user": {
                "id": 91,
                "token": "eyJhbGciOiJIUzI1NiIsInR5cCI6IkpXVCJ9.eyJpZCI6OTEsInJvbGUiOiJ1c2VyIiwiaWF0IjoxNzAwOTMyMTA0LCJleHAiOjE3MzI0NjgxMDR9.-Kli5b1cQ6fb9zjxbrB6aBlq6Om1syLlEHT6zhWzamI"
            },
            "coords": [
                [
                    18.03161,
                    59.33103
                ],
                [
                    18.03103,
                    59.33116
                ],
                [
                    18.03097,
                    59.3311
                ],
                [
                    18.03078,
                    59.33116
                ],
                [
                    18.03062,
                    59.3312
                ],
                [
                    18.03062,
                    59.33113
                ],
                [
                    18.03065,
                    59.33103
                ],
                [
                    18.03065,
                    59.33093
                ],
                [
                    18.03105,
                    59.33084
                ],
                [
                    18.03117,
                    59.33079
                ],
                [
                    18.03138,
                    59.33064
                ],
                [
                    18.03213,
                    59.33048
                ],
                [
                    18.03221,
                    59.33046
                ],
                [
                    18.03226,
                    59.3304
                ],
                [
                    18.03209,
                    59.33005
                ],
                [
                    18.03156,
                    59.32915
                ],
                [
                    18.0317,
                    59.32913
                ],
                [
                    18.03128,
                    59.32842
                ],
                [
                    18.03143,
                    59.32839
                ],
                [
                    18.03148,
                    59.32836
                ],
                [
                    18.03144,
                    59.32828
                ],
                [
                    18.03142,
                    59.32822
                ],
                [
                    18.03139,
                    59.32812
                ],
                [
                    18.03138,
                    59.3281
                ],
                [
                    18.02987,
                    59.32829
                ],
                [
                    18.02836,
                    59.32854
                ],
                [
                    18.02822,
                    59.32857
                ],
                [
                    18.02829,
                    59.32864
                ],
                [
                    18.02844,
                    59.32862
                ],
                [
                    18.02945,
                    59.32846
                ],
                [
                    18.02958,
                    59.32835
                ],
                [
                    18.03116,
                    59.32815
                ]
            ]
        },
        {
            "summary": {
                "distance": 689.8,
                "duration": 129.9
            },
            "user": {
                "id": 92,
                "token": "eyJhbGciOiJIUzI1NiIsInR5cCI6IkpXVCJ9.eyJpZCI6OTIsInJvbGUiOiJ1c2VyIiwiaWF0IjoxNzAwOTMyMTA0LCJleHAiOjE3MzI0NjgxMDR9.pzw7g0D07zF8P9N_9WhXEkuNlXmgnWG9HuO3hEGeKps"
            },
            "coords": [
                [
                    18.03116,
                    59.32815
                ],
                [
                    18.03139,
                    59.32812
                ],
                [
                    18.03142,
                    59.32822
                ],
                [
                    18.03144,
                    59.32828
                ],
                [
                    18.03125,
                    59.32837
                ],
                [
                    18.03128,
                    59.32842
                ],
                [
                    18.0317,
                    59.32913
                ],
                [
                    18.03156,
                    59.32915
                ],
                [
                    18.03209,
                    59.33005
                ],
                [
                    18.03226,
                    59.3304
                ],
                [
                    18.03221,
                    59.33046
                ],
                [
                    18.03213,
                    59.33048
                ],
                [
                    18.03138,
                    59.33064
                ],
                [
                    18.03117,
                    59.33079
                ],
                [
                    18.03105,
                    59.33084
                ],
                [
                    18.03065,
                    59.33093
                ],
                [
                    18.03075,
                    59.33101
                ],
                [
                    18.03078,
                    59.33108
                ],
                [
                    18.03091,
                    59.33104
                ],
                [
                    18.03232,
                    59.33075
                ],
                [
                    18.0325,
                    59.33075
                ],
                [
                    18.03254,
                    59.33082
                ],
                [
                    18.03284,
                    59.33137
                ],
                [
                    18.03292,
                    59.33136
                ],
                [
                    18.03325,
                    59.33131
                ],
                [
                    18.03343,
                    59.33127
                ],
                [
                    18.03367,
                    59.33123
                ],
                [
                    18.03364,
                    59.33116
                ],
                [
                    18.03368,
                    59.33114
                ],
                [
                    18.03366,
                    59.3311
                ],
                [
                    18.03373,
                    59.33107
                ],
                [
                    18.03362,
                    59.33087
                ]
            ]
        }
    ],
    "apiKey": "c6b8b7b114b182fba614beb21d2a956a"
}