{
    "city": 2,
    "initialStart": [
        13.4959,
        59.41138
    ],
    "trips": [
        {
            "summary": {
                "distance": 391.5,
                "duration": 64.8
            },
            "user": {
                "id": 919,
                "token": "eyJhbGciOiJIUzI1NiIsInR5cCI6IkpXVCJ9.eyJpZCI6OTE5LCJyb2xlIjoidXNlciIsImlhdCI6MTcwMDk0MTY3MCwiZXhwIjoxNzMyNDc3NjcwfQ.1nPCxV5uEkzHJqa6CObTgJw7eajCB3HcQlxU2rYQ-yc"
            },
            "coords": [
                [
                    13.4959,
                    59.41138
                ],
                [
                    13.49546,
                    59.41172
                ],
                [
                    13.49514,
                    59.41163
                ],
                [
                    13.49604,
                    59.41091
                ],
                [
                    13.49686,
                    59.41041
                ],
                [
                    13.49679,
                    59.41036
                ],
                [
                    13.49807,
                    59.40963
                ],
                [
                    13.49816,
                    59.40967
                ],
                [
                    13.49857,
                    59.40943
                ]
            ]
        },
        {
            "summary": {
                "distance": 502.9,
                "duration": 82.3
            },
            "user": {
                "id": 920,
                "token": "eyJhbGciOiJIUzI1NiIsInR5cCI6IkpXVCJ9.eyJpZCI6OTIwLCJyb2xlIjoidXNlciIsImlhdCI6MTcwMDk0MTY3MCwiZXhwIjoxNzMyNDc3NjcwfQ.DUFpGpVo1k_3DyN-ih04VXB2j8eMSO79AvJF_Tb6IKc"
            },
            "coords": [
                [
                    13.49858,
                    59.40943
                ],
                [
                    13.49816,
                    59.40967
                ],
                [
                    13.49807,
                    59.40963
                ],
                [
                    13.49679,
                    59.41036
                ],
                [
                    13.4966,
                    59.41046
                ],
                [
                    13.49705,
                    59.4095
                ],
                [
                    13.49708,
                    59.40928
                ],
                [
                    13.49712,
                    59.40922
                ],
                [
                    13.49736,
                    59.40904
                ],
                [
                    13.49805,
                    59.40864
                ],
                [
                    13.49826,
                    59.40852
                ],
                [
                    13.49845,
                    59.40837
                ],
                [
                    13.49921,
                    59.40784
                ]
            ]
        }
    ],
    "apiKey": "333277da6c00d467eedb29ade50c690f"
}