{
    "city": 2,
    "initialStart": [
        13.50029,
        59.38236
    ],
    "trips": [
        {
            "summary": {
                "distance": 239.1,
                "duration": 105.8
            },
            "user": {
                "id": 921,
                "token": "eyJhbGciOiJIUzI1NiIsInR5cCI6IkpXVCJ9.eyJpZCI6OTIxLCJyb2xlIjoidXNlciIsImlhdCI6MTcwMDk0MTY3MCwiZXhwIjoxNzMyNDc3NjcwfQ.figTSGfkIbfAjQL0q7lHhRD7Wrs8DpdUy9LefGWv2kM"
            },
            "coords": [
                [
                    13.50029,
                    59.38236
                ],
                [
                    13.50018,
                    59.38279
                ],
                [
                    13.49989,
                    59.38346
                ],
                [
                    13.49973,
                    59.38371
                ],
                [
                    13.49988,
                    59.38371
                ],
                [
                    13.49999,
                    59.38368
                ],
                [
                    13.50002,
                    59.38368
                ],
                [
                    13.50002,
                    59.38371
                ],
                [
                    13.5001,
                    59.38379
                ],
                [
                    13.5002,
                    59.38382
                ],
                [
                    13.5002,
                    59.38385
                ],
                [
                    13.5002,
                    59.38388
                ],
                [
                    13.50021,
                    59.38393
                ],
                [
                    13.50009,
                    59.38398
                ],
                [
                    13.50012,
                    59.38422
                ]
            ]
        },
        {
            "summary": {
                "distance": "",
                "duration": ""
            },
            "user": {
                "id": 922,
                "token": "eyJhbGciOiJIUzI1NiIsInR5cCI6IkpXVCJ9.eyJpZCI6OTIyLCJyb2xlIjoidXNlciIsImlhdCI6MTcwMDk0MTY3MCwiZXhwIjoxNzMyNDc3NjcwfQ.6we2-rCfjXKiLcxygJYZLDXPpcVtgo693xIXLjbQU-U"
            },
            "coords": [
                [
                    13.50012,
                    59.38422
                ],
                [
                    13.50009,
                    59.38398
                ],
                [
                    13.50021,
                    59.38393
                ],
                [
                    13.5002,
                    59.38388
                ],
                [
                    13.5002,
                    59.38385
                ],
                [
                    13.5002,
                    59.38382
                ],
                [
                    13.5001,
                    59.38379
                ],
                [
                    13.50002,
                    59.38371
                ],
                [
                    13.50002,
                    59.38368
                ],
                [
                    13.49999,
                    59.38368
                ],
                [
                    13.49988,
                    59.38371
                ],
                [
                    13.4996,
                    59.38427
                ],
                [
                    13.49951,
                    59.38457
                ],
                [
                    13.49952,
                    59.38488
                ],
                [
                    13.49945,
                    59.38498
                ]
            ]
        }
    ],
    "apiKey": "3451e9c5d550ca60c6167e9deef66b59"
}