{
    "city": 1,
    "initialStart": [
        18.08448,
        59.3414
    ],
    "trips": [
        {
            "summary": {
                "distance": 514.6,
                "duration": 117.7
            },
            "user": {
                "id": 93,
                "token": "eyJhbGciOiJIUzI1NiIsInR5cCI6IkpXVCJ9.eyJpZCI6OTMsInJvbGUiOiJ1c2VyIiwiaWF0IjoxNzAwOTMyMTA1LCJleHAiOjE3MzI0NjgxMDV9.sC3MS5F8k8kW5s19EOsXeXXHRM9ungkRVyRp_HknEi4"
            },
            "coords": [
                [
                    18.08448,
                    59.3414
                ],
                [
                    18.0839,
                    59.34071
                ],
                [
                    18.0839,
                    59.34068
                ],
                [
                    18.08385,
                    59.34061
                ],
                [
                    18.08465,
                    59.34045
                ],
                [
                    18.08477,
                    59.34042
                ],
                [
                    18.0856,
                    59.34025
                ],
                [
                    18.08578,
                    59.34021
                ],
                [
                    18.08591,
                    59.34018
                ],
                [
                    18.08743,
                    59.33987
                ],
                [
                    18.0876,
                    59.33984
                ],
                [
                    18.08772,
                    59.33981
                ],
                [
                    18.08812,
                    59.33974
                ],
                [
                    18.08837,
                    59.33978
                ],
                [
                    18.08983,
                    59.34
                ],
                [
                    18.08994,
                    59.34002
                ],
                [
                    18.08982,
                    59.34027
                ],
                [
                    18.08995,
                    59.34029
                ],
                [
                    18.09002,
                    59.34028
                ],
                [
                    18.09018,
                    59.34024
                ]
            ]
        },
        {
            "summary": {
                "distance": 514,
                "duration": 94.4
            },
            "user": {
                "id": 94,
                "token": "eyJhbGciOiJIUzI1NiIsInR5cCI6IkpXVCJ9.eyJpZCI6OTQsInJvbGUiOiJ1c2VyIiwiaWF0IjoxNzAwOTMyMTA1LCJleHAiOjE3MzI0NjgxMDV9.keCjM_QWwjcBQ7aGFeWasDTikNPIqlhP9MJn9sUgcx0"
            },
            "coords": [
                [
                    18.09018,
                    59.34024
                ],
                [
                    18.09002,
                    59.34028
                ],
                [
                    18.08995,
                    59.34029
                ],
                [
                    18.08982,
                    59.34027
                ],
                [
                    18.08994,
                    59.34002
                ],
                [
                    18.08983,
                    59.34
                ],
                [
                    18.08837,
                    59.33978
                ],
                [
                    18.08812,
                    59.33974
                ],
                [
                    18.08772,
                    59.33981
                ],
                [
                    18.0876,
                    59.33984
                ],
                [
                    18.08743,
                    59.33987
                ],
                [
                    18.08591,
                    59.34018
                ],
                [
                    18.08578,
                    59.34021
                ],
                [
                    18.0856,
                    59.34025
                ],
                [
                    18.08477,
                    59.34042
                ],
                [
                    18.08465,
                    59.34045
                ],
                [
                    18.08385,
                    59.34061
                ],
                [
                    18.08372,
                    59.34064
                ],
                [
                    18.08365,
                    59.34055
                ],
                [
                    18.08322,
                    59.34004
                ],
                [
                    18.08333,
                    59.34001
                ],
                [
                    18.08338,
                    59.34008
                ]
            ]
        }
    ]
}