{
    "city": 2,
    "initialStart": [
        13.58562,
        59.40798
    ],
    "trips": [
        {
            "summary": {
                "distance": "",
                "duration": ""
            },
            "user": {
                "id": 939,
                "token": "eyJhbGciOiJIUzI1NiIsInR5cCI6IkpXVCJ9.eyJpZCI6OTM5LCJyb2xlIjoidXNlciIsImlhdCI6MTcwMDk0MzE1NiwiZXhwIjoxNzMyNDc5MTU2fQ.BQvVDK2z6wNbjd5K28hWqKqK1HLrCarK39EtRgHHg84"
            },
            "coords": [
                [
                    13.58562,
                    59.40798
                ],
                [
                    13.5855,
                    59.40798
                ],
                [
                    13.58513,
                    59.40793
                ],
                [
                    13.5851,
                    59.40777
                ],
                [
                    13.58532,
                    59.40775
                ],
                [
                    13.58551,
                    59.40767
                ],
                [
                    13.58548,
                    59.40743
                ],
                [
                    13.58529,
                    59.40733
                ],
                [
                    13.58524,
                    59.4071
                ],
                [
                    13.58525,
                    59.40702
                ],
                [
                    13.58516,
                    59.40695
                ],
                [
                    13.58519,
                    59.40683
                ],
                [
                    13.58543,
                    59.40688
                ],
                [
                    13.58576,
                    59.4069
                ],
                [
                    13.58611,
                    59.40689
                ]
            ]
        },
        {
            "summary": {
                "distance": 286.5,
                "duration": 47.9
            },
            "user": {
                "id": 940,
                "token": "eyJhbGciOiJIUzI1NiIsInR5cCI6IkpXVCJ9.eyJpZCI6OTQwLCJyb2xlIjoidXNlciIsImlhdCI6MTcwMDk0MzE1NiwiZXhwIjoxNzMyNDc5MTU2fQ.cW-lT6Za0MtkEsbAwF7czuzO2KKo1I8UB4UIc1xG8X8"
            },
            "coords": [
                [
                    13.58611,
                    59.40689
                ],
                [
                    13.58611,
                    59.40689
                ],
                [
                    13.58629,
                    59.40686
                ],
                [
                    13.586,
                    59.40654
                ],
                [
                    13.58594,
                    59.40635
                ],
                [
                    13.58597,
                    59.40626
                ],
                [
                    13.58609,
                    59.40605
                ],
                [
                    13.58626,
                    59.40586
                ],
                [
                    13.58636,
                    59.40574
                ],
                [
                    13.58643,
                    59.40557
                ],
                [
                    13.58642,
                    59.40547
                ],
                [
                    13.58618,
                    59.40515
                ],
                [
                    13.58608,
                    59.40474
                ],
                [
                    13.58596,
                    59.40462
                ],
                [
                    13.58572,
                    59.40462
                ]
            ]
        }
    ],
    "apiKey": "5eb5dfd407882801d44794c79348787f"
}