{
    "city": 2,
    "initialStart": [
        13.55225,
        59.40236
    ],
    "trips": [
        {
            "summary": {
                "distance": "",
                "duration": ""
            },
            "user": {
                "id": 955,
                "token": "eyJhbGciOiJIUzI1NiIsInR5cCI6IkpXVCJ9.eyJpZCI6OTU1LCJyb2xlIjoidXNlciIsImlhdCI6MTcwMDk0MzE2MiwiZXhwIjoxNzMyNDc5MTYyfQ.CQUr1jg_5Di0rjXsbGzkHr4piHObz3mxf5kH76VSXa0"
            },
            "coords": [
                [
                    13.55225,
                    59.40236
                ],
                [
                    13.55198,
                    59.40239
                ],
                [
                    13.55041,
                    59.40256
                ],
                [
                    13.54882,
                    59.40265
                ],
                [
                    13.54851,
                    59.40265
                ],
                [
                    13.54821,
                    59.40265
                ],
                [
                    13.54801,
                    59.40254
                ],
                [
                    13.54791,
                    59.40254
                ],
                [
                    13.5478,
                    59.40253
                ],
                [
                    13.5479,
                    59.40144
                ],
                [
                    13.54781,
                    59.4006
                ],
                [
                    13.54777,
                    59.40025
                ],
                [
                    13.54761,
                    59.40017
                ],
                [
                    13.54727,
                    59.40015
                ],
                [
                    13.54727,
                    59.40009
                ]
            ]
        },
        {
            "summary": {
                "distance": 404.7,
                "duration": 66.2
            },
            "user": {
                "id": 956,
                "token": "eyJhbGciOiJIUzI1NiIsInR5cCI6IkpXVCJ9.eyJpZCI6OTU2LCJyb2xlIjoidXNlciIsImlhdCI6MTcwMDk0MzE2MiwiZXhwIjoxNzMyNDc5MTYyfQ.e28EQVRrFhmzBZtO5bUtL3lO8y_8U_CxVp9dV7yT448"
            },
            "coords": [
                [
                    13.54727,
                    59.40009
                ],
                [
                    13.54727,
                    59.40009
                ],
                [
                    13.54727,
                    59.40015
                ],
                [
                    13.54761,
                    59.40017
                ],
                [
                    13.54777,
                    59.40025
                ],
                [
                    13.54781,
                    59.4006
                ],
                [
                    13.5479,
                    59.40144
                ],
                [
                    13.5478,
                    59.40253
                ],
                [
                    13.54791,
                    59.40254
                ],
                [
                    13.54801,
                    59.40254
                ],
                [
                    13.54821,
                    59.40265
                ],
                [
                    13.54851,
                    59.40265
                ],
                [
                    13.54882,
                    59.40265
                ],
                [
                    13.54966,
                    59.4026
                ]
            ]
        }
    ],
    "apiKey": "42b40d27643033170f7bf39dfc2e459b"
}