{
    "city": 2,
    "initialStart": [
        13.49893,
        59.37417
    ],
    "trips": [
        {
            "summary": {
                "distance": 347.9,
                "duration": 56.9
            },
            "user": {
                "id": 957,
                "token": "eyJhbGciOiJIUzI1NiIsInR5cCI6IkpXVCJ9.eyJpZCI6OTU3LCJyb2xlIjoidXNlciIsImlhdCI6MTcwMDk0MzE2MiwiZXhwIjoxNzMyNDc5MTYyfQ.MIdnxK-8Y3W_i5kqMQ2C1YJTv1pqmMao9CNvQTWqz-0"
            },
            "coords": [
                [
                    13.49893,
                    59.37417
                ],
                [
                    13.49883,
                    59.37462
                ],
                [
                    13.49859,
                    59.37464
                ],
                [
                    13.49861,
                    59.37469
                ],
                [
                    13.49862,
                    59.37472
                ],
                [
                    13.49864,
                    59.37476
                ],
                [
                    13.49866,
                    59.37479
                ],
                [
                    13.49879,
                    59.37505
                ],
                [
                    13.49874,
                    59.37523
                ],
                [
                    13.49681,
                    59.37531
                ],
                [
                    13.49688,
                    59.37563
                ],
                [
                    13.49689,
                    59.37569
                ],
                [
                    13.49692,
                    59.3758
                ],
                [
                    13.49699,
                    59.37606
                ],
                [
                    13.49703,
                    59.37627
                ]
            ]
        },
        {
            "summary": {
                "distance": "",
                "duration": ""
            },
            "user": {
                "id": 958,
                "token": "eyJhbGciOiJIUzI1NiIsInR5cCI6IkpXVCJ9.eyJpZCI6OTU4LCJyb2xlIjoidXNlciIsImlhdCI6MTcwMDk0MzE2MiwiZXhwIjoxNzMyNDc5MTYyfQ.6rbAp3MVBaEEDb_mK2O7HMgRdw_QUlJ5795PF6WVdfg"
            },
            "coords": [
                [
                    13.49703,
                    59.37627
                ],
                [
                    13.49705,
                    59.37638
                ],
                [
                    13.49719,
                    59.37697
                ],
                [
                    13.49723,
                    59.37714
                ],
                [
                    13.49718,
                    59.37714
                ],
                [
                    13.49702,
                    59.37715
                ],
                [
                    13.49651,
                    59.37718
                ],
                [
                    13.49647,
                    59.37718
                ],
                [
                    13.49607,
                    59.37719
                ],
                [
                    13.49555,
                    59.37719
                ],
                [
                    13.49494,
                    59.3772
                ],
                [
                    13.49472,
                    59.37721
                ],
                [
                    13.4946,
                    59.37721
                ],
                [
                    13.49439,
                    59.37721
                ],
                [
                    13.49384,
                    59.37721
                ]
            ]
        }
    ],
    "apiKey": "32a85a977ff0c5619db1a71ed6b3c0fa"
}