{
    "city": 1,
    "initialStart": [
        18.03938,
        59.3313
    ],
    "trips": [
        {
            "summary": {
                "distance": 552.6,
                "duration": 123.6
            },
            "user": {
                "id": 95,
                "token": "eyJhbGciOiJIUzI1NiIsInR5cCI6IkpXVCJ9.eyJpZCI6OTUsInJvbGUiOiJ1c2VyIiwiaWF0IjoxNzAwOTMyMTA1LCJleHAiOjE3MzI0NjgxMDV9.sOmRpH7ujJCEYF_NTjwTHCgTvrC1nhc3wmZNUtcR5nE"
            },
            "coords": [
                [
                    18.03938,
                    59.3313
                ],
                [
                    18.039,
                    59.33057
                ],
                [
                    18.03897,
                    59.33051
                ],
                [
                    18.03794,
                    59.33064
                ],
                [
                    18.03675,
                    59.3308
                ],
                [
                    18.0364,
                    59.33008
                ],
                [
                    18.03636,
                    59.33002
                ],
                [
                    18.03632,
                    59.32994
                ],
                [
                    18.03614,
                    59.32998
                ],
                [
                    18.03469,
                    59.33031
                ],
                [
                    18.03325,
                    59.33061
                ],
                [
                    18.03329,
                    59.33067
                ],
                [
                    18.03333,
                    59.33066
                ],
                [
                    18.03334,
                    59.33068
                ],
                [
                    18.03338,
                    59.33074
                ],
                [
                    18.03345,
                    59.33073
                ],
                [
                    18.03353,
                    59.33071
                ],
                [
                    18.0336,
                    59.33085
                ]
            ]
        },
        {
            "summary": {
                "distance": 520.9,
                "duration": 101.9
            },
            "user": {
                "id": 96,
                "token": "eyJhbGciOiJIUzI1NiIsInR5cCI6IkpXVCJ9.eyJpZCI6OTYsInJvbGUiOiJ1c2VyIiwiaWF0IjoxNzAwOTMyMTA1LCJleHAiOjE3MzI0NjgxMDV9.uFpPH19WjJN2gDKZbKvbUM4AB3z1_9vOYRudrpLo9BI"
            },
            "coords": [
                [
                    18.0336,
                    59.33085
                ],
                [
                    18.03373,
                    59.33107
                ],
                [
                    18.03366,
                    59.3311
                ],
                [
                    18.03368,
                    59.33114
                ],
                [
                    18.03364,
                    59.33116
                ],
                [
                    18.03367,
                    59.33123
                ],
                [
                    18.03343,
                    59.33127
                ],
                [
                    18.03325,
                    59.33131
                ],
                [
                    18.03292,
                    59.33136
                ],
                [
                    18.03284,
                    59.33137
                ],
                [
                    18.03321,
                    59.33204
                ],
                [
                    18.03327,
                    59.33208
                ],
                [
                    18.03329,
                    59.33211
                ],
                [
                    18.0334,
                    59.33229
                ],
                [
                    18.03342,
                    59.33237
                ],
                [
                    18.03326,
                    59.33233
                ],
                [
                    18.03153,
                    59.33224
                ],
                [
                    18.03138,
                    59.33224
                ],
                [
                    18.03121,
                    59.33222
                ],
                [
                    18.03093,
                    59.3322
                ],
                [
                    18.0288,
                    59.33212
                ],
                [
                    18.0288,
                    59.33219
                ],
                [
                    18.02867,
                    59.33224
                ],
                [
                    18.02853,
                    59.33224
                ],
                [
                    18.02825,
                    59.33223
                ],
                [
                    18.02823,
                    59.33223
                ]
            ]
        }
    ]
}