{
    "city": 2,
    "initialStart": [
        13.47039,
        59.3804
    ],
    "trips": [
        {
            "summary": {
                "distance": "",
                "duration": ""
            },
            "user": {
                "id": 961,
                "token": "eyJhbGciOiJIUzI1NiIsInR5cCI6IkpXVCJ9.eyJpZCI6OTYxLCJyb2xlIjoidXNlciIsImlhdCI6MTcwMDk0NjA2OSwiZXhwIjoxNzMyNDgyMDY5fQ.N_GNUKOnS_pFQkhMdxNZsqfu97CzFU4U5N7MQ6NmgHs"
            },
            "coords": [
                [
                    13.47039,
                    59.3804
                ],
                [
                    13.4703,
                    59.38041
                ],
                [
                    13.4697,
                    59.38058
                ],
                [
                    13.4694,
                    59.38075
                ],
                [
                    13.4691,
                    59.38083
                ],
                [
                    13.46787,
                    59.38109
                ],
                [
                    13.46741,
                    59.38116
                ],
                [
                    13.46699,
                    59.38119
                ],
                [
                    13.46643,
                    59.38118
                ],
                [
                    13.46613,
                    59.38116
                ],
                [
                    13.46562,
                    59.38108
                ],
                [
                    13.46551,
                    59.38103
                ],
                [
                    13.46543,
                    59.38102
                ],
                [
                    13.46534,
                    59.381
                ],
                [
                    13.46514,
                    59.38101
                ]
            ]
        },
        {
            "summary": {
                "distance": 258.5,
                "duration": 42.3
            },
            "user": {
                "id": 962,
                "token": "eyJhbGciOiJIUzI1NiIsInR5cCI6IkpXVCJ9.eyJpZCI6OTYyLCJyb2xlIjoidXNlciIsImlhdCI6MTcwMDk0NjA2OSwiZXhwIjoxNzMyNDgyMDY5fQ.Ykqu9aDEdR4lFDKpUqkpcUfoX9O9y3D1g3Z8pOfiEDs"
            },
            "coords": [
                [
                    13.46514,
                    59.38101
                ],
                [
                    13.46514,
                    59.38101
                ],
                [
                    13.46487,
                    59.38098
                ],
                [
                    13.46469,
                    59.38093
                ],
                [
                    13.46455,
                    59.38096
                ],
                [
                    13.46435,
                    59.38101
                ],
                [
                    13.46431,
                    59.38056
                ],
                [
                    13.46434,
                    59.38022
                ],
                [
                    13.46431,
                    59.38015
                ],
                [
                    13.46424,
                    59.38009
                ],
                [
                    13.46425,
                    59.38001
                ],
                [
                    13.46426,
                    59.37991
                ],
                [
                    13.46428,
                    59.37985
                ],
                [
                    13.46444,
                    59.37963
                ],
                [
                    13.46487,
                    59.37921
                ]
            ]
        }
    ],
    "apiKey": "70968c809b586becb3bed0fb0df1725b"
}