{
    "city": 2,
    "initialStart": [
        13.46793,
        59.38514
    ],
    "trips": [
        {
            "summary": {
                "distance": "",
                "duration": ""
            },
            "user": {
                "id": 971,
                "token": "eyJhbGciOiJIUzI1NiIsInR5cCI6IkpXVCJ9.eyJpZCI6OTcxLCJyb2xlIjoidXNlciIsImlhdCI6MTcwMDk0NjA3MCwiZXhwIjoxNzMyNDgyMDcwfQ.zmid1k4fr3_Ipi9T59TDqFYcm9hXeeZTcNHH_iZLRjQ"
            },
            "coords": [
                [
                    13.46793,
                    59.38514
                ],
                [
                    13.46789,
                    59.38512
                ],
                [
                    13.46778,
                    59.38515
                ],
                [
                    13.46752,
                    59.38501
                ],
                [
                    13.46737,
                    59.385
                ],
                [
                    13.46734,
                    59.38509
                ],
                [
                    13.46728,
                    59.38527
                ],
                [
                    13.46672,
                    59.38523
                ],
                [
                    13.46658,
                    59.38522
                ],
                [
                    13.46652,
                    59.38553
                ],
                [
                    13.46649,
                    59.38568
                ],
                [
                    13.46673,
                    59.3857
                ],
                [
                    13.4672,
                    59.38569
                ],
                [
                    13.46798,
                    59.38567
                ],
                [
                    13.46841,
                    59.38556
                ]
            ]
        },
        {
            "summary": {
                "distance": 316.6,
                "duration": 62.2
            },
            "user": {
                "id": 972,
                "token": "eyJhbGciOiJIUzI1NiIsInR5cCI6IkpXVCJ9.eyJpZCI6OTcyLCJyb2xlIjoidXNlciIsImlhdCI6MTcwMDk0NjA3MCwiZXhwIjoxNzMyNDgyMDcwfQ.kkeLLdGrHWHFKQW0A5gXAz4SRef9OQadQ5eLYIlCaSI"
            },
            "coords": [
                [
                    13.46841,
                    59.38556
                ],
                [
                    13.46853,
                    59.38545
                ],
                [
                    13.46858,
                    59.38531
                ],
                [
                    13.46865,
                    59.38513
                ],
                [
                    13.46866,
                    59.38509
                ],
                [
                    13.46877,
                    59.3848
                ],
                [
                    13.46881,
                    59.38469
                ],
                [
                    13.46887,
                    59.38451
                ],
                [
                    13.4689,
                    59.38446
                ],
                [
                    13.46899,
                    59.38358
                ],
                [
                    13.46894,
                    59.38322
                ],
                [
                    13.46931,
                    59.3832
                ],
                [
                    13.46939,
                    59.38319
                ],
                [
                    13.46963,
                    59.38318
                ],
                [
                    13.46966,
                    59.3833
                ]
            ]
        }
    ]
}