{
    "city": 1,
    "initialStart": [
        18.08582,
        59.33343
    ],
    "trips": [
        {
            "summary": {
                "distance": 483.4,
                "duration": 118.9
            },
            "user": {
                "id": 97,
                "token": "eyJhbGciOiJIUzI1NiIsInR5cCI6IkpXVCJ9.eyJpZCI6OTcsInJvbGUiOiJ1c2VyIiwiaWF0IjoxNzAwOTMyMTA2LCJleHAiOjE3MzI0NjgxMDZ9.t5GQQdl73ZA9f2Gn7lYZVnWKnieswPmHGHqjXtreAek"
            },
            "coords": [
                [
                    18.08582,
                    59.33343
                ],
                [
                    18.0865,
                    59.33434
                ],
                [
                    18.0865,
                    59.33438
                ],
                [
                    18.08653,
                    59.33443
                ],
                [
                    18.08543,
                    59.33465
                ],
                [
                    18.08532,
                    59.33468
                ],
                [
                    18.08519,
                    59.3347
                ],
                [
                    18.08459,
                    59.33482
                ],
                [
                    18.08382,
                    59.33498
                ],
                [
                    18.08373,
                    59.335
                ],
                [
                    18.08361,
                    59.33502
                ],
                [
                    18.08216,
                    59.33532
                ],
                [
                    18.08203,
                    59.33535
                ],
                [
                    18.08184,
                    59.33538
                ],
                [
                    18.08097,
                    59.33556
                ],
                [
                    18.08091,
                    59.33558
                ],
                [
                    18.08085,
                    59.33562
                ],
                [
                    18.08095,
                    59.33575
                ]
            ]
        },
        {
            "summary": {
                "distance": 472.5,
                "duration": 85.3
            },
            "user": {
                "id": 98,
                "token": "eyJhbGciOiJIUzI1NiIsInR5cCI6IkpXVCJ9.eyJpZCI6OTgsInJvbGUiOiJ1c2VyIiwiaWF0IjoxNzAwOTMyMTA2LCJleHAiOjE3MzI0NjgxMDZ9.jB6kk3fAU73MC_OkG7iFPgo4jefiimoeRIhFk9Cwhk0"
            },
            "coords": [
                [
                    18.08095,
                    59.33575
                ],
                [
                    18.08085,
                    59.33562
                ],
                [
                    18.08091,
                    59.33558
                ],
                [
                    18.08097,
                    59.33556
                ],
                [
                    18.08184,
                    59.33538
                ],
                [
                    18.08203,
                    59.33535
                ],
                [
                    18.08216,
                    59.33532
                ],
                [
                    18.08361,
                    59.33502
                ],
                [
                    18.08373,
                    59.335
                ],
                [
                    18.08382,
                    59.33498
                ],
                [
                    18.08459,
                    59.33482
                ],
                [
                    18.08519,
                    59.3347
                ],
                [
                    18.08532,
                    59.33468
                ],
                [
                    18.08543,
                    59.33465
                ],
                [
                    18.08653,
                    59.33443
                ],
                [
                    18.08667,
                    59.3344
                ],
                [
                    18.08672,
                    59.33447
                ],
                [
                    18.08709,
                    59.33494
                ],
                [
                    18.0872,
                    59.33492
                ],
                [
                    18.08757,
                    59.33484
                ],
                [
                    18.08764,
                    59.33482
                ]
            ]
        }
    ]
}