{
    "city": 2,
    "initialStart": [
        13.50022,
        59.40705
    ],
    "trips": [
        {
            "summary": {
                "distance": 441.9,
                "duration": 72.3
            },
            "user": {
                "id": 979,
                "token": "eyJhbGciOiJIUzI1NiIsInR5cCI6IkpXVCJ9.eyJpZCI6OTc5LCJyb2xlIjoidXNlciIsImlhdCI6MTcwMDk0NjA3MSwiZXhwIjoxNzMyNDgyMDcxfQ.w7-ZmT9uTc1NDDKiGSGyMjXHxLCEDvJbn6j1tGQEIhA"
            },
            "coords": [
                [
                    13.50022,
                    59.40705
                ],
                [
                    13.50016,
                    59.4071
                ],
                [
                    13.49928,
                    59.40779
                ],
                [
                    13.49946,
                    59.40784
                ],
                [
                    13.49925,
                    59.40803
                ],
                [
                    13.49929,
                    59.40814
                ],
                [
                    13.49944,
                    59.40817
                ],
                [
                    13.49964,
                    59.40821
                ],
                [
                    13.50017,
                    59.40844
                ],
                [
                    13.49807,
                    59.40963
                ],
                [
                    13.49795,
                    59.40956
                ],
                [
                    13.49849,
                    59.40925
                ]
            ]
        },
        {
            "summary": {
                "distance": 626.9,
                "duration": 102.6
            },
            "user": {
                "id": 980,
                "token": "eyJhbGciOiJIUzI1NiIsInR5cCI6IkpXVCJ9.eyJpZCI6OTgwLCJyb2xlIjoidXNlciIsImlhdCI6MTcwMDk0NjA3MSwiZXhwIjoxNzMyNDgyMDcxfQ.McrLFml_SWQfNNUTmYRFYVX2hPtXsG2vtKrt4mHqRoE"
            },
            "coords": [
                [
                    13.49849,
                    59.40925
                ],
                [
                    13.49795,
                    59.40956
                ],
                [
                    13.49807,
                    59.40963
                ],
                [
                    13.49679,
                    59.41036
                ],
                [
                    13.4966,
                    59.41046
                ],
                [
                    13.49705,
                    59.4095
                ],
                [
                    13.49708,
                    59.40928
                ],
                [
                    13.49712,
                    59.40922
                ],
                [
                    13.49736,
                    59.40904
                ],
                [
                    13.49805,
                    59.40864
                ],
                [
                    13.49826,
                    59.40852
                ],
                [
                    13.49845,
                    59.40837
                ],
                [
                    13.49928,
                    59.40779
                ],
                [
                    13.50016,
                    59.4071
                ],
                [
                    13.50027,
                    59.40701
                ]
            ]
        }
    ],
    "apiKey": "0bf42d036e82c3ac0aa4632ef7dcd3e7"
}