{
    "city": 2,
    "initialStart": [
        13.57543,
        59.41362
    ],
    "trips": [
        {
            "summary": {
                "distance": 323.9,
                "duration": 73.5
            },
            "user": {
                "id": 981,
                "token": "eyJhbGciOiJIUzI1NiIsInR5cCI6IkpXVCJ9.eyJpZCI6OTgxLCJyb2xlIjoidXNlciIsImlhdCI6MTcwMDk0NjA3MywiZXhwIjoxNzMyNDgyMDczfQ.9UNU2gpqiXTn0Fgtt5A9MItFXyNIocGEfbFget51BqE"
            },
            "coords": [
                [
                    13.57543,
                    59.41362
                ],
                [
                    13.57534,
                    59.41361
                ],
                [
                    13.57528,
                    59.41316
                ],
                [
                    13.57509,
                    59.41315
                ],
                [
                    13.57444,
                    59.413
                ],
                [
                    13.57433,
                    59.41295
                ],
                [
                    13.5738,
                    59.41237
                ],
                [
                    13.57382,
                    59.41228
                ],
                [
                    13.57404,
                    59.41229
                ],
                [
                    13.57436,
                    59.41226
                ],
                [
                    13.57457,
                    59.41218
                ],
                [
                    13.57484,
                    59.41203
                ],
                [
                    13.57504,
                    59.41197
                ],
                [
                    13.57543,
                    59.4119
                ],
                [
                    13.57539,
                    59.41169
                ]
            ]
        },
        {
            "summary": {
                "distance": "",
                "duration": ""
            },
            "user": {
                "id": 982,
                "token": "eyJhbGciOiJIUzI1NiIsInR5cCI6IkpXVCJ9.eyJpZCI6OTgyLCJyb2xlIjoidXNlciIsImlhdCI6MTcwMDk0NjA3MywiZXhwIjoxNzMyNDgyMDczfQ.e2yRqla-UoPFGbJMeOfFCwtCvFU3ZiBa6OV30uXLxjw"
            },
            "coords": [
                [
                    13.57539,
                    59.41169
                ],
                [
                    13.57543,
                    59.4119
                ],
                [
                    13.57617,
                    59.41176
                ],
                [
                    13.57655,
                    59.41165
                ],
                [
                    13.57668,
                    59.41158
                ],
                [
                    13.57673,
                    59.41148
                ],
                [
                    13.57591,
                    59.41031
                ],
                [
                    13.5753,
                    59.40985
                ],
                [
                    13.57513,
                    59.40963
                ],
                [
                    13.57496,
                    59.40931
                ],
                [
                    13.57494,
                    59.40922
                ],
                [
                    13.57489,
                    59.409
                ],
                [
                    13.57476,
                    59.40882
                ],
                [
                    13.57464,
                    59.40873
                ],
                [
                    13.5749,
                    59.40873
                ]
            ]
        }
    ]
}