{
    "city": 1,
    "initialStart": [
        18.06541,
        59.33168
    ],
    "trips": [
        {
            "summary": {
                "distance": 887.8,
                "duration": 158.3
            },
            "user": {
                "id": 9,
                "token": "eyJhbGciOiJIUzI1NiIsInR5cCI6IkpXVCJ9.eyJpZCI6OSwicm9sZSI6InVzZXIiLCJpYXQiOjE3MDA5Mjk0MzMsImV4cCI6MTczMjQ2NTQzM30.jXSY0yVFA8XIFlkkXWWExwW_Hmbf4deTjI98p4yicLk"
            },
            "coords": [
                [
                    18.06541,
                    59.33168
                ],
                [
                    18.06532,
                    59.33181
                ],
                [
                    18.06526,
                    59.33185
                ],
                [
                    18.06518,
                    59.33185
                ],
                [
                    18.06512,
                    59.33181
                ],
                [
                    18.06513,
                    59.33178
                ],
                [
                    18.06539,
                    59.33148
                ],
                [
                    18.06546,
                    59.33147
                ],
                [
                    18.06557,
                    59.3315
                ],
                [
                    18.06587,
                    59.33148
                ],
                [
                    18.06594,
                    59.33153
                ],
                [
                    18.06642,
                    59.33162
                ],
                [
                    18.06659,
                    59.33166
                ],
                [
                    18.06662,
                    59.3317
                ],
                [
                    18.06654,
                    59.33219
                ],
                [
                    18.06644,
                    59.33271
                ],
                [
                    18.06643,
                    59.33275
                ],
                [
                    18.06626,
                    59.33326
                ],
                [
                    18.06609,
                    59.33383
                ],
                [
                    18.06539,
                    59.33367
                ],
                [
                    18.06372,
                    59.33324
                ],
                [
                    18.06369,
                    59.33323
                ],
                [
                    18.06329,
                    59.33313
                ],
                [
                    18.0624,
                    59.33288
                ],
                [
                    18.06089,
                    59.33247
                ],
                [
                    18.06012,
                    59.33226
                ],
                [
                    18.06001,
                    59.33233
                ],
                [
                    18.05953,
                    59.33282
                ],
                [
                    18.05937,
                    59.33297
                ],
                [
                    18.0593,
                    59.33299
                ],
                [
                    18.05912,
                    59.33316
                ]
            ]
        },
        {
            "summary": {
                "distance": 427,
                "duration": 100.4
            },
            "user": {
                "id": 10,
                "token": "eyJhbGciOiJIUzI1NiIsInR5cCI6IkpXVCJ9.eyJpZCI6MTAsInJvbGUiOiJ1c2VyIiwiaWF0IjoxNzAwOTI5NDMzLCJleHAiOjE3MzI0NjU0MzN9.h_96STE5htHZUdpyeQn8t4f76UJdDpD8l_1ueg71Mk0"
            },
            "coords": [
                [
                    18.05912,
                    59.33316
                ],
                [
                    18.0593,
                    59.33299
                ],
                [
                    18.05937,
                    59.33297
                ],
                [
                    18.05953,
                    59.33282
                ],
                [
                    18.06001,
                    59.33233
                ],
                [
                    18.06012,
                    59.33226
                ],
                [
                    18.0605,
                    59.33185
                ],
                [
                    18.06053,
                    59.33181
                ],
                [
                    18.06056,
                    59.33178
                ],
                [
                    18.06065,
                    59.33168
                ],
                [
                    18.06091,
                    59.33179
                ],
                [
                    18.06094,
                    59.33176
                ],
                [
                    18.06097,
                    59.33173
                ],
                [
                    18.06166,
                    59.3319
                ],
                [
                    18.0617,
                    59.33186
                ],
                [
                    18.06204,
                    59.33195
                ],
                [
                    18.06218,
                    59.33181
                ],
                [
                    18.06217,
                    59.33177
                ],
                [
                    18.06252,
                    59.33144
                ],
                [
                    18.06292,
                    59.33105
                ],
                [
                    18.06339,
                    59.33118
                ]
            ]
        }
    ],
    "apiKey": "ff078fb564936f176d125e5a5e179a1b"
}