{
    "city": 2,
    "initialStart": [
        13.53922,
        59.40798
    ],
    "trips": [
        {
            "summary": {
                "distance": 314.5,
                "duration": 51.5
            },
            "user": {
                "id": 1005,
                "token": "eyJhbGciOiJIUzI1NiIsInR5cCI6IkpXVCJ9.eyJpZCI6MTAwNSwicm9sZSI6InVzZXIiLCJpYXQiOjE3MDA5NDY0MDAsImV4cCI6MTczMjQ4MjQwMH0.oij8n_bAuuGsUQdaTFEsAW7tZLgusQIIOyAVbfGUARk"
            },
            "coords": [
                [
                    13.53922,
                    59.40798
                ],
                [
                    13.53949,
                    59.4078
                ],
                [
                    13.53953,
                    59.40777
                ],
                [
                    13.54003,
                    59.40743
                ],
                [
                    13.54031,
                    59.40717
                ],
                [
                    13.54047,
                    59.40693
                ],
                [
                    13.54031,
                    59.40692
                ],
                [
                    13.54019,
                    59.40686
                ],
                [
                    13.53992,
                    59.40683
                ],
                [
                    13.53959,
                    59.40679
                ],
                [
                    13.53943,
                    59.40674
                ],
                [
                    13.53947,
                    59.4067
                ],
                [
                    13.53906,
                    59.4066
                ],
                [
                    13.53855,
                    59.4064
                ],
                [
                    13.53832,
                    59.40628
                ],
                [
                    13.53808,
                    59.40606
                ]
            ]
        },
        {
            "summary": {
                "distance": 216.1,
                "duration": 35.4
            },
            "user": {
                "id": 1006,
                "token": "eyJhbGciOiJIUzI1NiIsInR5cCI6IkpXVCJ9.eyJpZCI6MTAwNiwicm9sZSI6InVzZXIiLCJpYXQiOjE3MDA5NDY0MDAsImV4cCI6MTczMjQ4MjQwMH0._5MR68jh4crq2ZenxjpYikATghOQjw3KoznOunlVMqk"
            },
            "coords": [
                [
                    13.53808,
                    59.40606
                ],
                [
                    13.53832,
                    59.40628
                ],
                [
                    13.53855,
                    59.4064
                ],
                [
                    13.53906,
                    59.4066
                ],
                [
                    13.53947,
                    59.4067
                ],
                [
                    13.53943,
                    59.40674
                ],
                [
                    13.53959,
                    59.40679
                ],
                [
                    13.53992,
                    59.40683
                ],
                [
                    13.54019,
                    59.40686
                ],
                [
                    13.54031,
                    59.40692
                ],
                [
                    13.54047,
                    59.40693
                ],
                [
                    13.54031,
                    59.40717
                ],
                [
                    13.54022,
                    59.40726
                ]
            ]
        }
    ]
}