{
    "city": 2,
    "initialStart": [
        13.48909,
        59.37119
    ],
    "trips": [
        {
            "summary": {
                "distance": 419.5,
                "duration": 120.5
            },
            "user": {
                "id": 1015,
                "token": "eyJhbGciOiJIUzI1NiIsInR5cCI6IkpXVCJ9.eyJpZCI6MTAxNSwicm9sZSI6InVzZXIiLCJpYXQiOjE3MDA5NDY0MDEsImV4cCI6MTczMjQ4MjQwMX0.TJnyaEXM8MVOUvnshIuDrN__c2EzuszWwPybA1RHc9E"
            },
            "coords": [
                [
                    13.48909,
                    59.37119
                ],
                [
                    13.48922,
                    59.37131
                ],
                [
                    13.48936,
                    59.37142
                ],
                [
                    13.48942,
                    59.37154
                ],
                [
                    13.48938,
                    59.37158
                ],
                [
                    13.48894,
                    59.37167
                ],
                [
                    13.4886,
                    59.37175
                ],
                [
                    13.48844,
                    59.37178
                ],
                [
                    13.48909,
                    59.37251
                ],
                [
                    13.48947,
                    59.37294
                ],
                [
                    13.48987,
                    59.37337
                ],
                [
                    13.49023,
                    59.37377
                ],
                [
                    13.49137,
                    59.37351
                ]
            ]
        },
        {
            "summary": {
                "distance": 443.4,
                "duration": 124.4
            },
            "user": {
                "id": 1016,
                "token": "eyJhbGciOiJIUzI1NiIsInR5cCI6IkpXVCJ9.eyJpZCI6MTAxNiwicm9sZSI6InVzZXIiLCJpYXQiOjE3MDA5NDY0MDEsImV4cCI6MTczMjQ4MjQwMX0.4y3HduQv3hFe0JdYmYuKFyxeEU8xzECUuMRwfWkAxa4"
            },
            "coords": [
                [
                    13.49137,
                    59.37351
                ],
                [
                    13.49023,
                    59.37377
                ],
                [
                    13.4906,
                    59.37416
                ],
                [
                    13.49094,
                    59.37453
                ],
                [
                    13.49109,
                    59.37469
                ],
                [
                    13.49181,
                    59.37507
                ],
                [
                    13.49155,
                    59.37518
                ],
                [
                    13.4918,
                    59.37521
                ],
                [
                    13.49191,
                    59.37522
                ],
                [
                    13.49199,
                    59.37525
                ],
                [
                    13.49222,
                    59.37527
                ],
                [
                    13.49257,
                    59.37526
                ],
                [
                    13.49468,
                    59.37506
                ]
            ]
        }
    ],
    "apiKey": "fd02d2879abf0d75484bccd62c7fe0c1"
}