{
    "city": 1,
    "initialStart": [
        18.07209,
        59.32941
    ],
    "trips": [
        {
            "summary": {
                "distance": 622.4,
                "duration": 123
            },
            "user": {
                "id": 101,
                "token": "eyJhbGciOiJIUzI1NiIsInR5cCI6IkpXVCJ9.eyJpZCI6MTAxLCJyb2xlIjoidXNlciIsImlhdCI6MTcwMDkzMjEwNywiZXhwIjoxNzMyNDY4MTA3fQ.8jWfztr5aMVAK3m7I5bFnA2hl-tfi5AegUBayelm2Eg"
            },
            "coords": [
                [
                    18.07209,
                    59.32941
                ],
                [
                    18.07169,
                    59.32938
                ],
                [
                    18.07165,
                    59.32947
                ],
                [
                    18.07178,
                    59.32948
                ],
                [
                    18.07291,
                    59.32957
                ],
                [
                    18.07313,
                    59.3296
                ],
                [
                    18.07312,
                    59.32949
                ],
                [
                    18.07312,
                    59.32942
                ],
                [
                    18.07312,
                    59.32935
                ],
                [
                    18.07285,
                    59.32819
                ],
                [
                    18.07283,
                    59.32811
                ],
                [
                    18.07287,
                    59.32808
                ],
                [
                    18.07287,
                    59.32805
                ],
                [
                    18.07274,
                    59.32805
                ],
                [
                    18.07253,
                    59.32802
                ],
                [
                    18.0722,
                    59.3279
                ],
                [
                    18.07111,
                    59.32755
                ],
                [
                    18.07089,
                    59.32748
                ],
                [
                    18.07073,
                    59.32743
                ],
                [
                    18.06928,
                    59.32696
                ],
                [
                    18.06862,
                    59.32673
                ],
                [
                    18.06859,
                    59.32676
                ],
                [
                    18.06848,
                    59.32686
                ],
                [
                    18.06846,
                    59.32688
                ],
                [
                    18.06827,
                    59.32705
                ],
                [
                    18.06824,
                    59.32708
                ],
                [
                    18.06823,
                    59.32709
                ]
            ]
        },
        {
            "summary": {
                "distance": 894.3,
                "duration": 158.9
            },
            "user": {
                "id": 102,
                "token": "eyJhbGciOiJIUzI1NiIsInR5cCI6IkpXVCJ9.eyJpZCI6MTAyLCJyb2xlIjoidXNlciIsImlhdCI6MTcwMDkzMjEwNywiZXhwIjoxNzMyNDY4MTA3fQ.x3oF_JofL8DCZBpuTD7VOd8zj6JbwPQWQRIAD3y6vQY"
            },
            "coords": [
                [
                    18.06823,
                    59.32709
                ],
                [
                    18.06824,
                    59.32708
                ],
                [
                    18.06827,
                    59.32705
                ],
                [
                    18.06846,
                    59.32688
                ],
                [
                    18.06848,
                    59.32686
                ],
                [
                    18.06859,
                    59.32676
                ],
                [
                    18.06862,
                    59.32673
                ],
                [
                    18.06849,
                    59.32667
                ],
                [
                    18.06789,
                    59.3264
                ],
                [
                    18.06756,
                    59.32624
                ],
                [
                    18.06731,
                    59.32613
                ],
                [
                    18.0672,
                    59.32609
                ],
                [
                    18.06631,
                    59.32665
                ],
                [
                    18.0662,
                    59.32669
                ],
                [
                    18.06603,
                    59.32672
                ],
                [
                    18.06588,
                    59.32672
                ],
                [
                    18.06557,
                    59.32668
                ],
                [
                    18.06547,
                    59.32669
                ],
                [
                    18.06537,
                    59.32664
                ],
                [
                    18.06529,
                    59.3266
                ],
                [
                    18.06528,
                    59.32664
                ],
                [
                    18.06524,
                    59.32668
                ],
                [
                    18.06426,
                    59.32728
                ],
                [
                    18.06299,
                    59.32807
                ],
                [
                    18.06287,
                    59.32812
                ],
                [
                    18.06285,
                    59.32812
                ],
                [
                    18.06278,
                    59.32815
                ],
                [
                    18.06292,
                    59.32818
                ],
                [
                    18.06306,
                    59.32821
                ],
                [
                    18.0631,
                    59.32827
                ],
                [
                    18.06373,
                    59.32839
                ],
                [
                    18.0638,
                    59.32844
                ],
                [
                    18.06381,
                    59.32852
                ],
                [
                    18.06357,
                    59.32873
                ],
                [
                    18.06339,
                    59.32883
                ],
                [
                    18.06354,
                    59.32888
                ],
                [
                    18.06349,
                    59.32894
                ],
                [
                    18.06342,
                    59.32904
                ],
                [
                    18.06332,
                    59.32918
                ],
                [
                    18.06328,
                    59.3293
                ],
                [
                    18.06286,
                    59.32971
                ],
                [
                    18.06283,
                    59.32974
                ],
                [
                    18.06294,
                    59.32977
                ],
                [
                    18.06447,
                    59.33017
                ],
                [
                    18.0648,
                    59.33025
                ],
                [
                    18.06496,
                    59.3303
                ]
            ]
        }
    ]
}