{
    "city": 2,
    "initialStart": [
        13.52044,
        59.40801
    ],
    "trips": [
        {
            "summary": {
                "distance": 356.7,
                "duration": 67
            },
            "user": {
                "id": 1025,
                "token": "eyJhbGciOiJIUzI1NiIsInR5cCI6IkpXVCJ9.eyJpZCI6MTAyNSwicm9sZSI6InVzZXIiLCJpYXQiOjE3MDA5NDY0MDMsImV4cCI6MTczMjQ4MjQwM30.Kc7GuZYAwagkQBfRhMhTFf2nIb1bR-Krf-yrWidsgqE"
            },
            "coords": [
                [
                    13.52044,
                    59.40801
                ],
                [
                    13.52044,
                    59.4081
                ],
                [
                    13.52016,
                    59.40811
                ],
                [
                    13.52,
                    59.40807
                ],
                [
                    13.51972,
                    59.40744
                ],
                [
                    13.51966,
                    59.40731
                ],
                [
                    13.51909,
                    59.40737
                ],
                [
                    13.51894,
                    59.40738
                ],
                [
                    13.51876,
                    59.40699
                ],
                [
                    13.51874,
                    59.40695
                ],
                [
                    13.51857,
                    59.40682
                ],
                [
                    13.51849,
                    59.40668
                ],
                [
                    13.51853,
                    59.40656
                ],
                [
                    13.51849,
                    59.4065
                ],
                [
                    13.51825,
                    59.40612
                ],
                [
                    13.51803,
                    59.40617
                ],
                [
                    13.51767,
                    59.40599
                ],
                [
                    13.51764,
                    59.40598
                ]
            ]
        },
        {
            "summary": {
                "distance": 429.8,
                "duration": 80
            },
            "user": {
                "id": 1026,
                "token": "eyJhbGciOiJIUzI1NiIsInR5cCI6IkpXVCJ9.eyJpZCI6MTAyNiwicm9sZSI6InVzZXIiLCJpYXQiOjE3MDA5NDY0MDQsImV4cCI6MTczMjQ4MjQwNH0.9ARrt63Ku7kSnKIg-kn_fDv_xfurkF8RMhiFTWJnK2c"
            },
            "coords": [
                [
                    13.51764,
                    59.40598
                ],
                [
                    13.51767,
                    59.40599
                ],
                [
                    13.51803,
                    59.40617
                ],
                [
                    13.51825,
                    59.40612
                ],
                [
                    13.51833,
                    59.40611
                ],
                [
                    13.51836,
                    59.40614
                ],
                [
                    13.51915,
                    59.40595
                ],
                [
                    13.51945,
                    59.40591
                ],
                [
                    13.52008,
                    59.40588
                ],
                [
                    13.5201,
                    59.40612
                ],
                [
                    13.52011,
                    59.40624
                ],
                [
                    13.52239,
                    59.40616
                ],
                [
                    13.52251,
                    59.40616
                ],
                [
                    13.52233,
                    59.40547
                ],
                [
                    13.52228,
                    59.40529
                ]
            ]
        }
    ]
}