{
    "city": 2,
    "initialStart": [
        13.51843,
        59.37994
    ],
    "trips": [
        {
            "summary": {
                "distance": 310.3,
                "duration": 53.8
            },
            "user": {
                "id": 1027,
                "token": "eyJhbGciOiJIUzI1NiIsInR5cCI6IkpXVCJ9.eyJpZCI6MTAyNywicm9sZSI6InVzZXIiLCJpYXQiOjE3MDA5NDY0MDQsImV4cCI6MTczMjQ4MjQwNH0.zNPn4S4NTW5e2ZSZCTd0f7CxtHT0aVOvPoGzo_NUeiw"
            },
            "coords": [
                [
                    13.51843,
                    59.37994
                ],
                [
                    13.51826,
                    59.37991
                ],
                [
                    13.51786,
                    59.37979
                ],
                [
                    13.5176,
                    59.37975
                ],
                [
                    13.5172,
                    59.37976
                ],
                [
                    13.51705,
                    59.37975
                ],
                [
                    13.51677,
                    59.3797
                ],
                [
                    13.51652,
                    59.37956
                ],
                [
                    13.51575,
                    59.37911
                ],
                [
                    13.5151,
                    59.37869
                ],
                [
                    13.51498,
                    59.37862
                ],
                [
                    13.51452,
                    59.37892
                ],
                [
                    13.5144,
                    59.37898
                ]
            ]
        },
        {
            "summary": {
                "distance": "",
                "duration": ""
            },
            "user": {
                "id": 1028,
                "token": "eyJhbGciOiJIUzI1NiIsInR5cCI6IkpXVCJ9.eyJpZCI6MTAyOCwicm9sZSI6InVzZXIiLCJpYXQiOjE3MDA5NDY0MDQsImV4cCI6MTczMjQ4MjQwNH0.gLFUno-FFd7BlBFJjx_ZrT1zEl0yw0q9kihBQ3b6CYM"
            },
            "coords": [
                [
                    13.5144,
                    59.37898
                ],
                [
                    13.51421,
                    59.37907
                ],
                [
                    13.51406,
                    59.37912
                ],
                [
                    13.51335,
                    59.37924
                ],
                [
                    13.5132,
                    59.37923
                ],
                [
                    13.51296,
                    59.37923
                ],
                [
                    13.51284,
                    59.37933
                ],
                [
                    13.51273,
                    59.37931
                ],
                [
                    13.51268,
                    59.37937
                ],
                [
                    13.51219,
                    59.37928
                ],
                [
                    13.51213,
                    59.37921
                ],
                [
                    13.51206,
                    59.37921
                ],
                [
                    13.51186,
                    59.37921
                ],
                [
                    13.51178,
                    59.3792
                ],
                [
                    13.51154,
                    59.37914
                ],
                [
                    13.51126,
                    59.37903
                ],
                [
                    13.51023,
                    59.37871
                ],
                [
                    13.50978,
                    59.37859
                ],
                [
                    13.50937,
                    59.37846
                ],
                [
                    13.50931,
                    59.37842
                ]
            ]
        }
    ],
    "apiKey": "2ab5035e48dc7bd505f6f995a11f8253"
}