{
    "city": 2,
    "initialStart": [
        13.47707,
        59.38752
    ],
    "trips": [
        {
            "summary": {
                "distance": 615.3,
                "duration": 108
            },
            "user": {
                "id": 1031,
                "token": "eyJhbGciOiJIUzI1NiIsInR5cCI6IkpXVCJ9.eyJpZCI6MTAzMSwicm9sZSI6InVzZXIiLCJpYXQiOjE3MDA5NDY0MDQsImV4cCI6MTczMjQ4MjQwNH0.-4WPSQBOr5rBU4mqMuEQ1nkKMkThMv30q-lPiULdo1E"
            },
            "coords": [
                [
                    13.47707,
                    59.38752
                ],
                [
                    13.47412,
                    59.38755
                ],
                [
                    13.47399,
                    59.38812
                ],
                [
                    13.47394,
                    59.38864
                ],
                [
                    13.47393,
                    59.38906
                ],
                [
                    13.47461,
                    59.38902
                ],
                [
                    13.47497,
                    59.38899
                ],
                [
                    13.47543,
                    59.39016
                ],
                [
                    13.47664,
                    59.39003
                ],
                [
                    13.47656,
                    59.38986
                ]
            ]
        },
        {
            "summary": {
                "distance": 199.2,
                "duration": 33.8
            },
            "user": {
                "id": 1032,
                "token": "eyJhbGciOiJIUzI1NiIsInR5cCI6IkpXVCJ9.eyJpZCI6MTAzMiwicm9sZSI6InVzZXIiLCJpYXQiOjE3MDA5NDY0MDQsImV4cCI6MTczMjQ4MjQwNH0.7iXGROjZB0Zgci1hvwkY1ZHXtOKBw0UxvemlNAYv2RI"
            },
            "coords": [
                [
                    13.47656,
                    59.38986
                ],
                [
                    13.47664,
                    59.39003
                ],
                [
                    13.47543,
                    59.39016
                ],
                [
                    13.47398,
                    59.39031
                ],
                [
                    13.474,
                    59.39054
                ]
            ]
        }
    ],
    "apiKey": "bdfe7d8f7b6de0afecbacdbe641d4d32"
}