{
    "city": 2,
    "initialStart": [
        13.52183,
        59.39967
    ],
    "trips": [
        {
            "summary": {
                "distance": 306.1,
                "duration": 50.1
            },
            "user": {
                "id": 1033,
                "token": "eyJhbGciOiJIUzI1NiIsInR5cCI6IkpXVCJ9.eyJpZCI6MTAzMywicm9sZSI6InVzZXIiLCJpYXQiOjE3MDA5NDY0MDQsImV4cCI6MTczMjQ4MjQwNH0.DF0ji3ddwscGc2RSZ2X0c3EqUw-COkwaceoFd4Jv_zo"
            },
            "coords": [
                [
                    13.52183,
                    59.39967
                ],
                [
                    13.52138,
                    59.39974
                ],
                [
                    13.52144,
                    59.39979
                ],
                [
                    13.5212,
                    59.39983
                ],
                [
                    13.52103,
                    59.39982
                ],
                [
                    13.51989,
                    59.39998
                ],
                [
                    13.51961,
                    59.40003
                ],
                [
                    13.51947,
                    59.39949
                ],
                [
                    13.51938,
                    59.39933
                ],
                [
                    13.51935,
                    59.39927
                ],
                [
                    13.51936,
                    59.39922
                ],
                [
                    13.51921,
                    59.39898
                ],
                [
                    13.519,
                    59.39875
                ],
                [
                    13.51886,
                    59.39862
                ]
            ]
        },
        {
            "summary": {
                "distance": 369,
                "duration": 85
            },
            "user": {
                "id": 1034,
                "token": "eyJhbGciOiJIUzI1NiIsInR5cCI6IkpXVCJ9.eyJpZCI6MTAzNCwicm9sZSI6InVzZXIiLCJpYXQiOjE3MDA5NDY0MDQsImV4cCI6MTczMjQ4MjQwNH0.sQ7BS9YC7_rGOhZnBmyr5HMtgw2LbxetiAepdz2rSqk"
            },
            "coords": [
                [
                    13.51886,
                    59.39862
                ],
                [
                    13.519,
                    59.39875
                ],
                [
                    13.51921,
                    59.39898
                ],
                [
                    13.51936,
                    59.39922
                ],
                [
                    13.51935,
                    59.39927
                ],
                [
                    13.51938,
                    59.39933
                ],
                [
                    13.51947,
                    59.39949
                ],
                [
                    13.51961,
                    59.40003
                ],
                [
                    13.51964,
                    59.40007
                ],
                [
                    13.51965,
                    59.40013
                ],
                [
                    13.52003,
                    59.40092
                ],
                [
                    13.52032,
                    59.40092
                ],
                [
                    13.52026,
                    59.40028
                ],
                [
                    13.52032,
                    59.40022
                ],
                [
                    13.52045,
                    59.40022
                ]
            ]
        }
    ],
    "apiKey": "568e5eef72489d835f560bb3ca9bf0ae"
}