{
    "city": 2,
    "initialStart": [
        13.48339,
        59.41867
    ],
    "trips": [
        {
            "summary": {
                "distance": 1080.5,
                "duration": 177.1
            },
            "user": {
                "id": 1035,
                "token": "eyJhbGciOiJIUzI1NiIsInR5cCI6IkpXVCJ9.eyJpZCI6MTAzNSwicm9sZSI6InVzZXIiLCJpYXQiOjE3MDA5NDY0MDQsImV4cCI6MTczMjQ4MjQwNH0.8-d0rztlABkdSbRr-ih0-6ITxZdToWcOcQX62TlkaEE"
            },
            "coords": [
                [
                    13.48339,
                    59.41867
                ],
                [
                    13.48418,
                    59.41777
                ],
                [
                    13.48585,
                    59.41553
                ],
                [
                    13.48622,
                    59.41509
                ],
                [
                    13.48608,
                    59.41509
                ],
                [
                    13.48594,
                    59.41527
                ],
                [
                    13.48556,
                    59.41531
                ],
                [
                    13.48446,
                    59.41553
                ],
                [
                    13.48419,
                    59.41555
                ],
                [
                    13.48383,
                    59.41556
                ],
                [
                    13.48342,
                    59.41547
                ],
                [
                    13.48331,
                    59.41566
                ],
                [
                    13.48291,
                    59.4161
                ],
                [
                    13.48222,
                    59.41693
                ],
                [
                    13.48125,
                    59.41811
                ],
                [
                    13.48058,
                    59.41889
                ],
                [
                    13.48046,
                    59.41901
                ],
                [
                    13.48013,
                    59.4193
                ],
                [
                    13.48006,
                    59.41936
                ]
            ]
        },
        {
            "summary": {
                "distance": "",
                "duration": ""
            },
            "user": {
                "id": 1036,
                "token": "eyJhbGciOiJIUzI1NiIsInR5cCI6IkpXVCJ9.eyJpZCI6MTAzNiwicm9sZSI6InVzZXIiLCJpYXQiOjE3MDA5NDY0MDUsImV4cCI6MTczMjQ4MjQwNX0._BybsWnY1r4T8pDnS1MnDVgoZ32zj7RN_NtJ8KPY_sk"
            },
            "coords": [
                [
                    13.48006,
                    59.41936
                ],
                [
                    13.48013,
                    59.4193
                ],
                [
                    13.48046,
                    59.41901
                ],
                [
                    13.48058,
                    59.41889
                ],
                [
                    13.48125,
                    59.41811
                ],
                [
                    13.48222,
                    59.41693
                ],
                [
                    13.48291,
                    59.4161
                ],
                [
                    13.48331,
                    59.41566
                ],
                [
                    13.48342,
                    59.41547
                ],
                [
                    13.48342,
                    59.41539
                ],
                [
                    13.48348,
                    59.41529
                ],
                [
                    13.48399,
                    59.41476
                ],
                [
                    13.48433,
                    59.41441
                ],
                [
                    13.4848,
                    59.41376
                ],
                [
                    13.4849,
                    59.41358
                ],
                [
                    13.48531,
                    59.41277
                ],
                [
                    13.48563,
                    59.41206
                ],
                [
                    13.48604,
                    59.41106
                ],
                [
                    13.48608,
                    59.41096
                ],
                [
                    13.48607,
                    59.41085
                ]
            ]
        }
    ]
}