{
    "city": 1,
    "initialStart": [
        18.00611,
        59.32554
    ],
    "trips": [
        {
            "summary": {
                "distance": 440.5,
                "duration": 86.7
            },
            "user": {
                "id": 103,
                "token": "eyJhbGciOiJIUzI1NiIsInR5cCI6IkpXVCJ9.eyJpZCI6MTAzLCJyb2xlIjoidXNlciIsImlhdCI6MTcwMDkzMjEwNywiZXhwIjoxNzMyNDY4MTA3fQ.w8COjsgBHcFfEiPr6wbxRYnDm7803cA-1fHB0nSCgxc"
            },
            "coords": [
                [
                    18.00611,
                    59.32554
                ],
                [
                    18.00628,
                    59.32554
                ],
                [
                    18.00708,
                    59.32561
                ],
                [
                    18.00751,
                    59.32565
                ],
                [
                    18.00784,
                    59.32566
                ],
                [
                    18.00822,
                    59.32561
                ],
                [
                    18.00837,
                    59.32552
                ],
                [
                    18.00846,
                    59.32542
                ],
                [
                    18.00871,
                    59.32549
                ],
                [
                    18.0088,
                    59.32551
                ],
                [
                    18.00934,
                    59.32564
                ],
                [
                    18.00948,
                    59.32561
                ],
                [
                    18.01059,
                    59.32589
                ],
                [
                    18.01234,
                    59.3263
                ],
                [
                    18.01228,
                    59.32635
                ],
                [
                    18.01224,
                    59.3264
                ],
                [
                    18.01202,
                    59.32648
                ],
                [
                    18.01193,
                    59.32649
                ],
                [
                    18.01182,
                    59.32664
                ]
            ]
        },
        {
            "summary": {
                "distance": 483,
                "duration": 87.6
            },
            "user": {
                "id": 104,
                "token": "eyJhbGciOiJIUzI1NiIsInR5cCI6IkpXVCJ9.eyJpZCI6MTA0LCJyb2xlIjoidXNlciIsImlhdCI6MTcwMDkzMjEwNywiZXhwIjoxNzMyNDY4MTA3fQ.uhQQWbhDzSACU1qpdzv4DVd6SI1Cd18mitEWiPlUGqA"
            },
            "coords": [
                [
                    18.01183,
                    59.32664
                ],
                [
                    18.01182,
                    59.32665
                ],
                [
                    18.01176,
                    59.32669
                ],
                [
                    18.01184,
                    59.32674
                ],
                [
                    18.01184,
                    59.32683
                ],
                [
                    18.01187,
                    59.32726
                ],
                [
                    18.01109,
                    59.32728
                ],
                [
                    18.01104,
                    59.32752
                ],
                [
                    18.01102,
                    59.32757
                ],
                [
                    18.01091,
                    59.32763
                ],
                [
                    18.00879,
                    59.32815
                ],
                [
                    18.00889,
                    59.32831
                ],
                [
                    18.00906,
                    59.32855
                ],
                [
                    18.00918,
                    59.32872
                ],
                [
                    18.00921,
                    59.32876
                ],
                [
                    18.00926,
                    59.32884
                ],
                [
                    18.00915,
                    59.32886
                ],
                [
                    18.00899,
                    59.32888
                ],
                [
                    18.00877,
                    59.32891
                ],
                [
                    18.00798,
                    59.32909
                ],
                [
                    18.00782,
                    59.32912
                ],
                [
                    18.00786,
                    59.32919
                ],
                [
                    18.00761,
                    59.32924
                ]
            ]
        }
    ],
    "apiKey": "f09a033cb7ecd40bae9e425ba811e8f9"
}