{
    "city": 2,
    "initialStart": [
        13.50783,
        59.38528
    ],
    "trips": [
        {
            "summary": {
                "distance": 499.9,
                "duration": 81.8
            },
            "user": {
                "id": 1047,
                "token": "eyJhbGciOiJIUzI1NiIsInR5cCI6IkpXVCJ9.eyJpZCI6MTA0Nywicm9sZSI6InVzZXIiLCJpYXQiOjE3MDA5NDY4ODcsImV4cCI6MTczMjQ4Mjg4N30.xexIksG6cJ4Ouvly_LV4ccx-fragu_GkORHWgP_38Ng"
            },
            "coords": [
                [
                    13.50783,
                    59.38528
                ],
                [
                    13.50782,
                    59.38528
                ],
                [
                    13.50691,
                    59.38512
                ],
                [
                    13.50642,
                    59.38519
                ],
                [
                    13.50626,
                    59.38522
                ],
                [
                    13.506,
                    59.38527
                ],
                [
                    13.50566,
                    59.38538
                ],
                [
                    13.50571,
                    59.38549
                ],
                [
                    13.5057,
                    59.38556
                ],
                [
                    13.50528,
                    59.38601
                ],
                [
                    13.5053,
                    59.38603
                ],
                [
                    13.50653,
                    59.38575
                ],
                [
                    13.50614,
                    59.38527
                ],
                [
                    13.50517,
                    59.3841
                ],
                [
                    13.50508,
                    59.384
                ]
            ]
        },
        {
            "summary": {
                "distance": "",
                "duration": ""
            },
            "user": {
                "id": 1048,
                "token": "eyJhbGciOiJIUzI1NiIsInR5cCI6IkpXVCJ9.eyJpZCI6MTA0OCwicm9sZSI6InVzZXIiLCJpYXQiOjE3MDA5NDY4ODcsImV4cCI6MTczMjQ4Mjg4N30.f9fziz9tkLDwXXLnVxeRKljH7NArEUxPDj6bkiHXWoQ"
            },
            "coords": [
                [
                    13.50508,
                    59.384
                ],
                [
                    13.50458,
                    59.38335
                ],
                [
                    13.50454,
                    59.38323
                ],
                [
                    13.5044,
                    59.38321
                ],
                [
                    13.50436,
                    59.38317
                ],
                [
                    13.50436,
                    59.38313
                ],
                [
                    13.50442,
                    59.38308
                ],
                [
                    13.50449,
                    59.38307
                ],
                [
                    13.50452,
                    59.38306
                ],
                [
                    13.50461,
                    59.38308
                ],
                [
                    13.50468,
                    59.38313
                ],
                [
                    13.5049,
                    59.3831
                ],
                [
                    13.50558,
                    59.38304
                ],
                [
                    13.50586,
                    59.38303
                ],
                [
                    13.50602,
                    59.38302
                ],
                [
                    13.50669,
                    59.383
                ],
                [
                    13.50712,
                    59.38301
                ],
                [
                    13.50713,
                    59.38297
                ],
                [
                    13.50717,
                    59.38295
                ],
                [
                    13.50726,
                    59.38293
                ]
            ]
        }
    ],
    "apiKey": "f412b96e9dadb4d2ef2309cb7e91d418"
}