{
    "city": 2,
    "initialStart": [
        13.47155,
        59.379
    ],
    "trips": [
        {
            "summary": {
                "distance": 457.3,
                "duration": 74.8
            },
            "user": {
                "id": 1055,
                "token": "eyJhbGciOiJIUzI1NiIsInR5cCI6IkpXVCJ9.eyJpZCI6MTA1NSwicm9sZSI6InVzZXIiLCJpYXQiOjE3MDA5NDY4ODgsImV4cCI6MTczMjQ4Mjg4OH0.XWWImvfarCQ49HdOABhis275LXd7QtU7UDKJksGIgWI"
            },
            "coords": [
                [
                    13.47155,
                    59.379
                ],
                [
                    13.47164,
                    59.37905
                ],
                [
                    13.4719,
                    59.37923
                ],
                [
                    13.47307,
                    59.37987
                ],
                [
                    13.47313,
                    59.37998
                ],
                [
                    13.4725,
                    59.38006
                ],
                [
                    13.4703,
                    59.38041
                ],
                [
                    13.4697,
                    59.38058
                ],
                [
                    13.46981,
                    59.38066
                ],
                [
                    13.4695,
                    59.3808
                ],
                [
                    13.46926,
                    59.38088
                ],
                [
                    13.46944,
                    59.38105
                ],
                [
                    13.46957,
                    59.38118
                ],
                [
                    13.4697,
                    59.38136
                ]
            ]
        },
        {
            "summary": {
                "distance": 656.2,
                "duration": 130.4
            },
            "user": {
                "id": 1056,
                "token": "eyJhbGciOiJIUzI1NiIsInR5cCI6IkpXVCJ9.eyJpZCI6MTA1Niwicm9sZSI6InVzZXIiLCJpYXQiOjE3MDA5NDY4ODgsImV4cCI6MTczMjQ4Mjg4OH0.xDcv5qs1woDEcZ9yQxvg8QATiCA0jsgZmQ3Q1RoAtkc"
            },
            "coords": [
                [
                    13.4697,
                    59.38136
                ],
                [
                    13.46957,
                    59.38118
                ],
                [
                    13.46944,
                    59.38105
                ],
                [
                    13.46926,
                    59.38088
                ],
                [
                    13.4695,
                    59.3808
                ],
                [
                    13.46981,
                    59.38066
                ],
                [
                    13.47038,
                    59.38049
                ],
                [
                    13.47047,
                    59.38047
                ],
                [
                    13.47115,
                    59.38036
                ],
                [
                    13.47317,
                    59.38008
                ],
                [
                    13.474,
                    59.37998
                ],
                [
                    13.47453,
                    59.37991
                ],
                [
                    13.47536,
                    59.3798
                ],
                [
                    13.47539,
                    59.37984
                ],
                [
                    13.47542,
                    59.37996
                ],
                [
                    13.4754,
                    59.38018
                ],
                [
                    13.4753,
                    59.38112
                ],
                [
                    13.47441,
                    59.38106
                ],
                [
                    13.4739,
                    59.38108
                ]
            ]
        }
    ]
}