{
    "city": 1,
    "initialStart": [
        18.07654,
        59.3447
    ],
    "trips": [
        {
            "summary": {
                "distance": 561.4,
                "duration": 110.9
            },
            "user": {
                "id": 105,
                "token": "eyJhbGciOiJIUzI1NiIsInR5cCI6IkpXVCJ9.eyJpZCI6MTA1LCJyb2xlIjoidXNlciIsImlhdCI6MTcwMDkzMjEwNywiZXhwIjoxNzMyNDY4MTA3fQ.KNdW7p9wyz0o-jvayHs7rmMJpUzACsuKKeaSS5cnRvs"
            },
            "coords": [
                [
                    18.07654,
                    59.3447
                ],
                [
                    18.07644,
                    59.34462
                ],
                [
                    18.07637,
                    59.34456
                ],
                [
                    18.07619,
                    59.34437
                ],
                [
                    18.07635,
                    59.34433
                ],
                [
                    18.07685,
                    59.3442
                ],
                [
                    18.07789,
                    59.34394
                ],
                [
                    18.07881,
                    59.34373
                ],
                [
                    18.07888,
                    59.34371
                ],
                [
                    18.07906,
                    59.34388
                ],
                [
                    18.07913,
                    59.34396
                ],
                [
                    18.07916,
                    59.34399
                ],
                [
                    18.07912,
                    59.34403
                ],
                [
                    18.07908,
                    59.34407
                ],
                [
                    18.07909,
                    59.34411
                ],
                [
                    18.07925,
                    59.34419
                ],
                [
                    18.07962,
                    59.34459
                ],
                [
                    18.08,
                    59.34492
                ],
                [
                    18.08051,
                    59.34522
                ],
                [
                    18.08089,
                    59.34539
                ],
                [
                    18.08096,
                    59.34534
                ],
                [
                    18.08103,
                    59.34528
                ],
                [
                    18.08129,
                    59.3454
                ],
                [
                    18.08184,
                    59.34559
                ],
                [
                    18.08263,
                    59.34582
                ]
            ]
        },
        {
            "summary": {
                "distance": 619.7,
                "duration": 123.5
            },
            "user": {
                "id": 106,
                "token": "eyJhbGciOiJIUzI1NiIsInR5cCI6IkpXVCJ9.eyJpZCI6MTA2LCJyb2xlIjoidXNlciIsImlhdCI6MTcwMDkzMjEwOCwiZXhwIjoxNzMyNDY4MTA4fQ.zkpHViHoXgclZfMIHMYycTuXTecNgY-73j8q2vpMF6M"
            },
            "coords": [
                [
                    18.08263,
                    59.34582
                ],
                [
                    18.08289,
                    59.34589
                ],
                [
                    18.08293,
                    59.3459
                ],
                [
                    18.08299,
                    59.34585
                ],
                [
                    18.08307,
                    59.34588
                ],
                [
                    18.08324,
                    59.34592
                ],
                [
                    18.08335,
                    59.34587
                ],
                [
                    18.08354,
                    59.3458
                ],
                [
                    18.08357,
                    59.34579
                ],
                [
                    18.08394,
                    59.34567
                ],
                [
                    18.08389,
                    59.34562
                ],
                [
                    18.08366,
                    59.3454
                ],
                [
                    18.0836,
                    59.3453
                ],
                [
                    18.08349,
                    59.34507
                ],
                [
                    18.08345,
                    59.34491
                ],
                [
                    18.08345,
                    59.34479
                ],
                [
                    18.0835,
                    59.34459
                ],
                [
                    18.08367,
                    59.34426
                ],
                [
                    18.08391,
                    59.34404
                ],
                [
                    18.08392,
                    59.34399
                ],
                [
                    18.08401,
                    59.34399
                ],
                [
                    18.08408,
                    59.34396
                ],
                [
                    18.08419,
                    59.34389
                ],
                [
                    18.08461,
                    59.3437
                ],
                [
                    18.08484,
                    59.34362
                ],
                [
                    18.08502,
                    59.34357
                ],
                [
                    18.08505,
                    59.34353
                ],
                [
                    18.08533,
                    59.34348
                ],
                [
                    18.08586,
                    59.3434
                ],
                [
                    18.08593,
                    59.3434
                ],
                [
                    18.08604,
                    59.3434
                ],
                [
                    18.08661,
                    59.3434
                ],
                [
                    18.08683,
                    59.34342
                ],
                [
                    18.08688,
                    59.34333
                ],
                [
                    18.08691,
                    59.34308
                ],
                [
                    18.08708,
                    59.34309
                ],
                [
                    18.08724,
                    59.34309
                ],
                [
                    18.08745,
                    59.34304
                ],
                [
                    18.08766,
                    59.34305
                ],
                [
                    18.08808,
                    59.34332
                ],
                [
                    18.08772,
                    59.34346
                ]
            ]
        }
    ],
    "apiKey": "5a7028349c18c60962f27e489920426d"
}