{
    "city": 2,
    "initialStart": [
        13.57352,
        59.39857
    ],
    "trips": [
        {
            "summary": {
                "distance": 458.6,
                "duration": 77.7
            },
            "user": {
                "id": 1077,
                "token": "eyJhbGciOiJIUzI1NiIsInR5cCI6IkpXVCJ9.eyJpZCI6MTA3Nywicm9sZSI6InVzZXIiLCJpYXQiOjE3MDA5NDY4OTIsImV4cCI6MTczMjQ4Mjg5Mn0.TwfKtYObfVzw1hfHCsLZfTmF5qMvRwc2FbxMqc_qSdQ"
            },
            "coords": [
                [
                    13.57352,
                    59.39857
                ],
                [
                    13.5734,
                    59.39873
                ],
                [
                    13.57392,
                    59.39886
                ],
                [
                    13.57403,
                    59.39891
                ],
                [
                    13.57409,
                    59.39897
                ],
                [
                    13.5738,
                    59.39903
                ],
                [
                    13.57317,
                    59.39911
                ],
                [
                    13.57245,
                    59.39916
                ],
                [
                    13.57276,
                    59.39968
                ],
                [
                    13.57299,
                    59.40007
                ],
                [
                    13.57287,
                    59.40008
                ],
                [
                    13.57259,
                    59.40012
                ],
                [
                    13.57243,
                    59.40011
                ],
                [
                    13.57219,
                    59.40015
                ],
                [
                    13.57205,
                    59.40014
                ],
                [
                    13.57137,
                    59.40026
                ],
                [
                    13.57131,
                    59.40026
                ],
                [
                    13.57168,
                    59.40088
                ],
                [
                    13.57177,
                    59.40104
                ]
            ]
        },
        {
            "summary": {
                "distance": 303.4,
                "duration": 64.8
            },
            "user": {
                "id": 1078,
                "token": "eyJhbGciOiJIUzI1NiIsInR5cCI6IkpXVCJ9.eyJpZCI6MTA3OCwicm9sZSI6InVzZXIiLCJpYXQiOjE3MDA5NDY4OTIsImV4cCI6MTczMjQ4Mjg5Mn0.3hFoIJWOwR7gSp1hbmyIswF3n0Baljz1Wezq0RRb_EI"
            },
            "coords": [
                [
                    13.57177,
                    59.40104
                ],
                [
                    13.57193,
                    59.4013
                ],
                [
                    13.57208,
                    59.40154
                ],
                [
                    13.57251,
                    59.40147
                ],
                [
                    13.57298,
                    59.40225
                ],
                [
                    13.57326,
                    59.40219
                ],
                [
                    13.57342,
                    59.40244
                ],
                [
                    13.57359,
                    59.40275
                ],
                [
                    13.57368,
                    59.40288
                ],
                [
                    13.57384,
                    59.40315
                ]
            ]
        }
    ]
}