{
    "city": 1,
    "initialStart": [
        18.09717,
        59.33874
    ],
    "trips": [
        {
            "summary": {
                "distance": 769.9,
                "duration": 235.4
            },
            "user": {
                "id": 107,
                "token": "eyJhbGciOiJIUzI1NiIsInR5cCI6IkpXVCJ9.eyJpZCI6MTA3LCJyb2xlIjoidXNlciIsImlhdCI6MTcwMDkzMjE5NSwiZXhwIjoxNzMyNDY4MTk1fQ.-XPPEt4j3-CJpCf9uqqMoar2dNzz16Av8Q2tjVPcHgM"
            },
            "coords": [
                [
                    18.09717,
                    59.33874
                ],
                [
                    18.09719,
                    59.33867
                ],
                [
                    18.09679,
                    59.33819
                ],
                [
                    18.09655,
                    59.33813
                ],
                [
                    18.09645,
                    59.33801
                ],
                [
                    18.09643,
                    59.33798
                ],
                [
                    18.09564,
                    59.33813
                ],
                [
                    18.09558,
                    59.33806
                ],
                [
                    18.09518,
                    59.33758
                ],
                [
                    18.09463,
                    59.33695
                ],
                [
                    18.09455,
                    59.33688
                ],
                [
                    18.09446,
                    59.33677
                ],
                [
                    18.09436,
                    59.33667
                ],
                [
                    18.09456,
                    59.33663
                ],
                [
                    18.09623,
                    59.33629
                ],
                [
                    18.09727,
                    59.33607
                ],
                [
                    18.09738,
                    59.33605
                ],
                [
                    18.09733,
                    59.336
                ],
                [
                    18.09778,
                    59.3359
                ],
                [
                    18.09803,
                    59.33585
                ],
                [
                    18.09843,
                    59.33577
                ],
                [
                    18.09841,
                    59.33575
                ],
                [
                    18.09834,
                    59.33565
                ],
                [
                    18.09826,
                    59.33556
                ],
                [
                    18.09811,
                    59.33537
                ],
                [
                    18.09787,
                    59.33506
                ],
                [
                    18.09724,
                    59.33519
                ],
                [
                    18.09671,
                    59.3353
                ],
                [
                    18.09665,
                    59.33531
                ],
                [
                    18.09668,
                    59.33535
                ],
                [
                    18.09675,
                    59.33545
                ],
                [
                    18.09682,
                    59.33553
                ]
            ]
        },
        {
            "summary": {
                "distance": 583.9,
                "duration": 178
            },
            "user": {
                "id": 108,
                "token": "eyJhbGciOiJIUzI1NiIsInR5cCI6IkpXVCJ9.eyJpZCI6MTA4LCJyb2xlIjoidXNlciIsImlhdCI6MTcwMDkzMjE5NiwiZXhwIjoxNzMyNDY4MTk2fQ.ZAK2OP8urkGGu2JHY0GxR_vDGOhGcwBpwyGKrKa_evw"
            },
            "coords": [
                [
                    18.09682,
                    59.33553
                ],
                [
                    18.09675,
                    59.33545
                ],
                [
                    18.09668,
                    59.33535
                ],
                [
                    18.09665,
                    59.33531
                ],
                [
                    18.09671,
                    59.3353
                ],
                [
                    18.09724,
                    59.33519
                ],
                [
                    18.09787,
                    59.33506
                ],
                [
                    18.09811,
                    59.33537
                ],
                [
                    18.09826,
                    59.33556
                ],
                [
                    18.09834,
                    59.33565
                ],
                [
                    18.09841,
                    59.33575
                ],
                [
                    18.09843,
                    59.33577
                ],
                [
                    18.099,
                    59.33565
                ],
                [
                    18.09914,
                    59.33562
                ],
                [
                    18.09918,
                    59.33567
                ],
                [
                    18.09932,
                    59.33564
                ],
                [
                    18.09941,
                    59.33575
                ],
                [
                    18.09951,
                    59.33587
                ],
                [
                    18.09955,
                    59.33592
                ],
                [
                    18.09962,
                    59.33602
                ],
                [
                    18.09977,
                    59.3362
                ],
                [
                    18.09998,
                    59.33644
                ],
                [
                    18.1002,
                    59.33671
                ],
                [
                    18.10039,
                    59.33693
                ],
                [
                    18.10064,
                    59.33723
                ],
                [
                    18.10128,
                    59.33802
                ],
                [
                    18.10118,
                    59.33805
                ],
                [
                    18.10063,
                    59.33817
                ],
                [
                    18.1005,
                    59.3382
                ],
                [
                    18.10043,
                    59.33822
                ]
            ]
        }
    ],
    "apiKey": "d590ca62b8fe8d26f49adf035bd36fda"
}