{
    "city": 2,
    "initialStart": [
        13.49003,
        59.379
    ],
    "trips": [
        {
            "summary": {
                "distance": 304.2,
                "duration": 49.8
            },
            "user": {
                "id": 1083,
                "token": "eyJhbGciOiJIUzI1NiIsInR5cCI6IkpXVCJ9.eyJpZCI6MTA4Mywicm9sZSI6InVzZXIiLCJpYXQiOjE3MDA5NDc3NjcsImV4cCI6MTczMjQ4Mzc2N30.uLGKXCTs07kBZ863lGqmXv5MV6Sqea27lI509AOSbS0"
            },
            "coords": [
                [
                    13.49003,
                    59.379
                ],
                [
                    13.49015,
                    59.379
                ],
                [
                    13.49023,
                    59.37901
                ],
                [
                    13.49028,
                    59.37906
                ],
                [
                    13.49037,
                    59.37936
                ],
                [
                    13.49034,
                    59.37946
                ],
                [
                    13.49043,
                    59.37948
                ],
                [
                    13.49066,
                    59.37951
                ],
                [
                    13.49074,
                    59.37953
                ],
                [
                    13.49063,
                    59.37961
                ],
                [
                    13.49053,
                    59.37972
                ],
                [
                    13.49045,
                    59.3799
                ],
                [
                    13.49048,
                    59.3801
                ],
                [
                    13.49051,
                    59.38043
                ],
                [
                    13.49106,
                    59.38051
                ],
                [
                    13.49144,
                    59.38052
                ],
                [
                    13.49249,
                    59.38043
                ]
            ]
        },
        {
            "summary": {
                "distance": 339.6,
                "duration": 71.5
            },
            "user": {
                "id": 1084,
                "token": "eyJhbGciOiJIUzI1NiIsInR5cCI6IkpXVCJ9.eyJpZCI6MTA4NCwicm9sZSI6InVzZXIiLCJpYXQiOjE3MDA5NDc3NjcsImV4cCI6MTczMjQ4Mzc2N30.XD7SwoXlJsO8cUKWkvkaQaKWwnhoN3HYhggDygzhBDc"
            },
            "coords": [
                [
                    13.49249,
                    59.38043
                ],
                [
                    13.49144,
                    59.38052
                ],
                [
                    13.49106,
                    59.38051
                ],
                [
                    13.49074,
                    59.38055
                ],
                [
                    13.4892,
                    59.38039
                ],
                [
                    13.48879,
                    59.38035
                ],
                [
                    13.48834,
                    59.38029
                ],
                [
                    13.48764,
                    59.38012
                ],
                [
                    13.48765,
                    59.38009
                ],
                [
                    13.48823,
                    59.38007
                ],
                [
                    13.48832,
                    59.38009
                ],
                [
                    13.48837,
                    59.38013
                ],
                [
                    13.4884,
                    59.38017
                ],
                [
                    13.48839,
                    59.3802
                ]
            ]
        }
    ],
    "apiKey": "6bf3cd9f8a7784c424ee983fcaf361fa"
}