{
    "city": 2,
    "initialStart": [
        13.55241,
        59.40354
    ],
    "trips": [
        {
            "summary": {
                "distance": 368.6,
                "duration": 60.3
            },
            "user": {
                "id": 1091,
                "token": "eyJhbGciOiJIUzI1NiIsInR5cCI6IkpXVCJ9.eyJpZCI6MTA5MSwicm9sZSI6InVzZXIiLCJpYXQiOjE3MDA5NDc3NjgsImV4cCI6MTczMjQ4Mzc2OH0.31ugiJNnsoiieLI1vLlleZEbi1dqxH_zKnMmpdDsGog"
            },
            "coords": [
                [
                    13.55241,
                    59.40354
                ],
                [
                    13.55239,
                    59.40364
                ],
                [
                    13.55221,
                    59.40392
                ],
                [
                    13.55262,
                    59.40402
                ],
                [
                    13.55331,
                    59.40426
                ],
                [
                    13.55374,
                    59.40449
                ],
                [
                    13.55396,
                    59.40466
                ],
                [
                    13.55438,
                    59.40451
                ],
                [
                    13.55515,
                    59.40431
                ],
                [
                    13.55651,
                    59.40405
                ],
                [
                    13.55669,
                    59.40397
                ],
                [
                    13.55684,
                    59.40384
                ],
                [
                    13.55684,
                    59.4038
                ]
            ]
        },
        {
            "summary": {
                "distance": 445.3,
                "duration": 90.4
            },
            "user": {
                "id": 1092,
                "token": "eyJhbGciOiJIUzI1NiIsInR5cCI6IkpXVCJ9.eyJpZCI6MTA5Miwicm9sZSI6InVzZXIiLCJpYXQiOjE3MDA5NDc3NjgsImV4cCI6MTczMjQ4Mzc2OH0.rntmElf2WLxf0UA8cS1dwmBdhwdnrh9WFc29xhMeGBw"
            },
            "coords": [
                [
                    13.55684,
                    59.4038
                ],
                [
                    13.55684,
                    59.40384
                ],
                [
                    13.55669,
                    59.40397
                ],
                [
                    13.55651,
                    59.40405
                ],
                [
                    13.55515,
                    59.40431
                ],
                [
                    13.55438,
                    59.40451
                ],
                [
                    13.55396,
                    59.40466
                ],
                [
                    13.55374,
                    59.40449
                ],
                [
                    13.55331,
                    59.40426
                ],
                [
                    13.55262,
                    59.40402
                ],
                [
                    13.55221,
                    59.40392
                ],
                [
                    13.55239,
                    59.40364
                ],
                [
                    13.55241,
                    59.40354
                ],
                [
                    13.55237,
                    59.40341
                ],
                [
                    13.55177,
                    59.40338
                ],
                [
                    13.5517,
                    59.40336
                ],
                [
                    13.55148,
                    59.40319
                ]
            ]
        }
    ],
    "apiKey": "4da9415262dfe1487ca7870e261be222"
}