{
    "city": 1,
    "initialStart": [
        18.06743,
        59.34556
    ],
    "trips": [
        {
            "summary": {
                "distance": 997.5,
                "duration": 188.1
            },
            "user": {
                "id": 109,
                "token": "eyJhbGciOiJIUzI1NiIsInR5cCI6IkpXVCJ9.eyJpZCI6MTA5LCJyb2xlIjoidXNlciIsImlhdCI6MTcwMDkzMjE5NiwiZXhwIjoxNzMyNDY4MTk2fQ.75xCdgWDenLxOb6AEmdne6dB36g6WsCGtTkJjNCPhLs"
            },
            "coords": [
                [
                    18.06743,
                    59.34556
                ],
                [
                    18.06825,
                    59.34616
                ],
                [
                    18.06833,
                    59.34613
                ],
                [
                    18.06843,
                    59.34619
                ],
                [
                    18.06925,
                    59.3459
                ],
                [
                    18.06954,
                    59.3458
                ],
                [
                    18.0698,
                    59.34573
                ],
                [
                    18.06998,
                    59.34569
                ],
                [
                    18.06991,
                    59.34562
                ],
                [
                    18.06982,
                    59.34555
                ],
                [
                    18.06936,
                    59.34494
                ],
                [
                    18.06903,
                    59.34442
                ],
                [
                    18.06898,
                    59.34432
                ],
                [
                    18.06878,
                    59.34442
                ],
                [
                    18.06794,
                    59.34478
                ],
                [
                    18.06674,
                    59.34531
                ],
                [
                    18.06665,
                    59.34534
                ],
                [
                    18.06654,
                    59.34535
                ],
                [
                    18.0661,
                    59.34534
                ],
                [
                    18.06535,
                    59.34532
                ],
                [
                    18.06488,
                    59.34531
                ],
                [
                    18.06381,
                    59.34529
                ],
                [
                    18.06361,
                    59.34526
                ],
                [
                    18.06347,
                    59.34529
                ],
                [
                    18.06322,
                    59.34529
                ],
                [
                    18.0632,
                    59.34529
                ],
                [
                    18.06311,
                    59.34527
                ],
                [
                    18.06295,
                    59.34523
                ],
                [
                    18.06283,
                    59.3452
                ],
                [
                    18.0629,
                    59.34513
                ],
                [
                    18.06291,
                    59.34488
                ],
                [
                    18.06293,
                    59.34446
                ],
                [
                    18.06293,
                    59.34411
                ],
                [
                    18.06289,
                    59.34397
                ],
                [
                    18.06284,
                    59.34394
                ],
                [
                    18.06279,
                    59.34389
                ],
                [
                    18.06257,
                    59.34366
                ],
                [
                    18.06263,
                    59.34362
                ],
                [
                    18.06266,
                    59.34358
                ],
                [
                    18.06281,
                    59.34342
                ],
                [
                    18.06308,
                    59.34315
                ]
            ]
        },
        {
            "summary": {
                "distance": 415.2,
                "duration": 75.9
            },
            "user": {
                "id": 110,
                "token": "eyJhbGciOiJIUzI1NiIsInR5cCI6IkpXVCJ9.eyJpZCI6MTEwLCJyb2xlIjoidXNlciIsImlhdCI6MTcwMDkzMjE5NywiZXhwIjoxNzMyNDY4MTk3fQ.DExpQfhRoSpWMgI1_8bDQ2zWbsFoOfWfJWPUUBgfvtY"
            },
            "coords": [
                [
                    18.06308,
                    59.34315
                ],
                [
                    18.06326,
                    59.34298
                ],
                [
                    18.06336,
                    59.34285
                ],
                [
                    18.0633,
                    59.34284
                ],
                [
                    18.06338,
                    59.34275
                ],
                [
                    18.06345,
                    59.34268
                ],
                [
                    18.06347,
                    59.34262
                ],
                [
                    18.06402,
                    59.34204
                ],
                [
                    18.06408,
                    59.34202
                ],
                [
                    18.06412,
                    59.34198
                ],
                [
                    18.06423,
                    59.34197
                ],
                [
                    18.06428,
                    59.34191
                ],
                [
                    18.06438,
                    59.34181
                ],
                [
                    18.06512,
                    59.34105
                ],
                [
                    18.06524,
                    59.34094
                ],
                [
                    18.06534,
                    59.34086
                ],
                [
                    18.06551,
                    59.34079
                ],
                [
                    18.06548,
                    59.34068
                ],
                [
                    18.0655,
                    59.34059
                ],
                [
                    18.06595,
                    59.34014
                ],
                [
                    18.06585,
                    59.34012
                ],
                [
                    18.06565,
                    59.34033
                ]
            ]
        }
    ],
    "apiKey": "20f5b6ffa29baf8d923ea2b27b6a43a9"
}