{
    "city": 2,
    "initialStart": [
        13.57351,
        59.39825
    ],
    "trips": [
        {
            "summary": {
                "distance": 360.4,
                "duration": 77.5
            },
            "user": {
                "id": 1103,
                "token": "eyJhbGciOiJIUzI1NiIsInR5cCI6IkpXVCJ9.eyJpZCI6MTEwMywicm9sZSI6InVzZXIiLCJpYXQiOjE3MDA5NDc3NzEsImV4cCI6MTczMjQ4Mzc3MX0.RpG38gO7GbA502NBh-45RrzanKRjeRFBfzQ7qy57z_o"
            },
            "coords": [
                [
                    13.57351,
                    59.39825
                ],
                [
                    13.5734,
                    59.39826
                ],
                [
                    13.57342,
                    59.39835
                ],
                [
                    13.57353,
                    59.39846
                ],
                [
                    13.57354,
                    59.39851
                ],
                [
                    13.57353,
                    59.39855
                ],
                [
                    13.5734,
                    59.39873
                ],
                [
                    13.57392,
                    59.39886
                ],
                [
                    13.57403,
                    59.39891
                ],
                [
                    13.57409,
                    59.39897
                ],
                [
                    13.57411,
                    59.39902
                ],
                [
                    13.57436,
                    59.39921
                ],
                [
                    13.57444,
                    59.39925
                ],
                [
                    13.57458,
                    59.39927
                ],
                [
                    13.57521,
                    59.39929
                ],
                [
                    13.57544,
                    59.39949
                ],
                [
                    13.57571,
                    59.3999
                ],
                [
                    13.5752,
                    59.39997
                ],
                [
                    13.57542,
                    59.40038
                ],
                [
                    13.57548,
                    59.40054
                ]
            ]
        },
        {
            "summary": {
                "distance": 312.1,
                "duration": 68.4
            },
            "user": {
                "id": 1104,
                "token": "eyJhbGciOiJIUzI1NiIsInR5cCI6IkpXVCJ9.eyJpZCI6MTEwNCwicm9sZSI6InVzZXIiLCJpYXQiOjE3MDA5NDc3NzEsImV4cCI6MTczMjQ4Mzc3MX0.YhfWttYkPP4MtHuOIC-oFaiO4EPslBViRtbnYC2yYl0"
            },
            "coords": [
                [
                    13.57548,
                    59.40054
                ],
                [
                    13.57558,
                    59.40079
                ],
                [
                    13.57612,
                    59.40072
                ],
                [
                    13.57617,
                    59.40093
                ],
                [
                    13.5766,
                    59.40157
                ],
                [
                    13.57671,
                    59.40174
                ],
                [
                    13.57604,
                    59.40178
                ],
                [
                    13.5754,
                    59.40186
                ],
                [
                    13.57555,
                    59.40207
                ],
                [
                    13.57553,
                    59.40237
                ]
            ]
        }
    ]
}