{
    "city": 2,
    "initialStart": [
        13.54195,
        59.40129
    ],
    "trips": [
        {
            "summary": {
                "distance": 695,
                "duration": 121.2
            },
            "user": {
                "id": 1117,
                "token": "eyJhbGciOiJIUzI1NiIsInR5cCI6IkpXVCJ9.eyJpZCI6MTExNywicm9sZSI6InVzZXIiLCJpYXQiOjE3MDA5NDc3NzIsImV4cCI6MTczMjQ4Mzc3Mn0.EhQYkc6u3s4dhgDsynPf5qYKfq64scx1ZBCg6dULXQI"
            },
            "coords": [
                [
                    13.54195,
                    59.40129
                ],
                [
                    13.5405,
                    59.401
                ],
                [
                    13.54021,
                    59.40087
                ],
                [
                    13.54008,
                    59.4008
                ],
                [
                    13.53971,
                    59.40084
                ],
                [
                    13.54061,
                    59.40292
                ],
                [
                    13.54088,
                    59.4029
                ],
                [
                    13.54156,
                    59.40294
                ],
                [
                    13.54278,
                    59.40305
                ],
                [
                    13.54292,
                    59.40301
                ],
                [
                    13.54346,
                    59.40263
                ],
                [
                    13.5438,
                    59.40245
                ],
                [
                    13.54406,
                    59.40236
                ],
                [
                    13.54439,
                    59.40233
                ],
                [
                    13.54474,
                    59.40234
                ],
                [
                    13.54537,
                    59.40248
                ],
                [
                    13.54548,
                    59.40249
                ]
            ]
        },
        {
            "summary": {
                "distance": 411.2,
                "duration": 67.3
            },
            "user": {
                "id": 1118,
                "token": "eyJhbGciOiJIUzI1NiIsInR5cCI6IkpXVCJ9.eyJpZCI6MTExOCwicm9sZSI6InVzZXIiLCJpYXQiOjE3MDA5NDc3NzIsImV4cCI6MTczMjQ4Mzc3Mn0.S6YpT12RUlenH1-IIYqUE1blwWWxHhnzGhFSA3qjFdg"
            },
            "coords": [
                [
                    13.54548,
                    59.40249
                ],
                [
                    13.54537,
                    59.40248
                ],
                [
                    13.54474,
                    59.40234
                ],
                [
                    13.54439,
                    59.40233
                ],
                [
                    13.54406,
                    59.40236
                ],
                [
                    13.5438,
                    59.40245
                ],
                [
                    13.54346,
                    59.40263
                ],
                [
                    13.54292,
                    59.40301
                ],
                [
                    13.54278,
                    59.40305
                ],
                [
                    13.54156,
                    59.40294
                ],
                [
                    13.54088,
                    59.4029
                ],
                [
                    13.54061,
                    59.40292
                ],
                [
                    13.54098,
                    59.40376
                ]
            ]
        }
    ],
    "apiKey": "33b21a1c4ad5f6e820baccdb99387df7"
}