{
    "city": 1,
    "initialStart": [
        18.08063,
        59.33438
    ],
    "trips": [
        {
            "summary": {
                "distance": 813,
                "duration": 160.2
            },
            "user": {
                "id": 111,
                "token": "eyJhbGciOiJIUzI1NiIsInR5cCI6IkpXVCJ9.eyJpZCI6MTExLCJyb2xlIjoidXNlciIsImlhdCI6MTcwMDkzMjE5NywiZXhwIjoxNzMyNDY4MTk3fQ.YU1jn15h_gTWjutwY3Hz9aeplxaSksQ8IgEb1_w2P2U"
            },
            "coords": [
                [
                    18.08063,
                    59.33438
                ],
                [
                    18.08058,
                    59.33439
                ],
                [
                    18.08025,
                    59.33399
                ],
                [
                    18.07968,
                    59.3341
                ],
                [
                    18.07955,
                    59.33393
                ],
                [
                    18.07953,
                    59.3339
                ],
                [
                    18.08054,
                    59.33369
                ],
                [
                    18.08071,
                    59.33365
                ],
                [
                    18.08063,
                    59.33361
                ],
                [
                    18.08013,
                    59.33295
                ],
                [
                    18.07978,
                    59.33251
                ],
                [
                    18.07978,
                    59.33245
                ],
                [
                    18.07956,
                    59.33216
                ],
                [
                    18.07949,
                    59.33208
                ],
                [
                    18.07938,
                    59.3321
                ],
                [
                    18.07742,
                    59.33263
                ],
                [
                    18.07732,
                    59.33266
                ],
                [
                    18.07736,
                    59.33274
                ],
                [
                    18.07728,
                    59.33276
                ],
                [
                    18.07717,
                    59.33279
                ],
                [
                    18.0771,
                    59.33281
                ],
                [
                    18.07707,
                    59.3328
                ],
                [
                    18.07625,
                    59.33302
                ],
                [
                    18.07607,
                    59.33307
                ],
                [
                    18.07605,
                    59.33308
                ],
                [
                    18.07598,
                    59.33311
                ],
                [
                    18.07592,
                    59.33315
                ],
                [
                    18.07588,
                    59.33317
                ],
                [
                    18.07581,
                    59.33317
                ],
                [
                    18.07528,
                    59.33367
                ],
                [
                    18.07519,
                    59.33375
                ],
                [
                    18.07498,
                    59.33393
                ],
                [
                    18.0749,
                    59.334
                ],
                [
                    18.07483,
                    59.33404
                ],
                [
                    18.0743,
                    59.33451
                ],
                [
                    18.07443,
                    59.33455
                ],
                [
                    18.0745,
                    59.33448
                ]
            ]
        },
        {
            "summary": {
                "distance": 588.9,
                "duration": 118.1
            },
            "user": {
                "id": 112,
                "token": "eyJhbGciOiJIUzI1NiIsInR5cCI6IkpXVCJ9.eyJpZCI6MTEyLCJyb2xlIjoidXNlciIsImlhdCI6MTcwMDkzMjE5NywiZXhwIjoxNzMyNDY4MTk3fQ.jrWL08YVCF3_EKmpNUk2CDNj1StKCR4lncftTDZS05M"
            },
            "coords": [
                [
                    18.0745,
                    59.33448
                ],
                [
                    18.07443,
                    59.33455
                ],
                [
                    18.0743,
                    59.33451
                ],
                [
                    18.07407,
                    59.33473
                ],
                [
                    18.0742,
                    59.33476
                ],
                [
                    18.07441,
                    59.33492
                ],
                [
                    18.0757,
                    59.33466
                ],
                [
                    18.07577,
                    59.33465
                ],
                [
                    18.07699,
                    59.3344
                ],
                [
                    18.07714,
                    59.33437
                ],
                [
                    18.07726,
                    59.33435
                ],
                [
                    18.07822,
                    59.33415
                ],
                [
                    18.07833,
                    59.33413
                ],
                [
                    18.07837,
                    59.33419
                ],
                [
                    18.07951,
                    59.33551
                ],
                [
                    18.07956,
                    59.33557
                ],
                [
                    18.07975,
                    59.3358
                ],
                [
                    18.08,
                    59.33611
                ],
                [
                    18.07987,
                    59.33614
                ],
                [
                    18.07983,
                    59.3361
                ],
                [
                    18.07943,
                    59.33616
                ]
            ]
        }
    ]
}