{
    "city": 1,
    "initialStart": [
        18.09199,
        59.30671
    ],
    "trips": [
        {
            "summary": {
                "distance": 467.6,
                "duration": 87.3
            },
            "user": {
                "id": 1121,
                "token": "eyJhbGciOiJIUzI1NiIsInR5cCI6IkpXVCJ9.eyJpZCI6MTEyMSwicm9sZSI6InVzZXIiLCJpYXQiOjE3MDA5NDc5NDMsImV4cCI6MTczMjQ4Mzk0M30.i3hq0w38A4-1sgjl_eDakWo5x51nxJNOC6XyeZx7jwQ"
            },
            "coords": [
                [
                    18.09199,
                    59.30671
                ],
                [
                    18.09248,
                    59.30683
                ],
                [
                    18.09243,
                    59.30677
                ],
                [
                    18.09323,
                    59.30696
                ],
                [
                    18.09315,
                    59.30699
                ],
                [
                    18.09275,
                    59.30715
                ],
                [
                    18.0919,
                    59.30748
                ],
                [
                    18.09124,
                    59.30774
                ],
                [
                    18.09122,
                    59.30779
                ],
                [
                    18.09101,
                    59.30803
                ],
                [
                    18.09074,
                    59.30796
                ],
                [
                    18.09065,
                    59.30796
                ],
                [
                    18.09046,
                    59.30803
                ],
                [
                    18.08973,
                    59.30833
                ],
                [
                    18.09076,
                    59.30901
                ],
                [
                    18.09052,
                    59.30911
                ]
            ]
        },
        {
            "summary": {
                "distance": 257.5,
                "duration": 76.1
            },
            "user": {
                "id": 1122,
                "token": "eyJhbGciOiJIUzI1NiIsInR5cCI6IkpXVCJ9.eyJpZCI6MTEyMiwicm9sZSI6InVzZXIiLCJpYXQiOjE3MDA5NDc5NDMsImV4cCI6MTczMjQ4Mzk0M30.2_TPstyDaVG8vKgQN_MGfFImAcd1GBurAOlN_j5vxXg"
            },
            "coords": [
                [
                    18.09052,
                    59.30911
                ],
                [
                    18.09076,
                    59.30901
                ],
                [
                    18.08973,
                    59.30833
                ],
                [
                    18.08963,
                    59.30827
                ],
                [
                    18.08954,
                    59.30821
                ],
                [
                    18.08966,
                    59.30816
                ],
                [
                    18.08938,
                    59.308
                ],
                [
                    18.08881,
                    59.30767
                ],
                [
                    18.08909,
                    59.30749
                ],
                [
                    18.08927,
                    59.30733
                ]
            ]
        }
    ],
    "apiKey": "71b89583f105517ebb272d98fa250a44"
}