{
    "city": 2,
    "initialStart": [
        13.54195,
        59.40129
    ],
    "trips": [
        {
            "summary": {
                "distance": 761.2,
                "duration": 132
            },
            "user": {
                "id": 1131,
                "token": "eyJhbGciOiJIUzI1NiIsInR5cCI6IkpXVCJ9.eyJpZCI6MTEzMSwicm9sZSI6InVzZXIiLCJpYXQiOjE3MDA5NDc5NDQsImV4cCI6MTczMjQ4Mzk0NH0.2dCjG2f398tMTqMGBRSZTWLH9QzRShwGXWdoWem5dVM"
            },
            "coords": [
                [
                    13.54195,
                    59.40129
                ],
                [
                    13.5405,
                    59.401
                ],
                [
                    13.54021,
                    59.40087
                ],
                [
                    13.54008,
                    59.4008
                ],
                [
                    13.53971,
                    59.40084
                ],
                [
                    13.54061,
                    59.40292
                ],
                [
                    13.54088,
                    59.4029
                ],
                [
                    13.54156,
                    59.40294
                ],
                [
                    13.54278,
                    59.40305
                ],
                [
                    13.54292,
                    59.40301
                ],
                [
                    13.54346,
                    59.40263
                ],
                [
                    13.5438,
                    59.40245
                ],
                [
                    13.54406,
                    59.40236
                ],
                [
                    13.54439,
                    59.40233
                ],
                [
                    13.54474,
                    59.40234
                ],
                [
                    13.54537,
                    59.40248
                ],
                [
                    13.54575,
                    59.40251
                ],
                [
                    13.54606,
                    59.40249
                ],
                [
                    13.54661,
                    59.40241
                ]
            ]
        },
        {
            "summary": {
                "distance": 358.9,
                "duration": 58.7
            },
            "user": {
                "id": 1132,
                "token": "eyJhbGciOiJIUzI1NiIsInR5cCI6IkpXVCJ9.eyJpZCI6MTEzMiwicm9sZSI6InVzZXIiLCJpYXQiOjE3MDA5NDc5NDQsImV4cCI6MTczMjQ4Mzk0NH0.-I7M4A_dImuCLpiNVVeUZmn9bLUD9VjP927tvwOxx7w"
            },
            "coords": [
                [
                    13.54661,
                    59.40241
                ],
                [
                    13.5469,
                    59.40236
                ],
                [
                    13.54724,
                    59.40236
                ],
                [
                    13.54746,
                    59.4024
                ],
                [
                    13.54763,
                    59.40245
                ],
                [
                    13.54773,
                    59.40253
                ],
                [
                    13.5478,
                    59.40253
                ],
                [
                    13.5476,
                    59.40299
                ],
                [
                    13.54736,
                    59.40332
                ],
                [
                    13.5468,
                    59.40389
                ],
                [
                    13.54654,
                    59.40416
                ],
                [
                    13.54664,
                    59.40418
                ],
                [
                    13.54634,
                    59.4045
                ],
                [
                    13.54604,
                    59.40484
                ]
            ]
        }
    ],
    "apiKey": "0d30f42b338f5905b519b86f16a7bbfc"
}