{
    "city": 2,
    "initialStart": [
        13.51406,
        59.38818
    ],
    "trips": [
        {
            "summary": {
                "distance": 344.2,
                "duration": 56.3
            },
            "user": {
                "id": 1147,
                "token": "eyJhbGciOiJIUzI1NiIsInR5cCI6IkpXVCJ9.eyJpZCI6MTE0Nywicm9sZSI6InVzZXIiLCJpYXQiOjE3MDA5NDc5NDcsImV4cCI6MTczMjQ4Mzk0N30.N2yH5dH1zsnN_q3vwXyMd7DQrBQKlOyAqTeOy81Obo8"
            },
            "coords": [
                [
                    13.51406,
                    59.38818
                ],
                [
                    13.51415,
                    59.38823
                ],
                [
                    13.51433,
                    59.38815
                ],
                [
                    13.51453,
                    59.38814
                ],
                [
                    13.51455,
                    59.38822
                ],
                [
                    13.51488,
                    59.38819
                ],
                [
                    13.51521,
                    59.38817
                ],
                [
                    13.51576,
                    59.38812
                ],
                [
                    13.51641,
                    59.38806
                ],
                [
                    13.51725,
                    59.38799
                ],
                [
                    13.51763,
                    59.38797
                ],
                [
                    13.51765,
                    59.388
                ],
                [
                    13.51774,
                    59.388
                ],
                [
                    13.51809,
                    59.38873
                ],
                [
                    13.51835,
                    59.38873
                ],
                [
                    13.5184,
                    59.3887
                ],
                [
                    13.51836,
                    59.38858
                ]
            ]
        },
        {
            "summary": {
                "distance": 274.9,
                "duration": 46.2
            },
            "user": {
                "id": 1148,
                "token": "eyJhbGciOiJIUzI1NiIsInR5cCI6IkpXVCJ9.eyJpZCI6MTE0OCwicm9sZSI6InVzZXIiLCJpYXQiOjE3MDA5NDc5NDcsImV4cCI6MTczMjQ4Mzk0N30.MwX8EAchUHr_EMA9BLC9Xi5cMSC9qgKEdL8OelRbPpc"
            },
            "coords": [
                [
                    13.51836,
                    59.38858
                ],
                [
                    13.5184,
                    59.3887
                ],
                [
                    13.51835,
                    59.38873
                ],
                [
                    13.51809,
                    59.38873
                ],
                [
                    13.51799,
                    59.38874
                ],
                [
                    13.51821,
                    59.38925
                ],
                [
                    13.51811,
                    59.38926
                ],
                [
                    13.51777,
                    59.38929
                ],
                [
                    13.51546,
                    59.38947
                ],
                [
                    13.51551,
                    59.38965
                ]
            ]
        }
    ],
    "apiKey": "d2d9a31784b91618576e62fba54dd4ae"
}