{
    "city": 2,
    "initialStart": [
        13.49177,
        59.37432
    ],
    "trips": [
        {
            "summary": {
                "distance": 725,
                "duration": 189.8
            },
            "user": {
                "id": 1153,
                "token": "eyJhbGciOiJIUzI1NiIsInR5cCI6IkpXVCJ9.eyJpZCI6MTE1Mywicm9sZSI6InVzZXIiLCJpYXQiOjE3MDA5NDc5NDgsImV4cCI6MTczMjQ4Mzk0OH0.4L6uOpFOSFTE5vVSSZ7yfuuuZ23v8YYGv_nY3XXRDcU"
            },
            "coords": [
                [
                    13.49177,
                    59.37432
                ],
                [
                    13.49094,
                    59.37453
                ],
                [
                    13.49109,
                    59.37469
                ],
                [
                    13.49181,
                    59.37507
                ],
                [
                    13.49196,
                    59.37514
                ],
                [
                    13.49216,
                    59.37519
                ],
                [
                    13.49234,
                    59.37521
                ],
                [
                    13.49256,
                    59.37521
                ],
                [
                    13.49669,
                    59.37482
                ],
                [
                    13.49693,
                    59.37468
                ],
                [
                    13.49702,
                    59.3746
                ],
                [
                    13.49741,
                    59.37298
                ],
                [
                    13.49744,
                    59.37282
                ],
                [
                    13.4974,
                    59.37264
                ],
                [
                    13.49718,
                    59.37265
                ],
                [
                    13.49709,
                    59.37265
                ],
                [
                    13.49657,
                    59.37268
                ],
                [
                    13.49656,
                    59.37256
                ]
            ]
        },
        {
            "summary": {
                "distance": 810,
                "duration": 167.5
            },
            "user": {
                "id": 1154,
                "token": "eyJhbGciOiJIUzI1NiIsInR5cCI6IkpXVCJ9.eyJpZCI6MTE1NCwicm9sZSI6InVzZXIiLCJpYXQiOjE3MDA5NDc5NDgsImV4cCI6MTczMjQ4Mzk0OH0.bCNVvIixr3Ko1hTRfKw4Sjde0728cul73yzmZa5l6j8"
            },
            "coords": [
                [
                    13.49656,
                    59.37256
                ],
                [
                    13.49657,
                    59.37268
                ],
                [
                    13.49709,
                    59.37265
                ],
                [
                    13.49718,
                    59.37265
                ],
                [
                    13.4974,
                    59.37264
                ],
                [
                    13.49744,
                    59.37282
                ],
                [
                    13.49741,
                    59.37298
                ],
                [
                    13.49702,
                    59.3746
                ],
                [
                    13.49693,
                    59.37468
                ],
                [
                    13.49669,
                    59.37482
                ],
                [
                    13.49859,
                    59.37464
                ],
                [
                    13.49883,
                    59.37462
                ],
                [
                    13.50154,
                    59.37441
                ],
                [
                    13.50154,
                    59.37446
                ],
                [
                    13.50214,
                    59.3744
                ],
                [
                    13.50232,
                    59.37437
                ],
                [
                    13.50241,
                    59.37435
                ],
                [
                    13.50242,
                    59.37442
                ],
                [
                    13.49967,
                    59.37467
                ]
            ]
        }
    ]
}