{
    "city": 2,
    "initialStart": [
        13.50295,
        59.38876
    ],
    "trips": [
        {
            "summary": {
                "distance": 374.9,
                "duration": 61.3
            },
            "user": {
                "id": 1165,
                "token": "eyJhbGciOiJIUzI1NiIsInR5cCI6IkpXVCJ9.eyJpZCI6MTE2NSwicm9sZSI6InVzZXIiLCJpYXQiOjE3MDA5NDg1OTMsImV4cCI6MTczMjQ4NDU5M30.8Z2BYjiweYXE6lfZJG4d4tpyp8hM51mJoBsfSF6F4d0"
            },
            "coords": [
                [
                    13.50295,
                    59.38876
                ],
                [
                    13.5027,
                    59.38849
                ],
                [
                    13.50267,
                    59.38844
                ],
                [
                    13.50239,
                    59.38812
                ],
                [
                    13.50234,
                    59.38802
                ],
                [
                    13.50235,
                    59.38789
                ],
                [
                    13.50566,
                    59.38706
                ],
                [
                    13.50547,
                    59.38682
                ],
                [
                    13.50601,
                    59.38671
                ]
            ]
        },
        {
            "summary": {
                "distance": 452.7,
                "duration": 74.1
            },
            "user": {
                "id": 1166,
                "token": "eyJhbGciOiJIUzI1NiIsInR5cCI6IkpXVCJ9.eyJpZCI6MTE2Niwicm9sZSI6InVzZXIiLCJpYXQiOjE3MDA5NDg1OTMsImV4cCI6MTczMjQ4NDU5M30.PhvRQCccKw6dbHUFnMeIzFhq0xfKboRX1JgVcMDOoV0"
            },
            "coords": [
                [
                    13.50601,
                    59.38671
                ],
                [
                    13.50547,
                    59.38682
                ],
                [
                    13.50494,
                    59.38612
                ],
                [
                    13.5053,
                    59.38603
                ],
                [
                    13.50528,
                    59.38601
                ],
                [
                    13.5057,
                    59.38556
                ],
                [
                    13.50571,
                    59.38549
                ],
                [
                    13.50566,
                    59.38538
                ],
                [
                    13.506,
                    59.38527
                ],
                [
                    13.50626,
                    59.38522
                ],
                [
                    13.50642,
                    59.38519
                ],
                [
                    13.50691,
                    59.38512
                ],
                [
                    13.50782,
                    59.38528
                ],
                [
                    13.50813,
                    59.38529
                ],
                [
                    13.50896,
                    59.38532
                ],
                [
                    13.50902,
                    59.38534
                ],
                [
                    13.50943,
                    59.38529
                ],
                [
                    13.50965,
                    59.38529
                ]
            ]
        }
    ]
}