{
    "city": 2,
    "initialStart": [
        13.49287,
        59.3814
    ],
    "trips": [
        {
            "summary": {
                "distance": 311.5,
                "duration": 51
            },
            "user": {
                "id": 1169,
                "token": "eyJhbGciOiJIUzI1NiIsInR5cCI6IkpXVCJ9.eyJpZCI6MTE2OSwicm9sZSI6InVzZXIiLCJpYXQiOjE3MDA5NDg1OTMsImV4cCI6MTczMjQ4NDU5M30.w8jHjMI9OTRmIp55hVpkahjtVGa5iMfr9ycBLdrX0aQ"
            },
            "coords": [
                [
                    13.49287,
                    59.3814
                ],
                [
                    13.4925,
                    59.3814
                ],
                [
                    13.49196,
                    59.38138
                ],
                [
                    13.49143,
                    59.38137
                ],
                [
                    13.49087,
                    59.38148
                ],
                [
                    13.49056,
                    59.38147
                ],
                [
                    13.49008,
                    59.38145
                ],
                [
                    13.49006,
                    59.38155
                ],
                [
                    13.49005,
                    59.38157
                ],
                [
                    13.49003,
                    59.38165
                ],
                [
                    13.49,
                    59.38175
                ],
                [
                    13.49002,
                    59.38182
                ],
                [
                    13.48989,
                    59.38182
                ],
                [
                    13.48939,
                    59.38182
                ],
                [
                    13.48927,
                    59.38183
                ],
                [
                    13.48907,
                    59.38191
                ],
                [
                    13.489,
                    59.38197
                ],
                [
                    13.48893,
                    59.38212
                ],
                [
                    13.48891,
                    59.38229
                ],
                [
                    13.48905,
                    59.38231
                ]
            ]
        },
        {
            "summary": {
                "distance": "",
                "duration": ""
            },
            "user": {
                "id": 1170,
                "token": "eyJhbGciOiJIUzI1NiIsInR5cCI6IkpXVCJ9.eyJpZCI6MTE3MCwicm9sZSI6InVzZXIiLCJpYXQiOjE3MDA5NDg1OTMsImV4cCI6MTczMjQ4NDU5M30.RwIsciqkr73jPdTCwEzs8b45c9nKXdw2V__6nAj1axg"
            },
            "coords": [
                [
                    13.48905,
                    59.38231
                ],
                [
                    13.48891,
                    59.38229
                ],
                [
                    13.48889,
                    59.3825
                ],
                [
                    13.48887,
                    59.38272
                ],
                [
                    13.48886,
                    59.38289
                ],
                [
                    13.48885,
                    59.38301
                ],
                [
                    13.48889,
                    59.38305
                ],
                [
                    13.48879,
                    59.38311
                ],
                [
                    13.48879,
                    59.3833
                ],
                [
                    13.4887,
                    59.38341
                ],
                [
                    13.48869,
                    59.38347
                ],
                [
                    13.48876,
                    59.38358
                ],
                [
                    13.4886,
                    59.38375
                ],
                [
                    13.48852,
                    59.38477
                ],
                [
                    13.48847,
                    59.38543
                ],
                [
                    13.48842,
                    59.3856
                ],
                [
                    13.4883,
                    59.38574
                ],
                [
                    13.48791,
                    59.38607
                ],
                [
                    13.48793,
                    59.38613
                ],
                [
                    13.48737,
                    59.38618
                ]
            ]
        }
    ],
    "apiKey": "bf2ec2be4ab9323e3a25a784c007f069"
}