{
    "city": 2,
    "initialStart": [
        13.4448,
        59.38193
    ],
    "trips": [
        {
            "summary": {
                "distance": 345.9,
                "duration": 56.6
            },
            "user": {
                "id": 1171,
                "token": "eyJhbGciOiJIUzI1NiIsInR5cCI6IkpXVCJ9.eyJpZCI6MTE3MSwicm9sZSI6InVzZXIiLCJpYXQiOjE3MDA5NDg1OTMsImV4cCI6MTczMjQ4NDU5M30.SX4N62KI9t-39pInJZLP_6uakPIO2g3F_sQFJJFz1Jw"
            },
            "coords": [
                [
                    13.4448,
                    59.38193
                ],
                [
                    13.44552,
                    59.38185
                ],
                [
                    13.44616,
                    59.38177
                ],
                [
                    13.44636,
                    59.38177
                ],
                [
                    13.44642,
                    59.38179
                ],
                [
                    13.44647,
                    59.38181
                ],
                [
                    13.44665,
                    59.38218
                ],
                [
                    13.44698,
                    59.38231
                ],
                [
                    13.44733,
                    59.38233
                ],
                [
                    13.44743,
                    59.38327
                ],
                [
                    13.44749,
                    59.38379
                ]
            ]
        },
        {
            "summary": {
                "distance": 421.6,
                "duration": 71.6
            },
            "user": {
                "id": 1172,
                "token": "eyJhbGciOiJIUzI1NiIsInR5cCI6IkpXVCJ9.eyJpZCI6MTE3Miwicm9sZSI6InVzZXIiLCJpYXQiOjE3MDA5NDg1OTQsImV4cCI6MTczMjQ4NDU5NH0.BrO0uqzcWwVRCAA4FULy8N_4FLGiMbDxFLKLvYiJIcM"
            },
            "coords": [
                [
                    13.44749,
                    59.38379
                ],
                [
                    13.44754,
                    59.38423
                ],
                [
                    13.44698,
                    59.38398
                ],
                [
                    13.44693,
                    59.38395
                ],
                [
                    13.44675,
                    59.38394
                ],
                [
                    13.44647,
                    59.384
                ],
                [
                    13.44625,
                    59.38412
                ],
                [
                    13.44579,
                    59.38395
                ],
                [
                    13.44548,
                    59.3839
                ],
                [
                    13.44536,
                    59.3839
                ],
                [
                    13.44526,
                    59.38387
                ],
                [
                    13.44497,
                    59.38382
                ],
                [
                    13.44464,
                    59.38372
                ],
                [
                    13.44335,
                    59.38309
                ],
                [
                    13.443,
                    59.383
                ],
                [
                    13.44258,
                    59.38298
                ],
                [
                    13.44255,
                    59.38297
                ],
                [
                    13.44292,
                    59.3828
                ]
            ]
        }
    ]
}