{
    "city": 2,
    "initialStart": [
        13.45551,
        59.37752
    ],
    "trips": [
        {
            "summary": {
                "distance": 335.1,
                "duration": 55.1
            },
            "user": {
                "id": 1179,
                "token": "eyJhbGciOiJIUzI1NiIsInR5cCI6IkpXVCJ9.eyJpZCI6MTE3OSwicm9sZSI6InVzZXIiLCJpYXQiOjE3MDA5NDg1OTQsImV4cCI6MTczMjQ4NDU5NH0.5ZueZE46WgNIZ2jn7gUE3oL1q2tuR99Fsq1hyfNTtlc"
            },
            "coords": [
                [
                    13.45551,
                    59.37752
                ],
                [
                    13.45551,
                    59.37753
                ],
                [
                    13.45549,
                    59.37782
                ],
                [
                    13.45518,
                    59.37781
                ],
                [
                    13.45502,
                    59.37781
                ],
                [
                    13.4549,
                    59.37781
                ],
                [
                    13.45486,
                    59.37752
                ],
                [
                    13.45487,
                    59.37709
                ],
                [
                    13.45488,
                    59.37693
                ],
                [
                    13.45488,
                    59.3767
                ],
                [
                    13.45499,
                    59.37623
                ],
                [
                    13.45502,
                    59.37593
                ],
                [
                    13.45502,
                    59.3759
                ],
                [
                    13.45512,
                    59.37563
                ],
                [
                    13.45518,
                    59.37557
                ],
                [
                    13.45533,
                    59.37542
                ]
            ]
        },
        {
            "summary": {
                "distance": 314.3,
                "duration": 51.4
            },
            "user": {
                "id": 1180,
                "token": "eyJhbGciOiJIUzI1NiIsInR5cCI6IkpXVCJ9.eyJpZCI6MTE4MCwicm9sZSI6InVzZXIiLCJpYXQiOjE3MDA5NDg1OTQsImV4cCI6MTczMjQ4NDU5NH0.GWWexFh-qk9oyHT8Rm7fxCwlz2SQUdq2AU1rC_Skid0"
            },
            "coords": [
                [
                    13.45534,
                    59.37542
                ],
                [
                    13.45518,
                    59.37557
                ],
                [
                    13.45512,
                    59.37563
                ],
                [
                    13.45502,
                    59.3759
                ],
                [
                    13.45502,
                    59.37593
                ],
                [
                    13.45499,
                    59.37623
                ],
                [
                    13.45488,
                    59.3767
                ],
                [
                    13.45488,
                    59.37693
                ],
                [
                    13.45487,
                    59.37709
                ],
                [
                    13.45486,
                    59.37752
                ],
                [
                    13.4549,
                    59.37781
                ],
                [
                    13.45502,
                    59.37781
                ],
                [
                    13.45518,
                    59.37781
                ],
                [
                    13.45549,
                    59.37782
                ],
                [
                    13.4557,
                    59.37782
                ]
            ]
        }
    ],
    "apiKey": "52457c15728679de3c7410a08b8b4fa4"
}