{
    "city": 2,
    "initialStart": [
        13.56851,
        59.40211
    ],
    "trips": [
        {
            "summary": {
                "distance": 354.2,
                "duration": 57.9
            },
            "user": {
                "id": 1187,
                "token": "eyJhbGciOiJIUzI1NiIsInR5cCI6IkpXVCJ9.eyJpZCI6MTE4Nywicm9sZSI6InVzZXIiLCJpYXQiOjE3MDA5NDg1OTgsImV4cCI6MTczMjQ4NDU5OH0.bXEHdCoNBxrqwYKOf4pjYo7uoIQc4GnatLPd49ZslKo"
            },
            "coords": [
                [
                    13.56851,
                    59.40211
                ],
                [
                    13.56855,
                    59.40211
                ],
                [
                    13.56865,
                    59.40203
                ],
                [
                    13.56867,
                    59.40201
                ],
                [
                    13.56874,
                    59.40193
                ],
                [
                    13.56879,
                    59.40191
                ],
                [
                    13.56905,
                    59.40187
                ],
                [
                    13.56874,
                    59.40135
                ],
                [
                    13.56838,
                    59.40074
                ],
                [
                    13.56792,
                    59.39996
                ],
                [
                    13.56806,
                    59.39994
                ],
                [
                    13.56819,
                    59.39991
                ],
                [
                    13.56851,
                    59.39996
                ],
                [
                    13.5694,
                    59.39982
                ]
            ]
        },
        {
            "summary": {
                "distance": 372.6,
                "duration": 64.6
            },
            "user": {
                "id": 1188,
                "token": "eyJhbGciOiJIUzI1NiIsInR5cCI6IkpXVCJ9.eyJpZCI6MTE4OCwicm9sZSI6InVzZXIiLCJpYXQiOjE3MDA5NDg1OTgsImV4cCI6MTczMjQ4NDU5OH0.8drh5lmtMXHTYLbUtI0NKr0XVTUfAK3zsH_bq2fRbNc"
            },
            "coords": [
                [
                    13.5694,
                    59.39982
                ],
                [
                    13.56851,
                    59.39996
                ],
                [
                    13.56819,
                    59.39991
                ],
                [
                    13.56806,
                    59.39994
                ],
                [
                    13.56792,
                    59.39996
                ],
                [
                    13.56761,
                    59.40002
                ],
                [
                    13.5674,
                    59.40013
                ],
                [
                    13.56599,
                    59.40035
                ],
                [
                    13.56498,
                    59.4005
                ],
                [
                    13.56467,
                    59.40048
                ],
                [
                    13.56449,
                    59.40055
                ],
                [
                    13.56454,
                    59.40065
                ],
                [
                    13.56464,
                    59.40081
                ],
                [
                    13.56466,
                    59.40087
                ],
                [
                    13.56478,
                    59.40108
                ],
                [
                    13.56485,
                    59.4012
                ]
            ]
        }
    ],
    "apiKey": "b6521cb434a4c51c624ec6f82cbc7ac3"
}