{
    "city": 2,
    "initialStart": [
        13.54138,
        59.40795
    ],
    "trips": [
        {
            "summary": {
                "distance": 342.4,
                "duration": 88
            },
            "user": {
                "id": 1193,
                "token": "eyJhbGciOiJIUzI1NiIsInR5cCI6IkpXVCJ9.eyJpZCI6MTE5Mywicm9sZSI6InVzZXIiLCJpYXQiOjE3MDA5NDg1OTgsImV4cCI6MTczMjQ4NDU5OH0.pjSAJJ1BW2xhe2liGOrbBHdUenzFeI9ceO9jfI-UurM"
            },
            "coords": [
                [
                    13.54138,
                    59.40795
                ],
                [
                    13.54137,
                    59.40804
                ],
                [
                    13.54133,
                    59.40816
                ],
                [
                    13.54104,
                    59.40854
                ],
                [
                    13.54083,
                    59.40864
                ],
                [
                    13.5406,
                    59.40878
                ],
                [
                    13.54054,
                    59.40886
                ],
                [
                    13.54054,
                    59.409
                ],
                [
                    13.5405,
                    59.40915
                ],
                [
                    13.5402,
                    59.40927
                ],
                [
                    13.53986,
                    59.40931
                ],
                [
                    13.53956,
                    59.40938
                ],
                [
                    13.5393,
                    59.40952
                ],
                [
                    13.5392,
                    59.40966
                ],
                [
                    13.53917,
                    59.40977
                ],
                [
                    13.53909,
                    59.40989
                ],
                [
                    13.53895,
                    59.41001
                ],
                [
                    13.53892,
                    59.41014
                ],
                [
                    13.5389,
                    59.41048
                ]
            ]
        },
        {
            "summary": {
                "distance": 322.9,
                "duration": 79.7
            },
            "user": {
                "id": 1194,
                "token": "eyJhbGciOiJIUzI1NiIsInR5cCI6IkpXVCJ9.eyJpZCI6MTE5NCwicm9sZSI6InVzZXIiLCJpYXQiOjE3MDA5NDg1OTgsImV4cCI6MTczMjQ4NDU5OH0.ig13Tf9Je-sS3UdvPcGOKt16_IPEFf_GxKLDHR70ojk"
            },
            "coords": [
                [
                    13.5389,
                    59.41048
                ],
                [
                    13.53892,
                    59.41014
                ],
                [
                    13.53895,
                    59.41001
                ],
                [
                    13.53909,
                    59.40989
                ],
                [
                    13.53917,
                    59.40977
                ],
                [
                    13.5392,
                    59.40966
                ],
                [
                    13.5393,
                    59.40952
                ],
                [
                    13.53956,
                    59.40938
                ],
                [
                    13.53986,
                    59.40931
                ],
                [
                    13.53963,
                    59.40914
                ],
                [
                    13.53953,
                    59.40892
                ],
                [
                    13.53937,
                    59.40869
                ],
                [
                    13.53879,
                    59.40824
                ],
                [
                    13.53894,
                    59.40816
                ],
                [
                    13.5392,
                    59.40799
                ]
            ]
        }
    ],
    "apiKey": "d6c203d9646c820415f80b42ab2f43b5"
}