{
    "city": 1,
    "initialStart": [
        18.03367,
        59.31968
    ],
    "trips": [
        {
            "summary": {
                "distance": 517.5,
                "duration": 108.7
            },
            "user": {
                "id": 11,
                "token": "eyJhbGciOiJIUzI1NiIsInR5cCI6IkpXVCJ9.eyJpZCI6MTEsInJvbGUiOiJ1c2VyIiwiaWF0IjoxNzAwOTI5NDMzLCJleHAiOjE3MzI0NjU0MzN9.xj0FJDLZpu2hSU5NkJsVB2RnapEzZQijoTakvt8Gisw"
            },
            "coords": [
                [
                    18.03367,
                    59.31968
                ],
                [
                    18.03378,
                    59.31971
                ],
                [
                    18.03389,
                    59.31973
                ],
                [
                    18.0343,
                    59.31982
                ],
                [
                    18.0344,
                    59.31984
                ],
                [
                    18.03437,
                    59.3199
                ],
                [
                    18.03435,
                    59.31993
                ],
                [
                    18.03407,
                    59.32042
                ],
                [
                    18.034,
                    59.3206
                ],
                [
                    18.03411,
                    59.32067
                ],
                [
                    18.03445,
                    59.3207
                ],
                [
                    18.0351,
                    59.32071
                ],
                [
                    18.03538,
                    59.32066
                ],
                [
                    18.03593,
                    59.32064
                ],
                [
                    18.03608,
                    59.32067
                ],
                [
                    18.0364,
                    59.32074
                ],
                [
                    18.03737,
                    59.32076
                ],
                [
                    18.0377,
                    59.32074
                ],
                [
                    18.03789,
                    59.32075
                ],
                [
                    18.03813,
                    59.32079
                ],
                [
                    18.03809,
                    59.32084
                ],
                [
                    18.03835,
                    59.32112
                ],
                [
                    18.03822,
                    59.32133
                ],
                [
                    18.03855,
                    59.32166
                ],
                [
                    18.03858,
                    59.32174
                ],
                [
                    18.03851,
                    59.32182
                ],
                [
                    18.03838,
                    59.3219
                ],
                [
                    18.03838,
                    59.32195
                ]
            ]
        },
        {
            "summary": {
                "distance": 741.9,
                "duration": 247.3
            },
            "user": {
                "id": 12,
                "token": "eyJhbGciOiJIUzI1NiIsInR5cCI6IkpXVCJ9.eyJpZCI6MTIsInJvbGUiOiJ1c2VyIiwiaWF0IjoxNzAwOTI5NDM0LCJleHAiOjE3MzI0NjU0MzR9.eTNoOzQEvZhwnkL2aIcM09ju8aHiGXXInChfqpuJbvM"
            },
            "coords": [
                [
                    18.03838,
                    59.32195
                ],
                [
                    18.03838,
                    59.3219
                ],
                [
                    18.03851,
                    59.32182
                ],
                [
                    18.03858,
                    59.32174
                ],
                [
                    18.03855,
                    59.32166
                ],
                [
                    18.03822,
                    59.32133
                ],
                [
                    18.03835,
                    59.32112
                ],
                [
                    18.03809,
                    59.32084
                ],
                [
                    18.03813,
                    59.32079
                ],
                [
                    18.03789,
                    59.32075
                ],
                [
                    18.0377,
                    59.32074
                ],
                [
                    18.03737,
                    59.32076
                ],
                [
                    18.0364,
                    59.32074
                ],
                [
                    18.03608,
                    59.32067
                ],
                [
                    18.03593,
                    59.32064
                ],
                [
                    18.03538,
                    59.32066
                ],
                [
                    18.0351,
                    59.32071
                ],
                [
                    18.03445,
                    59.3207
                ],
                [
                    18.03411,
                    59.32067
                ],
                [
                    18.03418,
                    59.32072
                ],
                [
                    18.03428,
                    59.32075
                ],
                [
                    18.03475,
                    59.32083
                ],
                [
                    18.03498,
                    59.32094
                ],
                [
                    18.03502,
                    59.32097
                ],
                [
                    18.03502,
                    59.32099
                ],
                [
                    18.03504,
                    59.32117
                ],
                [
                    18.03508,
                    59.32123
                ],
                [
                    18.03503,
                    59.32134
                ],
                [
                    18.03505,
                    59.3214
                ],
                [
                    18.03483,
                    59.32143
                ],
                [
                    18.03477,
                    59.32152
                ],
                [
                    18.03465,
                    59.32157
                ],
                [
                    18.03477,
                    59.32187
                ],
                [
                    18.03463,
                    59.32206
                ],
                [
                    18.03446,
                    59.32215
                ],
                [
                    18.03407,
                    59.32228
                ],
                [
                    18.03387,
                    59.32232
                ],
                [
                    18.03339,
                    59.32252
                ],
                [
                    18.03315,
                    59.32267
                ],
                [
                    18.0331,
                    59.32271
                ],
                [
                    18.03263,
                    59.32272
                ],
                [
                    18.03223,
                    59.32278
                ]
            ]
        }
    ],
    "apiKey": "bf99d4fd65645f00bcb7fc4374126590"
}