{
    "city": 1,
    "initialStart": [
        18.07992,
        59.31463
    ],
    "trips": [
        {
            "summary": {
                "distance": 471,
                "duration": 97
            },
            "user": {
                "id": 119,
                "token": "eyJhbGciOiJIUzI1NiIsInR5cCI6IkpXVCJ9.eyJpZCI6MTE5LCJyb2xlIjoidXNlciIsImlhdCI6MTcwMDkzMjE5OSwiZXhwIjoxNzMyNDY4MTk5fQ.TYGlcDsKzhtWPapdeucYbNsq0TM2qmpzYfYg4Ync59k"
            },
            "coords": [
                [
                    18.07992,
                    59.31463
                ],
                [
                    18.08006,
                    59.31436
                ],
                [
                    18.08008,
                    59.31432
                ],
                [
                    18.08025,
                    59.31401
                ],
                [
                    18.0804,
                    59.31373
                ],
                [
                    18.08072,
                    59.3131
                ],
                [
                    18.08232,
                    59.3133
                ],
                [
                    18.08264,
                    59.31268
                ],
                [
                    18.0829,
                    59.31272
                ],
                [
                    18.08336,
                    59.31278
                ],
                [
                    18.08366,
                    59.31282
                ],
                [
                    18.08374,
                    59.31266
                ],
                [
                    18.08393,
                    59.31226
                ],
                [
                    18.08395,
                    59.31222
                ]
            ]
        },
        {
            "summary": {
                "distance": 535.8,
                "duration": 113
            },
            "user": {
                "id": 120,
                "token": "eyJhbGciOiJIUzI1NiIsInR5cCI6IkpXVCJ9.eyJpZCI6MTIwLCJyb2xlIjoidXNlciIsImlhdCI6MTcwMDkzMjIwMCwiZXhwIjoxNzMyNDY4MjAwfQ.BDURyOPeIY_epHHLPog2zHC913oV994VuTCaN4aJkU8"
            },
            "coords": [
                [
                    18.08395,
                    59.31222
                ],
                [
                    18.08406,
                    59.31197
                ],
                [
                    18.08379,
                    59.31193
                ],
                [
                    18.08335,
                    59.31188
                ],
                [
                    18.08304,
                    59.31185
                ],
                [
                    18.08313,
                    59.31167
                ],
                [
                    18.08311,
                    59.31164
                ],
                [
                    18.08304,
                    59.31161
                ],
                [
                    18.0815,
                    59.31141
                ],
                [
                    18.08157,
                    59.31135
                ],
                [
                    18.08163,
                    59.31125
                ],
                [
                    18.0817,
                    59.31108
                ],
                [
                    18.08171,
                    59.31105
                ],
                [
                    18.08203,
                    59.31039
                ],
                [
                    18.08043,
                    59.31018
                ],
                [
                    18.07977,
                    59.31009
                ],
                [
                    18.07985,
                    59.31001
                ],
                [
                    18.08007,
                    59.30958
                ],
                [
                    18.08015,
                    59.30942
                ]
            ]
        }
    ],
    "apiKey": "5e887df18cd910456002d6c4ca9260d7"
}