{
    "city": 2,
    "initialStart": [
        13.55541,
        59.40457
    ],
    "trips": [
        {
            "summary": {
                "distance": 369.2,
                "duration": 66.3
            },
            "user": {
                "id": 1215,
                "token": "eyJhbGciOiJIUzI1NiIsInR5cCI6IkpXVCJ9.eyJpZCI6MTIxNSwicm9sZSI6InVzZXIiLCJpYXQiOjE3MDA5NDg3MzksImV4cCI6MTczMjQ4NDczOX0.6_Rii22vgetdCAFtpE5apoLNKMLdNFGxcjKAbKG9QrM"
            },
            "coords": [
                [
                    13.55541,
                    59.40457
                ],
                [
                    13.55515,
                    59.40431
                ],
                [
                    13.55438,
                    59.40451
                ],
                [
                    13.55396,
                    59.40466
                ],
                [
                    13.55348,
                    59.40476
                ],
                [
                    13.55286,
                    59.40496
                ],
                [
                    13.55249,
                    59.40473
                ],
                [
                    13.55204,
                    59.40454
                ],
                [
                    13.55176,
                    59.40446
                ],
                [
                    13.55138,
                    59.40439
                ],
                [
                    13.55087,
                    59.40433
                ],
                [
                    13.55081,
                    59.40476
                ],
                [
                    13.5508,
                    59.4048
                ]
            ]
        },
        {
            "summary": {
                "distance": 583.9,
                "duration": 100.2
            },
            "user": {
                "id": 1216,
                "token": "eyJhbGciOiJIUzI1NiIsInR5cCI6IkpXVCJ9.eyJpZCI6MTIxNiwicm9sZSI6InVzZXIiLCJpYXQiOjE3MDA5NDg3MzksImV4cCI6MTczMjQ4NDczOX0.3lfqkn1XpDePhdUe8vXD7RhTZXrdv57lN3t6eEUAP9Q"
            },
            "coords": [
                [
                    13.5508,
                    59.4048
                ],
                [
                    13.55081,
                    59.40476
                ],
                [
                    13.55087,
                    59.40433
                ],
                [
                    13.55027,
                    59.40428
                ],
                [
                    13.54965,
                    59.40425
                ],
                [
                    13.54902,
                    59.40421
                ],
                [
                    13.54917,
                    59.4036
                ],
                [
                    13.54841,
                    59.40353
                ],
                [
                    13.54754,
                    59.40342
                ],
                [
                    13.54741,
                    59.40339
                ],
                [
                    13.54745,
                    59.40335
                ],
                [
                    13.54753,
                    59.40327
                ],
                [
                    13.54771,
                    59.403
                ],
                [
                    13.54787,
                    59.40265
                ],
                [
                    13.54821,
                    59.40265
                ],
                [
                    13.54851,
                    59.40265
                ],
                [
                    13.54882,
                    59.40265
                ],
                [
                    13.55041,
                    59.40256
                ],
                [
                    13.55048,
                    59.40277
                ]
            ]
        }
    ]
}