{
    "city": 2,
    "initialStart": [
        13.49629,
        59.37931
    ],
    "trips": [
        {
            "summary": {
                "distance": 347.1,
                "duration": 86.2
            },
            "user": {
                "id": 1217,
                "token": "eyJhbGciOiJIUzI1NiIsInR5cCI6IkpXVCJ9.eyJpZCI6MTIxNywicm9sZSI6InVzZXIiLCJpYXQiOjE3MDA5NDg3MzksImV4cCI6MTczMjQ4NDczOX0.1ba64TzMq6Se-NzaNaCUWJ5_f8sRioYveaWGyHaZUhc"
            },
            "coords": [
                [
                    13.49629,
                    59.37931
                ],
                [
                    13.49682,
                    59.3793
                ],
                [
                    13.49682,
                    59.37934
                ],
                [
                    13.49682,
                    59.37938
                ],
                [
                    13.49687,
                    59.37962
                ],
                [
                    13.49693,
                    59.37972
                ],
                [
                    13.49703,
                    59.38021
                ],
                [
                    13.49708,
                    59.38026
                ],
                [
                    13.49706,
                    59.38033
                ],
                [
                    13.49713,
                    59.38034
                ],
                [
                    13.49804,
                    59.38041
                ],
                [
                    13.49924,
                    59.3805
                ],
                [
                    13.49927,
                    59.38047
                ],
                [
                    13.49939,
                    59.38046
                ],
                [
                    13.49951,
                    59.38046
                ],
                [
                    13.4997,
                    59.38053
                ],
                [
                    13.49971,
                    59.38093
                ]
            ]
        },
        {
            "summary": {
                "distance": 336.6,
                "duration": 66
            },
            "user": {
                "id": 1218,
                "token": "eyJhbGciOiJIUzI1NiIsInR5cCI6IkpXVCJ9.eyJpZCI6MTIxOCwicm9sZSI6InVzZXIiLCJpYXQiOjE3MDA5NDg3MzksImV4cCI6MTczMjQ4NDczOX0.SDQomCS1NWaraASjwqhaDxTWR0JcrhwWwrfCCIaiK4o"
            },
            "coords": [
                [
                    13.49971,
                    59.38093
                ],
                [
                    13.49972,
                    59.3811
                ],
                [
                    13.49972,
                    59.38118
                ],
                [
                    13.49997,
                    59.38117
                ],
                [
                    13.50025,
                    59.38114
                ],
                [
                    13.5014,
                    59.38112
                ],
                [
                    13.50183,
                    59.38111
                ],
                [
                    13.50185,
                    59.38126
                ],
                [
                    13.50193,
                    59.38217
                ],
                [
                    13.50196,
                    59.38281
                ]
            ]
        }
    ]
}