{
    "city": 1,
    "initialStart": [
        18.02569,
        59.33412
    ],
    "trips": [
        {
            "summary": {
                "distance": 446.6,
                "duration": 73.1
            },
            "user": {
                "id": 121,
                "token": "eyJhbGciOiJIUzI1NiIsInR5cCI6IkpXVCJ9.eyJpZCI6MTIxLCJyb2xlIjoidXNlciIsImlhdCI6MTcwMDkzMjIwMCwiZXhwIjoxNzMyNDY4MjAwfQ.xNcIF5BCDwOwuUff6_IVon6STkqqlIUSGKOcQdbiEJk"
            },
            "coords": [
                [
                    18.02569,
                    59.33412
                ],
                [
                    18.02538,
                    59.33417
                ],
                [
                    18.02507,
                    59.3342
                ],
                [
                    18.02493,
                    59.33422
                ],
                [
                    18.02499,
                    59.33432
                ],
                [
                    18.02502,
                    59.33437
                ],
                [
                    18.02522,
                    59.33471
                ],
                [
                    18.02525,
                    59.33476
                ],
                [
                    18.02553,
                    59.33524
                ],
                [
                    18.02556,
                    59.33529
                ],
                [
                    18.02565,
                    59.33533
                ],
                [
                    18.02577,
                    59.33534
                ],
                [
                    18.02612,
                    59.3353
                ],
                [
                    18.02624,
                    59.33552
                ],
                [
                    18.02597,
                    59.33578
                ],
                [
                    18.02558,
                    59.33612
                ],
                [
                    18.02516,
                    59.33649
                ],
                [
                    18.02429,
                    59.33721
                ]
            ]
        },
        {
            "summary": {
                "distance": 1440.4,
                "duration": 235.7
            },
            "user": {
                "id": 122,
                "token": "eyJhbGciOiJIUzI1NiIsInR5cCI6IkpXVCJ9.eyJpZCI6MTIyLCJyb2xlIjoidXNlciIsImlhdCI6MTcwMDkzMjIwMCwiZXhwIjoxNzMyNDY4MjAwfQ.E_YESlmKEZTpt3gtP78fH8HZT3zp23UjEGO-JgKCpRM"
            },
            "coords": [
                [
                    18.02429,
                    59.33721
                ],
                [
                    18.02395,
                    59.33749
                ],
                [
                    18.02325,
                    59.33805
                ],
                [
                    18.02269,
                    59.33829
                ],
                [
                    18.02194,
                    59.33856
                ],
                [
                    18.02115,
                    59.33862
                ],
                [
                    18.02103,
                    59.33864
                ],
                [
                    18.02085,
                    59.33874
                ],
                [
                    18.02051,
                    59.33872
                ],
                [
                    18.0202,
                    59.33867
                ],
                [
                    18.01998,
                    59.33866
                ],
                [
                    18.01959,
                    59.33865
                ],
                [
                    18.01898,
                    59.33869
                ],
                [
                    18.01875,
                    59.33871
                ],
                [
                    18.01837,
                    59.33877
                ],
                [
                    18.01806,
                    59.33887
                ],
                [
                    18.01734,
                    59.33901
                ],
                [
                    18.01635,
                    59.33911
                ],
                [
                    18.01612,
                    59.33915
                ],
                [
                    18.01589,
                    59.33924
                ],
                [
                    18.01574,
                    59.33933
                ],
                [
                    18.01534,
                    59.33963
                ],
                [
                    18.01459,
                    59.34002
                ],
                [
                    18.01424,
                    59.34014
                ],
                [
                    18.01389,
                    59.34022
                ],
                [
                    18.01322,
                    59.34033
                ],
                [
                    18.01311,
                    59.34035
                ],
                [
                    18.01304,
                    59.34038
                ],
                [
                    18.01302,
                    59.34044
                ],
                [
                    18.0132,
                    59.34093
                ],
                [
                    18.01323,
                    59.34097
                ],
                [
                    18.01348,
                    59.34098
                ],
                [
                    18.01463,
                    59.34071
                ],
                [
                    18.01516,
                    59.34058
                ],
                [
                    18.01581,
                    59.34033
                ],
                [
                    18.01615,
                    59.34023
                ],
                [
                    18.01674,
                    59.34016
                ],
                [
                    18.01724,
                    59.34016
                ],
                [
                    18.01766,
                    59.34021
                ],
                [
                    18.01847,
                    59.34031
                ],
                [
                    18.02015,
                    59.34036
                ],
                [
                    18.02038,
                    59.34037
                ],
                [
                    18.02211,
                    59.34049
                ],
                [
                    18.02325,
                    59.34057
                ]
            ]
        }
    ]
}