{
    "city": 2,
    "initialStart": [
        13.4555,
        59.37035
    ],
    "trips": [
        {
            "summary": {
                "distance": 409.4,
                "duration": 67
            },
            "user": {
                "id": 1221,
                "token": "eyJhbGciOiJIUzI1NiIsInR5cCI6IkpXVCJ9.eyJpZCI6MTIyMSwicm9sZSI6InVzZXIiLCJpYXQiOjE3MDA5NDg3NDIsImV4cCI6MTczMjQ4NDc0Mn0.fe2sl_ycy4P_FCHKk8ixJAGdD8aVCSyjtXpNXdgQla4"
            },
            "coords": [
                [
                    13.4555,
                    59.37035
                ],
                [
                    13.45554,
                    59.37029
                ],
                [
                    13.45558,
                    59.37017
                ],
                [
                    13.45557,
                    59.37004
                ],
                [
                    13.45543,
                    59.36981
                ],
                [
                    13.45549,
                    59.36972
                ],
                [
                    13.45601,
                    59.36962
                ],
                [
                    13.45617,
                    59.36975
                ],
                [
                    13.45848,
                    59.37072
                ],
                [
                    13.45904,
                    59.37103
                ],
                [
                    13.45947,
                    59.3713
                ],
                [
                    13.45975,
                    59.37145
                ],
                [
                    13.45986,
                    59.37153
                ]
            ]
        },
        {
            "summary": {
                "distance": 379.6,
                "duration": 62.1
            },
            "user": {
                "id": 1222,
                "token": "eyJhbGciOiJIUzI1NiIsInR5cCI6IkpXVCJ9.eyJpZCI6MTIyMiwicm9sZSI6InVzZXIiLCJpYXQiOjE3MDA5NDg3NDIsImV4cCI6MTczMjQ4NDc0Mn0.vh6oE2ElujYLIRuSaO_3F5QI09VRDqGnlGmssTrnHLg"
            },
            "coords": [
                [
                    13.45986,
                    59.37153
                ],
                [
                    13.46,
                    59.37164
                ],
                [
                    13.46021,
                    59.3716
                ],
                [
                    13.46038,
                    59.37157
                ],
                [
                    13.4605,
                    59.37154
                ],
                [
                    13.46059,
                    59.37145
                ],
                [
                    13.46082,
                    59.37133
                ],
                [
                    13.46193,
                    59.37141
                ],
                [
                    13.46231,
                    59.37145
                ],
                [
                    13.46264,
                    59.37147
                ],
                [
                    13.46324,
                    59.37152
                ],
                [
                    13.464,
                    59.37161
                ],
                [
                    13.46492,
                    59.37177
                ],
                [
                    13.46494,
                    59.37164
                ],
                [
                    13.46475,
                    59.37136
                ],
                [
                    13.46503,
                    59.37128
                ]
            ]
        }
    ],
    "apiKey": "8cba287435ec65d041482559737c5718"
}