{
    "city": 2,
    "initialStart": [
        13.56429,
        59.41074
    ],
    "trips": [
        {
            "summary": {
                "distance": 314.5,
                "duration": 51.5
            },
            "user": {
                "id": 1225,
                "token": "eyJhbGciOiJIUzI1NiIsInR5cCI6IkpXVCJ9.eyJpZCI6MTIyNSwicm9sZSI6InVzZXIiLCJpYXQiOjE3MDA5NDg3NDIsImV4cCI6MTczMjQ4NDc0Mn0.jprxR_QC0hhLF-cNO6AZUrIJ8KltK_XxBrsOxhyIZCo"
            },
            "coords": [
                [
                    13.56429,
                    59.41074
                ],
                [
                    13.56483,
                    59.41065
                ],
                [
                    13.56558,
                    59.41057
                ],
                [
                    13.56659,
                    59.41038
                ],
                [
                    13.56701,
                    59.41081
                ],
                [
                    13.56715,
                    59.41091
                ],
                [
                    13.56729,
                    59.41097
                ],
                [
                    13.56746,
                    59.41102
                ],
                [
                    13.56769,
                    59.41104
                ],
                [
                    13.56795,
                    59.41112
                ],
                [
                    13.56848,
                    59.41135
                ],
                [
                    13.5687,
                    59.41138
                ],
                [
                    13.56882,
                    59.41139
                ]
            ]
        },
        {
            "summary": {
                "distance": 283.7,
                "duration": 46.4
            },
            "user": {
                "id": 1226,
                "token": "eyJhbGciOiJIUzI1NiIsInR5cCI6IkpXVCJ9.eyJpZCI6MTIyNiwicm9sZSI6InVzZXIiLCJpYXQiOjE3MDA5NDg3NDMsImV4cCI6MTczMjQ4NDc0M30.SwVA8vqEb2Mg20zmronWULKLeoKiCw36yiAcjjlj5pQ"
            },
            "coords": [
                [
                    13.56882,
                    59.41139
                ],
                [
                    13.56893,
                    59.41139
                ],
                [
                    13.56907,
                    59.41138
                ],
                [
                    13.57044,
                    59.41115
                ],
                [
                    13.57049,
                    59.41115
                ],
                [
                    13.57096,
                    59.41119
                ],
                [
                    13.57125,
                    59.41118
                ],
                [
                    13.57153,
                    59.41116
                ],
                [
                    13.57177,
                    59.41112
                ],
                [
                    13.57197,
                    59.41103
                ],
                [
                    13.57226,
                    59.41087
                ],
                [
                    13.57236,
                    59.41078
                ],
                [
                    13.57262,
                    59.41097
                ],
                [
                    13.57285,
                    59.41127
                ]
            ]
        }
    ]
}