{
    "city": 2,
    "initialStart": [
        13.54344,
        59.41793
    ],
    "trips": [
        {
            "summary": {
                "distance": 400.6,
                "duration": 65.5
            },
            "user": {
                "id": 1231,
                "token": "eyJhbGciOiJIUzI1NiIsInR5cCI6IkpXVCJ9.eyJpZCI6MTIzMSwicm9sZSI6InVzZXIiLCJpYXQiOjE3MDA5NDg3NDMsImV4cCI6MTczMjQ4NDc0M30.9RxcEjIAMvzqT9bxtALNPpCB6msm6OXsySSw8CUZiMk"
            },
            "coords": [
                [
                    13.54344,
                    59.41793
                ],
                [
                    13.5435,
                    59.41777
                ],
                [
                    13.54378,
                    59.41778
                ],
                [
                    13.54429,
                    59.41784
                ],
                [
                    13.54471,
                    59.41788
                ],
                [
                    13.54461,
                    59.41803
                ],
                [
                    13.54487,
                    59.41805
                ],
                [
                    13.54527,
                    59.41808
                ],
                [
                    13.54553,
                    59.41806
                ],
                [
                    13.54628,
                    59.41822
                ],
                [
                    13.5463,
                    59.4183
                ],
                [
                    13.54675,
                    59.41841
                ],
                [
                    13.54704,
                    59.4184
                ],
                [
                    13.5472,
                    59.4183
                ],
                [
                    13.54728,
                    59.41817
                ],
                [
                    13.54745,
                    59.41794
                ],
                [
                    13.54765,
                    59.41776
                ],
                [
                    13.54772,
                    59.41767
                ],
                [
                    13.54791,
                    59.41743
                ],
                [
                    13.54805,
                    59.41723
                ]
            ]
        },
        {
            "summary": {
                "distance": "",
                "duration": ""
            },
            "user": {
                "id": 1232,
                "token": "eyJhbGciOiJIUzI1NiIsInR5cCI6IkpXVCJ9.eyJpZCI6MTIzMiwicm9sZSI6InVzZXIiLCJpYXQiOjE3MDA5NDg3NDMsImV4cCI6MTczMjQ4NDc0M30.VrSY1psU-2cS-wr5o_9kaz-9zwllwRxeRAnf08B09NQ"
            },
            "coords": [
                [
                    13.54805,
                    59.41723
                ],
                [
                    13.54791,
                    59.41743
                ],
                [
                    13.54772,
                    59.41767
                ],
                [
                    13.54765,
                    59.41776
                ],
                [
                    13.54745,
                    59.41794
                ],
                [
                    13.54728,
                    59.41817
                ],
                [
                    13.5472,
                    59.4183
                ],
                [
                    13.5473,
                    59.41828
                ],
                [
                    13.54752,
                    59.41829
                ],
                [
                    13.54763,
                    59.41827
                ],
                [
                    13.5478,
                    59.41823
                ],
                [
                    13.5479,
                    59.41818
                ],
                [
                    13.54805,
                    59.41807
                ],
                [
                    13.54813,
                    59.41805
                ],
                [
                    13.54821,
                    59.41804
                ],
                [
                    13.54851,
                    59.41803
                ],
                [
                    13.5488,
                    59.41803
                ],
                [
                    13.54899,
                    59.41804
                ],
                [
                    13.54911,
                    59.41807
                ],
                [
                    13.54993,
                    59.41796
                ]
            ]
        }
    ],
    "apiKey": "461e23a4639c3cbefe9c7b12aa4a197f"
}