{
    "city": 2,
    "initialStart": [
        13.45395,
        59.38247
    ],
    "trips": [
        {
            "summary": {
                "distance": 402.1,
                "duration": 65.8
            },
            "user": {
                "id": 1233,
                "token": "eyJhbGciOiJIUzI1NiIsInR5cCI6IkpXVCJ9.eyJpZCI6MTIzMywicm9sZSI6InVzZXIiLCJpYXQiOjE3MDA5NDg3NDMsImV4cCI6MTczMjQ4NDc0M30.1lIKixBiQX9FckPqkQpzcmK6SJp0YV5BSAQIpFgQ344"
            },
            "coords": [
                [
                    13.45395,
                    59.38247
                ],
                [
                    13.4538,
                    59.38283
                ],
                [
                    13.45372,
                    59.38284
                ],
                [
                    13.45333,
                    59.38282
                ],
                [
                    13.45321,
                    59.38284
                ],
                [
                    13.45306,
                    59.38288
                ],
                [
                    13.4525,
                    59.38317
                ],
                [
                    13.45243,
                    59.38317
                ],
                [
                    13.45154,
                    59.38309
                ],
                [
                    13.45115,
                    59.38309
                ],
                [
                    13.45068,
                    59.38303
                ],
                [
                    13.4503,
                    59.38293
                ],
                [
                    13.44951,
                    59.38263
                ],
                [
                    13.44914,
                    59.38252
                ],
                [
                    13.44906,
                    59.38263
                ],
                [
                    13.44907,
                    59.38275
                ],
                [
                    13.44904,
                    59.38279
                ],
                [
                    13.44906,
                    59.38306
                ]
            ]
        },
        {
            "summary": {
                "distance": 233.7,
                "duration": 38.2
            },
            "user": {
                "id": 1234,
                "token": "eyJhbGciOiJIUzI1NiIsInR5cCI6IkpXVCJ9.eyJpZCI6MTIzNCwicm9sZSI6InVzZXIiLCJpYXQiOjE3MDA5NDg3NDMsImV4cCI6MTczMjQ4NDc0M30.NZkON_hWyhQK-TzSEcg_GvWNmRuFz9F0y0rxwIzeWYw"
            },
            "coords": [
                [
                    13.44906,
                    59.38306
                ],
                [
                    13.44904,
                    59.38279
                ],
                [
                    13.44907,
                    59.38275
                ],
                [
                    13.44906,
                    59.38263
                ],
                [
                    13.44914,
                    59.38252
                ],
                [
                    13.44904,
                    59.38249
                ],
                [
                    13.44811,
                    59.3824
                ],
                [
                    13.44756,
                    59.38235
                ],
                [
                    13.44733,
                    59.38233
                ],
                [
                    13.44698,
                    59.38231
                ],
                [
                    13.44665,
                    59.38218
                ],
                [
                    13.44655,
                    59.38197
                ]
            ]
        }
    ]
}