{
    "city": 1,
    "initialStart": [
        18.0772,
        59.31584
    ],
    "trips": [
        {
            "summary": {
                "distance": 496.1,
                "duration": 81.2
            },
            "user": {
                "id": 123,
                "token": "eyJhbGciOiJIUzI1NiIsInR5cCI6IkpXVCJ9.eyJpZCI6MTIzLCJyb2xlIjoidXNlciIsImlhdCI6MTcwMDkzMjIwMCwiZXhwIjoxNzMyNDY4MjAwfQ.ga7XC6H2d6bVxrw30yCOzztYNPipQh6F1GZZG1BhJ6s"
            },
            "coords": [
                [
                    18.0772,
                    59.31584
                ],
                [
                    18.0773,
                    59.31567
                ],
                [
                    18.07746,
                    59.31532
                ],
                [
                    18.07942,
                    59.31558
                ],
                [
                    18.07968,
                    59.31509
                ],
                [
                    18.07971,
                    59.31503
                ],
                [
                    18.07974,
                    59.31497
                ],
                [
                    18.07977,
                    59.31492
                ],
                [
                    18.08006,
                    59.31436
                ],
                [
                    18.08008,
                    59.31432
                ],
                [
                    18.08025,
                    59.31401
                ],
                [
                    18.0804,
                    59.31373
                ],
                [
                    18.08072,
                    59.3131
                ],
                [
                    18.0801,
                    59.31302
                ]
            ]
        },
        {
            "summary": {
                "distance": 634.4,
                "duration": 109.6
            },
            "user": {
                "id": 124,
                "token": "eyJhbGciOiJIUzI1NiIsInR5cCI6IkpXVCJ9.eyJpZCI6MTI0LCJyb2xlIjoidXNlciIsImlhdCI6MTcwMDkzMjIwMCwiZXhwIjoxNzMyNDY4MjAwfQ.Pq6ZnOD3qTQAflytDrJe33UzWdhjfmDSiGTg23XUujM"
            },
            "coords": [
                [
                    18.0801,
                    59.31302
                ],
                [
                    18.08072,
                    59.3131
                ],
                [
                    18.08104,
                    59.31247
                ],
                [
                    18.08096,
                    59.31246
                ],
                [
                    18.08124,
                    59.31192
                ],
                [
                    18.0815,
                    59.31141
                ],
                [
                    18.08157,
                    59.31135
                ],
                [
                    18.08163,
                    59.31125
                ],
                [
                    18.0817,
                    59.31108
                ],
                [
                    18.08171,
                    59.31105
                ],
                [
                    18.08213,
                    59.3111
                ],
                [
                    18.08222,
                    59.31109
                ],
                [
                    18.0834,
                    59.31062
                ],
                [
                    18.08362,
                    59.31065
                ],
                [
                    18.08415,
                    59.31072
                ],
                [
                    18.08571,
                    59.31092
                ],
                [
                    18.08569,
                    59.31096
                ],
                [
                    18.08574,
                    59.31103
                ],
                [
                    18.08565,
                    59.31121
                ],
                [
                    18.08534,
                    59.31126
                ],
                [
                    18.08522,
                    59.31132
                ],
                [
                    18.08515,
                    59.31138
                ],
                [
                    18.08511,
                    59.31146
                ],
                [
                    18.08499,
                    59.31151
                ],
                [
                    18.08491,
                    59.31154
                ],
                [
                    18.08475,
                    59.31144
                ]
            ]
        }
    ],
    "apiKey": "dfaa217885af405fa25d97c297fbf047"
}