{
    "city": 2,
    "initialStart": [
        13.46844,
        59.38671
    ],
    "trips": [
        {
            "summary": {
                "distance": 395.9,
                "duration": 80
            },
            "user": {
                "id": 1245,
                "token": "eyJhbGciOiJIUzI1NiIsInR5cCI6IkpXVCJ9.eyJpZCI6MTI0NSwicm9sZSI6InVzZXIiLCJpYXQiOjE3MDA5NDg4MTYsImV4cCI6MTczMjQ4NDgxNn0.stXnvTd53ZzQ-ogxOYh_glP3YZYgBMCi9ZwswUO2dcw"
            },
            "coords": [
                [
                    13.46844,
                    59.38671
                ],
                [
                    13.46851,
                    59.38655
                ],
                [
                    13.46883,
                    59.38658
                ],
                [
                    13.46887,
                    59.38647
                ],
                [
                    13.46914,
                    59.3865
                ],
                [
                    13.46922,
                    59.3865
                ],
                [
                    13.46953,
                    59.38635
                ],
                [
                    13.46965,
                    59.38634
                ],
                [
                    13.47003,
                    59.38638
                ],
                [
                    13.4702,
                    59.3864
                ],
                [
                    13.47111,
                    59.3865
                ],
                [
                    13.47079,
                    59.38733
                ],
                [
                    13.47092,
                    59.38734
                ],
                [
                    13.47076,
                    59.38775
                ],
                [
                    13.47076,
                    59.38792
                ],
                [
                    13.47073,
                    59.38802
                ],
                [
                    13.47097,
                    59.38805
                ],
                [
                    13.4712,
                    59.38817
                ]
            ]
        },
        {
            "summary": {
                "distance": 364.3,
                "duration": 60.8
            },
            "user": {
                "id": 1246,
                "token": "eyJhbGciOiJIUzI1NiIsInR5cCI6IkpXVCJ9.eyJpZCI6MTI0Niwicm9sZSI6InVzZXIiLCJpYXQiOjE3MDA5NDg4MTYsImV4cCI6MTczMjQ4NDgxNn0.kiJg34kwa_dbvagscCVNqP65j3BXR546LUHQxG2Njq0"
            },
            "coords": [
                [
                    13.47119,
                    59.38817
                ],
                [
                    13.47097,
                    59.38805
                ],
                [
                    13.47073,
                    59.38802
                ],
                [
                    13.47076,
                    59.38792
                ],
                [
                    13.47076,
                    59.38775
                ],
                [
                    13.47092,
                    59.38734
                ],
                [
                    13.47079,
                    59.38733
                ],
                [
                    13.46988,
                    59.38724
                ],
                [
                    13.46954,
                    59.3872
                ],
                [
                    13.46947,
                    59.38719
                ],
                [
                    13.46893,
                    59.38727
                ],
                [
                    13.46653,
                    59.38701
                ]
            ]
        }
    ],
    "apiKey": "e9760f2286a54903596bebd8f38ad257"
}