{
    "city": 2,
    "initialStart": [
        13.51694,
        59.38972
    ],
    "trips": [
        {
            "summary": {
                "distance": 423.4,
                "duration": 89.8
            },
            "user": {
                "id": 1251,
                "token": "eyJhbGciOiJIUzI1NiIsInR5cCI6IkpXVCJ9.eyJpZCI6MTI1MSwicm9sZSI6InVzZXIiLCJpYXQiOjE3MDA5NDg4MTYsImV4cCI6MTczMjQ4NDgxNn0.MRnmmeI3TDekYm3vXx9akJub60zu_wpkZAhFIO2nM_c"
            },
            "coords": [
                [
                    13.51694,
                    59.38972
                ],
                [
                    13.51577,
                    59.38981
                ],
                [
                    13.51583,
                    59.39001
                ],
                [
                    13.51561,
                    59.39003
                ],
                [
                    13.51513,
                    59.39007
                ],
                [
                    13.51515,
                    59.39013
                ],
                [
                    13.51516,
                    59.39017
                ],
                [
                    13.51499,
                    59.39019
                ],
                [
                    13.51476,
                    59.38946
                ],
                [
                    13.51451,
                    59.3887
                ],
                [
                    13.51442,
                    59.38859
                ],
                [
                    13.51431,
                    59.38851
                ],
                [
                    13.51399,
                    59.3883
                ],
                [
                    13.51415,
                    59.38823
                ],
                [
                    13.51385,
                    59.38807
                ],
                [
                    13.51364,
                    59.388
                ]
            ]
        },
        {
            "summary": {
                "distance": 469.5,
                "duration": 76.8
            },
            "user": {
                "id": 1252,
                "token": "eyJhbGciOiJIUzI1NiIsInR5cCI6IkpXVCJ9.eyJpZCI6MTI1Miwicm9sZSI6InVzZXIiLCJpYXQiOjE3MDA5NDg4MTcsImV4cCI6MTczMjQ4NDgxN30.700BSRIiHHghgNAvD3_eKjQjT-7w5JCWzegP6-HW0jg"
            },
            "coords": [
                [
                    13.51364,
                    59.388
                ],
                [
                    13.51385,
                    59.38807
                ],
                [
                    13.51415,
                    59.38823
                ],
                [
                    13.51433,
                    59.38815
                ],
                [
                    13.5138,
                    59.38654
                ],
                [
                    13.51397,
                    59.38652
                ],
                [
                    13.5138,
                    59.38611
                ],
                [
                    13.51348,
                    59.38531
                ],
                [
                    13.51287,
                    59.38533
                ],
                [
                    13.51218,
                    59.38532
                ],
                [
                    13.51194,
                    59.38532
                ]
            ]
        }
    ]
}