{
    "city": 2,
    "initialStart": [
        13.47729,
        59.38752
    ],
    "trips": [
        {
            "summary": {
                "distance": 461.3,
                "duration": 75.8
            },
            "user": {
                "id": 1255,
                "token": "eyJhbGciOiJIUzI1NiIsInR5cCI6IkpXVCJ9.eyJpZCI6MTI1NSwicm9sZSI6InVzZXIiLCJpYXQiOjE3MDA5NDg4MTcsImV4cCI6MTczMjQ4NDgxN30.9ygURtYGTvgBi-VDwaPrjAKxeKsaMQc4q0imbx4cKHg"
            },
            "coords": [
                [
                    13.47729,
                    59.38752
                ],
                [
                    13.4783,
                    59.38751
                ],
                [
                    13.48108,
                    59.38748
                ],
                [
                    13.48113,
                    59.38748
                ],
                [
                    13.48076,
                    59.38662
                ],
                [
                    13.48067,
                    59.38642
                ],
                [
                    13.48061,
                    59.38642
                ],
                [
                    13.48013,
                    59.38538
                ]
            ]
        },
        {
            "summary": {
                "distance": 246.5,
                "duration": 40.3
            },
            "user": {
                "id": 1256,
                "token": "eyJhbGciOiJIUzI1NiIsInR5cCI6IkpXVCJ9.eyJpZCI6MTI1Niwicm9sZSI6InVzZXIiLCJpYXQiOjE3MDA5NDg4MTcsImV4cCI6MTczMjQ4NDgxN30.QzWIkoGYK49jxGJ2u99vgssg-Kq2ucy7GJDZqO0ZmLU"
            },
            "coords": [
                [
                    13.48012,
                    59.38538
                ],
                [
                    13.47994,
                    59.38498
                ],
                [
                    13.4798,
                    59.38469
                ],
                [
                    13.47977,
                    59.38462
                ],
                [
                    13.4796,
                    59.38439
                ],
                [
                    13.47953,
                    59.38432
                ],
                [
                    13.47946,
                    59.38431
                ],
                [
                    13.47941,
                    59.38429
                ],
                [
                    13.47934,
                    59.38421
                ],
                [
                    13.47937,
                    59.38412
                ],
                [
                    13.47942,
                    59.38409
                ],
                [
                    13.47954,
                    59.38406
                ],
                [
                    13.47973,
                    59.38407
                ],
                [
                    13.4802,
                    59.38408
                ],
                [
                    13.48064,
                    59.38406
                ],
                [
                    13.48103,
                    59.38404
                ]
            ]
        }
    ]
}