{
    "city": 2,
    "initialStart": [
        13.54451,
        59.39813
    ],
    "trips": [
        {
            "summary": {
                "distance": 479.5,
                "duration": 78.5
            },
            "user": {
                "id": 1257,
                "token": "eyJhbGciOiJIUzI1NiIsInR5cCI6IkpXVCJ9.eyJpZCI6MTI1Nywicm9sZSI6InVzZXIiLCJpYXQiOjE3MDA5NDg4MTcsImV4cCI6MTczMjQ4NDgxN30.slN861EyZZL3qMBwO_sx7Jc_Yocjj2eL0ELNaSJOYYI"
            },
            "coords": [
                [
                    13.54451,
                    59.39813
                ],
                [
                    13.54485,
                    59.39782
                ],
                [
                    13.5445,
                    59.39768
                ],
                [
                    13.54404,
                    59.39752
                ],
                [
                    13.54318,
                    59.39728
                ],
                [
                    13.54209,
                    59.39693
                ],
                [
                    13.54109,
                    59.39659
                ],
                [
                    13.54004,
                    59.39668
                ],
                [
                    13.54001,
                    59.39726
                ],
                [
                    13.54,
                    59.39764
                ],
                [
                    13.54005,
                    59.39781
                ]
            ]
        },
        {
            "summary": {
                "distance": 549.3,
                "duration": 89.9
            },
            "user": {
                "id": 1258,
                "token": "eyJhbGciOiJIUzI1NiIsInR5cCI6IkpXVCJ9.eyJpZCI6MTI1OCwicm9sZSI6InVzZXIiLCJpYXQiOjE3MDA5NDg4MTcsImV4cCI6MTczMjQ4NDgxN30.SLzLvcP62kGL9rHYD65fJ5OsO6anmtacu7lK3g7_9eY"
            },
            "coords": [
                [
                    13.54005,
                    59.39781
                ],
                [
                    13.54,
                    59.39764
                ],
                [
                    13.54001,
                    59.39726
                ],
                [
                    13.53819,
                    59.39722
                ],
                [
                    13.53817,
                    59.39718
                ],
                [
                    13.53787,
                    59.39731
                ],
                [
                    13.53824,
                    59.39795
                ],
                [
                    13.53876,
                    59.39883
                ],
                [
                    13.53856,
                    59.39883
                ],
                [
                    13.539,
                    59.39964
                ],
                [
                    13.53911,
                    59.39966
                ],
                [
                    13.53916,
                    59.39969
                ],
                [
                    13.53918,
                    59.39973
                ],
                [
                    13.53951,
                    59.39975
                ],
                [
                    13.54021,
                    59.39987
                ]
            ]
        }
    ]
}