{
    "city": 1,
    "initialStart": [
        18.08657,
        59.31687
    ],
    "trips": [
        {
            "summary": {
                "distance": 1296,
                "duration": 261.6
            },
            "user": {
                "id": 125,
                "token": "eyJhbGciOiJIUzI1NiIsInR5cCI6IkpXVCJ9.eyJpZCI6MTI1LCJyb2xlIjoidXNlciIsImlhdCI6MTcwMDkzMjIwMSwiZXhwIjoxNzMyNDY4MjAxfQ.-hzf7W2p2rgKf7oV-OrExJKxNkDLSRojBd7xSFeDKt4"
            },
            "coords": [
                [
                    18.08657,
                    59.31687
                ],
                [
                    18.08655,
                    59.31687
                ],
                [
                    18.08646,
                    59.31687
                ],
                [
                    18.08615,
                    59.31689
                ],
                [
                    18.08614,
                    59.31685
                ],
                [
                    18.0854,
                    59.31689
                ],
                [
                    18.08457,
                    59.31685
                ],
                [
                    18.08453,
                    59.31682
                ],
                [
                    18.08468,
                    59.31681
                ],
                [
                    18.08533,
                    59.31685
                ],
                [
                    18.08575,
                    59.31683
                ],
                [
                    18.08738,
                    59.31674
                ],
                [
                    18.08825,
                    59.31669
                ],
                [
                    18.0883,
                    59.31675
                ],
                [
                    18.0883,
                    59.31694
                ],
                [
                    18.08831,
                    59.31722
                ],
                [
                    18.08934,
                    59.31717
                ],
                [
                    18.0895,
                    59.31713
                ],
                [
                    18.08956,
                    59.31705
                ],
                [
                    18.08965,
                    59.31675
                ],
                [
                    18.08967,
                    59.31671
                ],
                [
                    18.08972,
                    59.31653
                ],
                [
                    18.08991,
                    59.31587
                ],
                [
                    18.08991,
                    59.31576
                ],
                [
                    18.08991,
                    59.31573
                ],
                [
                    18.08969,
                    59.31571
                ],
                [
                    18.08836,
                    59.31568
                ],
                [
                    18.08796,
                    59.31566
                ],
                [
                    18.0863,
                    59.31563
                ],
                [
                    18.08623,
                    59.31563
                ],
                [
                    18.08611,
                    59.31563
                ],
                [
                    18.08603,
                    59.31559
                ],
                [
                    18.08404,
                    59.31556
                ],
                [
                    18.08379,
                    59.31555
                ],
                [
                    18.08382,
                    59.31548
                ],
                [
                    18.08386,
                    59.3154
                ],
                [
                    18.08409,
                    59.31492
                ],
                [
                    18.08412,
                    59.31485
                ],
                [
                    18.08434,
                    59.31438
                ],
                [
                    18.08439,
                    59.31429
                ],
                [
                    18.08421,
                    59.31426
                ],
                [
                    18.08214,
                    59.31398
                ],
                [
                    18.08211,
                    59.31404
                ],
                [
                    18.08284,
                    59.31414
                ]
            ]
        },
        {
            "summary": {
                "distance": 508,
                "duration": 97.5
            },
            "user": {
                "id": 126,
                "token": "eyJhbGciOiJIUzI1NiIsInR5cCI6IkpXVCJ9.eyJpZCI6MTI2LCJyb2xlIjoidXNlciIsImlhdCI6MTcwMDkzMjIwMSwiZXhwIjoxNzMyNDY4MjAxfQ.sf2xi8fdaMfnbPyp_J8OXD2yZVms0QE2OWHjXh4f9Rs"
            },
            "coords": [
                [
                    18.08284,
                    59.31414
                ],
                [
                    18.08211,
                    59.31404
                ],
                [
                    18.08214,
                    59.31398
                ],
                [
                    18.082,
                    59.31395
                ],
                [
                    18.08204,
                    59.31387
                ],
                [
                    18.08232,
                    59.3133
                ],
                [
                    18.08264,
                    59.31268
                ],
                [
                    18.08265,
                    59.3126
                ],
                [
                    18.08284,
                    59.31224
                ],
                [
                    18.08289,
                    59.31214
                ],
                [
                    18.08291,
                    59.31211
                ],
                [
                    18.08304,
                    59.31185
                ],
                [
                    18.08313,
                    59.31167
                ],
                [
                    18.08311,
                    59.31164
                ],
                [
                    18.08304,
                    59.31161
                ],
                [
                    18.0815,
                    59.31141
                ],
                [
                    18.08157,
                    59.31135
                ],
                [
                    18.08163,
                    59.31125
                ],
                [
                    18.0817,
                    59.31108
                ],
                [
                    18.08171,
                    59.31105
                ],
                [
                    18.08191,
                    59.31064
                ]
            ]
        }
    ]
}