{
    "city": 2,
    "initialStart": [
        13.52293,
        59.37709
    ],
    "trips": [
        {
            "summary": {
                "distance": 318.5,
                "duration": 74.8
            },
            "user": {
                "id": 1267,
                "token": "eyJhbGciOiJIUzI1NiIsInR5cCI6IkpXVCJ9.eyJpZCI6MTI2Nywicm9sZSI6InVzZXIiLCJpYXQiOjE3MDA5NDk1OTgsImV4cCI6MTczMjQ4NTU5OH0.75Z7MRJTkQvecn3ZZbOoAuNMs30MIKJ0XC9Tm_mQQdw"
            },
            "coords": [
                [
                    13.52293,
                    59.37709
                ],
                [
                    13.5228,
                    59.3765
                ],
                [
                    13.52283,
                    59.37627
                ],
                [
                    13.52275,
                    59.3763
                ],
                [
                    13.52227,
                    59.3763
                ],
                [
                    13.52196,
                    59.37627
                ],
                [
                    13.52149,
                    59.37629
                ],
                [
                    13.52149,
                    59.37625
                ],
                [
                    13.52113,
                    59.37627
                ],
                [
                    13.52032,
                    59.37631
                ],
                [
                    13.52031,
                    59.37622
                ],
                [
                    13.52029,
                    59.3761
                ],
                [
                    13.52028,
                    59.37604
                ],
                [
                    13.52023,
                    59.37579
                ],
                [
                    13.52059,
                    59.37577
                ]
            ]
        },
        {
            "summary": {
                "distance": 423.8,
                "duration": 97.2
            },
            "user": {
                "id": 1268,
                "token": "eyJhbGciOiJIUzI1NiIsInR5cCI6IkpXVCJ9.eyJpZCI6MTI2OCwicm9sZSI6InVzZXIiLCJpYXQiOjE3MDA5NDk1OTgsImV4cCI6MTczMjQ4NTU5OH0.GoE6FZhu3tEZn0avdqh4f6DNlBf23ul8TVo1fceA2KY"
            },
            "coords": [
                [
                    13.52059,
                    59.37577
                ],
                [
                    13.52023,
                    59.37579
                ],
                [
                    13.52017,
                    59.37556
                ],
                [
                    13.52004,
                    59.37556
                ],
                [
                    13.52003,
                    59.37553
                ],
                [
                    13.52001,
                    59.37539
                ],
                [
                    13.52,
                    59.37537
                ],
                [
                    13.51945,
                    59.3754
                ],
                [
                    13.51924,
                    59.37443
                ],
                [
                    13.519,
                    59.37313
                ],
                [
                    13.51827,
                    59.37317
                ],
                [
                    13.5183,
                    59.37337
                ]
            ]
        }
    ]
}