{
    "city": 2,
    "initialStart": [
        13.54435,
        59.4059
    ],
    "trips": [
        {
            "summary": {
                "distance": 269.1,
                "duration": 44
            },
            "user": {
                "id": 1269,
                "token": "eyJhbGciOiJIUzI1NiIsInR5cCI6IkpXVCJ9.eyJpZCI6MTI2OSwicm9sZSI6InVzZXIiLCJpYXQiOjE3MDA5NDk1OTgsImV4cCI6MTczMjQ4NTU5OH0.OpzHDllL2ABusbYI66OqnwX9WKne-xWHNF94XAnuCCo"
            },
            "coords": [
                [
                    13.54435,
                    59.4059
                ],
                [
                    13.54469,
                    59.40598
                ],
                [
                    13.54624,
                    59.40627
                ],
                [
                    13.54621,
                    59.40642
                ],
                [
                    13.54609,
                    59.40681
                ],
                [
                    13.54623,
                    59.40687
                ],
                [
                    13.54655,
                    59.40686
                ],
                [
                    13.54767,
                    59.407
                ]
            ]
        },
        {
            "summary": {
                "distance": "",
                "duration": ""
            },
            "user": {
                "id": 1270,
                "token": "eyJhbGciOiJIUzI1NiIsInR5cCI6IkpXVCJ9.eyJpZCI6MTI3MCwicm9sZSI6InVzZXIiLCJpYXQiOjE3MDA5NDk1OTksImV4cCI6MTczMjQ4NTU5OX0.xfZ0sjxDZ5OvFcOkAwyqCb7NExRWqZciITQW8HA12J8"
            },
            "coords": [
                [
                    13.54767,
                    59.407
                ],
                [
                    13.54655,
                    59.40686
                ],
                [
                    13.54623,
                    59.40687
                ],
                [
                    13.54619,
                    59.40698
                ],
                [
                    13.54605,
                    59.40761
                ],
                [
                    13.54599,
                    59.4083
                ],
                [
                    13.54597,
                    59.40882
                ],
                [
                    13.5459,
                    59.40902
                ],
                [
                    13.54534,
                    59.40903
                ],
                [
                    13.54436,
                    59.40912
                ],
                [
                    13.5444,
                    59.4092
                ],
                [
                    13.54465,
                    59.40975
                ],
                [
                    13.54533,
                    59.40975
                ],
                [
                    13.54582,
                    59.4098
                ],
                [
                    13.54643,
                    59.40992
                ],
                [
                    13.54656,
                    59.40996
                ],
                [
                    13.54662,
                    59.40994
                ],
                [
                    13.54683,
                    59.40993
                ],
                [
                    13.54697,
                    59.40985
                ],
                [
                    13.54732,
                    59.4097
                ]
            ]
        }
    ],
    "apiKey": "0142fbd1bfa1be3dec7cfa6bd846d311"
}