{
    "city": 2,
    "initialStart": [
        13.4607,
        59.37914
    ],
    "trips": [
        {
            "summary": {
                "distance": 291.3,
                "duration": 47.7
            },
            "user": {
                "id": 1271,
                "token": "eyJhbGciOiJIUzI1NiIsInR5cCI6IkpXVCJ9.eyJpZCI6MTI3MSwicm9sZSI6InVzZXIiLCJpYXQiOjE3MDA5NDk1OTksImV4cCI6MTczMjQ4NTU5OX0.jEFpuEcIzaXlwVsFw1YBOIHtA3_9WC4uS2xBXndXdPc"
            },
            "coords": [
                [
                    13.4607,
                    59.37914
                ],
                [
                    13.46043,
                    59.37912
                ],
                [
                    13.46028,
                    59.37911
                ],
                [
                    13.46014,
                    59.37909
                ],
                [
                    13.45932,
                    59.37896
                ],
                [
                    13.45931,
                    59.37904
                ],
                [
                    13.4594,
                    59.3792
                ],
                [
                    13.45949,
                    59.37948
                ],
                [
                    13.45951,
                    59.37973
                ],
                [
                    13.45956,
                    59.37992
                ],
                [
                    13.45953,
                    59.38008
                ],
                [
                    13.45871,
                    59.38019
                ],
                [
                    13.45876,
                    59.38043
                ],
                [
                    13.45876,
                    59.38051
                ]
            ]
        },
        {
            "summary": {
                "distance": "",
                "duration": ""
            },
            "user": {
                "id": 1272,
                "token": "eyJhbGciOiJIUzI1NiIsInR5cCI6IkpXVCJ9.eyJpZCI6MTI3Miwicm9sZSI6InVzZXIiLCJpYXQiOjE3MDA5NDk1OTksImV4cCI6MTczMjQ4NTU5OX0.rDunvUc0SM6TdUVCN8xTUVMv4TAPf7ohhWCJcCiAY_c"
            },
            "coords": [
                [
                    13.45876,
                    59.38051
                ],
                [
                    13.45876,
                    59.38043
                ],
                [
                    13.45871,
                    59.38019
                ],
                [
                    13.45749,
                    59.38029
                ],
                [
                    13.45669,
                    59.38032
                ],
                [
                    13.45605,
                    59.38008
                ],
                [
                    13.45541,
                    59.37967
                ],
                [
                    13.45508,
                    59.37909
                ],
                [
                    13.45504,
                    59.37883
                ],
                [
                    13.45505,
                    59.37865
                ],
                [
                    13.45515,
                    59.37846
                ],
                [
                    13.45493,
                    59.37805
                ],
                [
                    13.4549,
                    59.37781
                ],
                [
                    13.45502,
                    59.37781
                ],
                [
                    13.45518,
                    59.37781
                ],
                [
                    13.45549,
                    59.37782
                ],
                [
                    13.45584,
                    59.37782
                ],
                [
                    13.45615,
                    59.37783
                ],
                [
                    13.45611,
                    59.378
                ],
                [
                    13.45612,
                    59.37804
                ]
            ]
        }
    ],
    "apiKey": "896d8a990e96e9efdb603b0ca268f265"
}