{
    "city": 2,
    "initialStart": [
        13.51569,
        59.38457
    ],
    "trips": [
        {
            "summary": {
                "distance": 552.5,
                "duration": 102.1
            },
            "user": {
                "id": 1277,
                "token": "eyJhbGciOiJIUzI1NiIsInR5cCI6IkpXVCJ9.eyJpZCI6MTI3Nywicm9sZSI6InVzZXIiLCJpYXQiOjE3MDA5NDk1OTksImV4cCI6MTczMjQ4NTU5OX0.Bcbnj-hS_MyxngPFlMDMTTx7L_sjQR9m6R0EC-uG4YY"
            },
            "coords": [
                [
                    13.51569,
                    59.38457
                ],
                [
                    13.51582,
                    59.38459
                ],
                [
                    13.5164,
                    59.38461
                ],
                [
                    13.51652,
                    59.3853
                ],
                [
                    13.51651,
                    59.38546
                ],
                [
                    13.51651,
                    59.38596
                ],
                [
                    13.5165,
                    59.38603
                ],
                [
                    13.5143,
                    59.38557
                ],
                [
                    13.51408,
                    59.38551
                ],
                [
                    13.51389,
                    59.3854
                ],
                [
                    13.51377,
                    59.38536
                ],
                [
                    13.51348,
                    59.38531
                ],
                [
                    13.5138,
                    59.38611
                ],
                [
                    13.51397,
                    59.38652
                ],
                [
                    13.51405,
                    59.38675
                ]
            ]
        },
        {
            "summary": {
                "distance": 277.2,
                "duration": 56.1
            },
            "user": {
                "id": 1278,
                "token": "eyJhbGciOiJIUzI1NiIsInR5cCI6IkpXVCJ9.eyJpZCI6MTI3OCwicm9sZSI6InVzZXIiLCJpYXQiOjE3MDA5NDk1OTksImV4cCI6MTczMjQ4NTU5OX0.sskUZUHVtDZ86GjkBRus6pgqy50L8MDz5cEhCeINh3M"
            },
            "coords": [
                [
                    13.51405,
                    59.38675
                ],
                [
                    13.51435,
                    59.3876
                ],
                [
                    13.51447,
                    59.38792
                ],
                [
                    13.51453,
                    59.38814
                ],
                [
                    13.51455,
                    59.38822
                ],
                [
                    13.51488,
                    59.38819
                ],
                [
                    13.51521,
                    59.38817
                ],
                [
                    13.51576,
                    59.38812
                ],
                [
                    13.51578,
                    59.38817
                ],
                [
                    13.51641,
                    59.38813
                ]
            ]
        }
    ],
    "apiKey": "15012765ef69675ae52df22e3c37ab30"
}