{
    "city": 1,
    "initialStart": [
        18.05357,
        59.33904
    ],
    "trips": [
        {
            "summary": {
                "distance": 571,
                "duration": 111.6
            },
            "user": {
                "id": 127,
                "token": "eyJhbGciOiJIUzI1NiIsInR5cCI6IkpXVCJ9.eyJpZCI6MTI3LCJyb2xlIjoidXNlciIsImlhdCI6MTcwMDkzMjIwNCwiZXhwIjoxNzMyNDY4MjA0fQ.dXzmQRUcTzH0UWrLgwfBFJ_Tz1UGBN43_mVU2yt8yKE"
            },
            "coords": [
                [
                    18.05357,
                    59.33904
                ],
                [
                    18.05257,
                    59.33879
                ],
                [
                    18.05243,
                    59.33876
                ],
                [
                    18.05251,
                    59.33868
                ],
                [
                    18.05293,
                    59.33826
                ],
                [
                    18.05295,
                    59.33824
                ],
                [
                    18.0533,
                    59.33789
                ],
                [
                    18.05337,
                    59.33782
                ],
                [
                    18.05346,
                    59.33773
                ],
                [
                    18.05371,
                    59.33748
                ],
                [
                    18.05376,
                    59.33743
                ],
                [
                    18.05409,
                    59.3371
                ],
                [
                    18.05414,
                    59.33704
                ],
                [
                    18.05418,
                    59.33699
                ],
                [
                    18.05469,
                    59.33649
                ],
                [
                    18.05474,
                    59.33644
                ],
                [
                    18.0548,
                    59.33637
                ],
                [
                    18.05507,
                    59.33584
                ],
                [
                    18.05512,
                    59.33577
                ],
                [
                    18.05522,
                    59.33579
                ],
                [
                    18.05621,
                    59.33604
                ],
                [
                    18.05618,
                    59.33607
                ],
                [
                    18.05712,
                    59.33631
                ]
            ]
        },
        {
            "summary": {
                "distance": 471.4,
                "duration": 126.3
            },
            "user": {
                "id": 128,
                "token": "eyJhbGciOiJIUzI1NiIsInR5cCI6IkpXVCJ9.eyJpZCI6MTI4LCJyb2xlIjoidXNlciIsImlhdCI6MTcwMDkzMjIwNSwiZXhwIjoxNzMyNDY4MjA1fQ.k0soIAL6vilYr0WndGQb2m5CFo-We9zxkSUvA9M5E3M"
            },
            "coords": [
                [
                    18.05712,
                    59.33631
                ],
                [
                    18.05862,
                    59.33668
                ],
                [
                    18.05849,
                    59.33682
                ],
                [
                    18.05865,
                    59.33687
                ],
                [
                    18.05876,
                    59.3369
                ],
                [
                    18.05984,
                    59.33719
                ],
                [
                    18.05996,
                    59.33722
                ],
                [
                    18.05992,
                    59.33728
                ],
                [
                    18.05948,
                    59.33772
                ],
                [
                    18.05943,
                    59.33776
                ],
                [
                    18.0589,
                    59.33828
                ],
                [
                    18.05894,
                    59.3383
                ],
                [
                    18.05957,
                    59.33846
                ],
                [
                    18.06032,
                    59.33865
                ],
                [
                    18.06029,
                    59.33873
                ],
                [
                    18.06039,
                    59.33875
                ],
                [
                    18.06055,
                    59.33879
                ],
                [
                    18.06067,
                    59.33883
                ],
                [
                    18.06059,
                    59.3389
                ]
            ]
        }
    ],
    "apiKey": "6fff2f5cfb509332580c46257d25c6b7"
}