{
    "city": 2,
    "initialStart": [
        13.49386,
        59.3658
    ],
    "trips": [
        {
            "summary": {
                "distance": 320.5,
                "duration": 52.4
            },
            "user": {
                "id": 1279,
                "token": "eyJhbGciOiJIUzI1NiIsInR5cCI6IkpXVCJ9.eyJpZCI6MTI3OSwicm9sZSI6InVzZXIiLCJpYXQiOjE3MDA5NDk1OTksImV4cCI6MTczMjQ4NTU5OX0.ZaKjVLN_4iZdvzDtm5hL9SGiXLGfGAlxP-XS8XKrbmA"
            },
            "coords": [
                [
                    13.49386,
                    59.3658
                ],
                [
                    13.49384,
                    59.36587
                ],
                [
                    13.49383,
                    59.36608
                ],
                [
                    13.49386,
                    59.36618
                ],
                [
                    13.49414,
                    59.36648
                ],
                [
                    13.495,
                    59.36621
                ],
                [
                    13.49526,
                    59.3661
                ],
                [
                    13.49549,
                    59.36595
                ],
                [
                    13.49598,
                    59.36616
                ],
                [
                    13.49617,
                    59.36608
                ],
                [
                    13.49639,
                    59.36605
                ],
                [
                    13.49671,
                    59.36603
                ],
                [
                    13.49703,
                    59.36596
                ],
                [
                    13.497,
                    59.36608
                ],
                [
                    13.49718,
                    59.36625
                ],
                [
                    13.49725,
                    59.36632
                ]
            ]
        },
        {
            "summary": {
                "distance": "",
                "duration": ""
            },
            "user": {
                "id": 1280,
                "token": "eyJhbGciOiJIUzI1NiIsInR5cCI6IkpXVCJ9.eyJpZCI6MTI4MCwicm9sZSI6InVzZXIiLCJpYXQiOjE3MDA5NDk1OTksImV4cCI6MTczMjQ4NTU5OX0.AP_uu9RWT7hHdB-upcDS3KD4h7syuxWbVoCO2X8ZReQ"
            },
            "coords": [
                [
                    13.49725,
                    59.36632
                ],
                [
                    13.49718,
                    59.36625
                ],
                [
                    13.497,
                    59.36608
                ],
                [
                    13.49703,
                    59.36596
                ],
                [
                    13.49671,
                    59.36603
                ],
                [
                    13.49639,
                    59.36605
                ],
                [
                    13.49617,
                    59.36608
                ],
                [
                    13.49598,
                    59.36616
                ],
                [
                    13.49549,
                    59.36595
                ],
                [
                    13.49526,
                    59.3661
                ],
                [
                    13.495,
                    59.36621
                ],
                [
                    13.49414,
                    59.36648
                ],
                [
                    13.49408,
                    59.36654
                ],
                [
                    13.49405,
                    59.36674
                ],
                [
                    13.49406,
                    59.36708
                ],
                [
                    13.49417,
                    59.36733
                ],
                [
                    13.49421,
                    59.36741
                ],
                [
                    13.49476,
                    59.36804
                ],
                [
                    13.49501,
                    59.368
                ],
                [
                    13.49576,
                    59.36783
                ]
            ]
        }
    ]
}