{
    "city": 2,
    "initialStart": [
        13.48458,
        59.4155
    ],
    "trips": [
        {
            "summary": {
                "distance": 871.4,
                "duration": 142.9
            },
            "user": {
                "id": 1281,
                "token": "eyJhbGciOiJIUzI1NiIsInR5cCI6IkpXVCJ9.eyJpZCI6MTI4MSwicm9sZSI6InVzZXIiLCJpYXQiOjE3MDA5NDk2MDAsImV4cCI6MTczMjQ4NTYwMH0.-ngm6ZFTxgF1gFF6QEcNvvlabaQ7C0k0koeFEctRfQE"
            },
            "coords": [
                [
                    13.48458,
                    59.4155
                ],
                [
                    13.48446,
                    59.41553
                ],
                [
                    13.48419,
                    59.41555
                ],
                [
                    13.48383,
                    59.41556
                ],
                [
                    13.48342,
                    59.41547
                ],
                [
                    13.48331,
                    59.41566
                ],
                [
                    13.48291,
                    59.4161
                ],
                [
                    13.48222,
                    59.41693
                ],
                [
                    13.48439,
                    59.41735
                ],
                [
                    13.48479,
                    59.41676
                ],
                [
                    13.48594,
                    59.41527
                ],
                [
                    13.48608,
                    59.41509
                ],
                [
                    13.48622,
                    59.41509
                ],
                [
                    13.48585,
                    59.41553
                ],
                [
                    13.48481,
                    59.41693
                ]
            ]
        },
        {
            "summary": {
                "distance": 662.4,
                "duration": 108.7
            },
            "user": {
                "id": 1282,
                "token": "eyJhbGciOiJIUzI1NiIsInR5cCI6IkpXVCJ9.eyJpZCI6MTI4Miwicm9sZSI6InVzZXIiLCJpYXQiOjE3MDA5NDk2MDAsImV4cCI6MTczMjQ4NTYwMH0.jg7nMh2067Tdr24N8t4OQIRqLIManx426T_Ryd8H7Eo"
            },
            "coords": [
                [
                    13.48481,
                    59.41693
                ],
                [
                    13.48585,
                    59.41553
                ],
                [
                    13.48622,
                    59.41509
                ],
                [
                    13.48608,
                    59.41509
                ],
                [
                    13.48594,
                    59.41527
                ],
                [
                    13.48556,
                    59.41531
                ],
                [
                    13.48446,
                    59.41553
                ],
                [
                    13.48419,
                    59.41555
                ],
                [
                    13.48383,
                    59.41556
                ],
                [
                    13.48342,
                    59.41547
                ],
                [
                    13.48331,
                    59.41566
                ],
                [
                    13.48291,
                    59.4161
                ],
                [
                    13.48222,
                    59.41693
                ],
                [
                    13.48162,
                    59.41766
                ]
            ]
        }
    ]
}