{
    "city": 2,
    "initialStart": [
        13.46635,
        59.37769
    ],
    "trips": [
        {
            "summary": {
                "distance": 322.9,
                "duration": 52.8
            },
            "user": {
                "id": 1285,
                "token": "eyJhbGciOiJIUzI1NiIsInR5cCI6IkpXVCJ9.eyJpZCI6MTI4NSwicm9sZSI6InVzZXIiLCJpYXQiOjE3MDA5NDk2MDEsImV4cCI6MTczMjQ4NTYwMX0.KDpTWtGRyD_98cTpOjxVq-0LTrFlSnVTXScHvZzAMIk"
            },
            "coords": [
                [
                    13.46635,
                    59.37769
                ],
                [
                    13.46651,
                    59.37785
                ],
                [
                    13.46807,
                    59.37726
                ],
                [
                    13.46855,
                    59.37753
                ],
                [
                    13.46886,
                    59.37769
                ],
                [
                    13.46934,
                    59.37751
                ],
                [
                    13.47072,
                    59.37713
                ],
                [
                    13.47077,
                    59.37717
                ]
            ]
        },
        {
            "summary": {
                "distance": 445.3,
                "duration": 72.9
            },
            "user": {
                "id": 1286,
                "token": "eyJhbGciOiJIUzI1NiIsInR5cCI6IkpXVCJ9.eyJpZCI6MTI4Niwicm9sZSI6InVzZXIiLCJpYXQiOjE3MDA5NDk2MDIsImV4cCI6MTczMjQ4NTYwMn0.xNM42L-ToG2Xie_NeAA_jY9XZy75m_GEVVdeNylcEYM"
            },
            "coords": [
                [
                    13.47077,
                    59.37717
                ],
                [
                    13.47072,
                    59.37713
                ],
                [
                    13.46934,
                    59.37751
                ],
                [
                    13.46886,
                    59.37769
                ],
                [
                    13.46855,
                    59.37753
                ],
                [
                    13.46807,
                    59.37726
                ],
                [
                    13.46651,
                    59.37785
                ],
                [
                    13.46669,
                    59.37803
                ],
                [
                    13.46762,
                    59.37899
                ]
            ]
        }
    ],
    "apiKey": "20e5f9390114e73d92b1417cb5a63f80"
}