{
    "city": 2,
    "initialStart": [
        13.5716,
        59.40603
    ],
    "trips": [
        {
            "summary": {
                "distance": 304.3,
                "duration": 57.1
            },
            "user": {
                "id": 1289,
                "token": "eyJhbGciOiJIUzI1NiIsInR5cCI6IkpXVCJ9.eyJpZCI6MTI4OSwicm9sZSI6InVzZXIiLCJpYXQiOjE3MDA5NDk2MDIsImV4cCI6MTczMjQ4NTYwMn0.Mbpks8_8fmwu5R2ayw6Ou3gQMKfCXh9h9MUuK1kmc6g"
            },
            "coords": [
                [
                    13.5716,
                    59.40603
                ],
                [
                    13.57136,
                    59.406
                ],
                [
                    13.57127,
                    59.40627
                ],
                [
                    13.57072,
                    59.40623
                ],
                [
                    13.57036,
                    59.40622
                ],
                [
                    13.56979,
                    59.40625
                ],
                [
                    13.56928,
                    59.4063
                ],
                [
                    13.56886,
                    59.40638
                ],
                [
                    13.56867,
                    59.40646
                ],
                [
                    13.5688,
                    59.40673
                ],
                [
                    13.56905,
                    59.40693
                ],
                [
                    13.56919,
                    59.40706
                ],
                [
                    13.56906,
                    59.4071
                ],
                [
                    13.56867,
                    59.40721
                ]
            ]
        },
        {
            "summary": {
                "distance": "",
                "duration": ""
            },
            "user": {
                "id": 1290,
                "token": "eyJhbGciOiJIUzI1NiIsInR5cCI6IkpXVCJ9.eyJpZCI6MTI5MCwicm9sZSI6InVzZXIiLCJpYXQiOjE3MDA5NDk2MDIsImV4cCI6MTczMjQ4NTYwMn0.8Yoqm0Te3wfTY_9wWgkb6fBpE6XEPvi2KKLNcOWzxkU"
            },
            "coords": [
                [
                    13.56867,
                    59.40721
                ],
                [
                    13.56906,
                    59.4071
                ],
                [
                    13.56934,
                    59.40734
                ],
                [
                    13.56868,
                    59.40754
                ],
                [
                    13.56859,
                    59.40759
                ],
                [
                    13.56854,
                    59.40766
                ],
                [
                    13.56812,
                    59.4078
                ],
                [
                    13.56773,
                    59.408
                ],
                [
                    13.56805,
                    59.40827
                ],
                [
                    13.5683,
                    59.40847
                ],
                [
                    13.56841,
                    59.40852
                ],
                [
                    13.56832,
                    59.40863
                ],
                [
                    13.56817,
                    59.40875
                ],
                [
                    13.56812,
                    59.40889
                ],
                [
                    13.56813,
                    59.409
                ],
                [
                    13.56825,
                    59.40912
                ],
                [
                    13.56874,
                    59.40951
                ],
                [
                    13.56877,
                    59.40957
                ],
                [
                    13.56878,
                    59.40972
                ],
                [
                    13.56884,
                    59.40972
                ]
            ]
        }
    ],
    "apiKey": "6a0a76e73494d296ffec5c012bbe5903"
}