{
    "city": 2,
    "initialStart": [
        13.57038,
        59.40525
    ],
    "trips": [
        {
            "summary": {
                "distance": 288.4,
                "duration": 56
            },
            "user": {
                "id": 1293,
                "token": "eyJhbGciOiJIUzI1NiIsInR5cCI6IkpXVCJ9.eyJpZCI6MTI5Mywicm9sZSI6InVzZXIiLCJpYXQiOjE3MDA5NDk2MDIsImV4cCI6MTczMjQ4NTYwMn0.BJgpRnpB2awv5edshMpNL8ojjZBz61G_GMjgltfD_Jc"
            },
            "coords": [
                [
                    13.57038,
                    59.40525
                ],
                [
                    13.56923,
                    59.40531
                ],
                [
                    13.56894,
                    59.40535
                ],
                [
                    13.56811,
                    59.40547
                ],
                [
                    13.56802,
                    59.40552
                ],
                [
                    13.56673,
                    59.40572
                ],
                [
                    13.5668,
                    59.40588
                ],
                [
                    13.56667,
                    59.40597
                ],
                [
                    13.56676,
                    59.40612
                ],
                [
                    13.56684,
                    59.40626
                ],
                [
                    13.5667,
                    59.40629
                ]
            ]
        },
        {
            "summary": {
                "distance": 401.5,
                "duration": 65.7
            },
            "user": {
                "id": 1294,
                "token": "eyJhbGciOiJIUzI1NiIsInR5cCI6IkpXVCJ9.eyJpZCI6MTI5NCwicm9sZSI6InVzZXIiLCJpYXQiOjE3MDA5NDk2MDIsImV4cCI6MTczMjQ4NTYwMn0.BoLbhQqawsoYRW-U-1QZpwejl8Gvm4esIMFYINWDEwY"
            },
            "coords": [
                [
                    13.5667,
                    59.40629
                ],
                [
                    13.56684,
                    59.40626
                ],
                [
                    13.56706,
                    59.40623
                ],
                [
                    13.56735,
                    59.40631
                ],
                [
                    13.56741,
                    59.4064
                ],
                [
                    13.56643,
                    59.40649
                ],
                [
                    13.56582,
                    59.40649
                ],
                [
                    13.56529,
                    59.40647
                ],
                [
                    13.56527,
                    59.40653
                ],
                [
                    13.56515,
                    59.40668
                ],
                [
                    13.56463,
                    59.40701
                ],
                [
                    13.56452,
                    59.40708
                ],
                [
                    13.56404,
                    59.40722
                ],
                [
                    13.56334,
                    59.40732
                ],
                [
                    13.5629,
                    59.40735
                ],
                [
                    13.56206,
                    59.4074
                ],
                [
                    13.56203,
                    59.40741
                ]
            ]
        }
    ],
    "apiKey": "5284d9f24c52e1903161d78fcd7f8390"
}