{
    "city": 1,
    "initialStart": [
        18.10229,
        59.33933
    ],
    "trips": [
        {
            "summary": {
                "distance": 478.1,
                "duration": 177.8
            },
            "user": {
                "id": 129,
                "token": "eyJhbGciOiJIUzI1NiIsInR5cCI6IkpXVCJ9.eyJpZCI6MTI5LCJyb2xlIjoidXNlciIsImlhdCI6MTcwMDkzMjIwNSwiZXhwIjoxNzMyNDY4MjA1fQ.35uBvG9mD7zW0LBV2UOlqJyCbSk8ZVQcNpZtEhFKovo"
            },
            "coords": [
                [
                    18.10229,
                    59.33933
                ],
                [
                    18.10243,
                    59.33949
                ],
                [
                    18.1026,
                    59.33968
                ],
                [
                    18.10272,
                    59.33981
                ],
                [
                    18.10273,
                    59.33983
                ],
                [
                    18.10281,
                    59.33988
                ],
                [
                    18.10295,
                    59.33992
                ],
                [
                    18.10192,
                    59.34012
                ],
                [
                    18.10184,
                    59.34002
                ],
                [
                    18.1015,
                    59.34008
                ],
                [
                    18.10137,
                    59.34015
                ],
                [
                    18.10142,
                    59.34029
                ],
                [
                    18.1018,
                    59.34048
                ],
                [
                    18.10193,
                    59.34057
                ],
                [
                    18.10264,
                    59.34071
                ],
                [
                    18.10309,
                    59.34095
                ],
                [
                    18.10342,
                    59.34101
                ],
                [
                    18.10384,
                    59.34113
                ],
                [
                    18.10375,
                    59.3412
                ],
                [
                    18.10387,
                    59.34124
                ],
                [
                    18.10329,
                    59.34179
                ],
                [
                    18.10299,
                    59.34191
                ]
            ]
        },
        {
            "summary": {
                "distance": 447.9,
                "duration": 104.8
            },
            "user": {
                "id": 130,
                "token": "eyJhbGciOiJIUzI1NiIsInR5cCI6IkpXVCJ9.eyJpZCI6MTMwLCJyb2xlIjoidXNlciIsImlhdCI6MTcwMDkzMjIwNSwiZXhwIjoxNzMyNDY4MjA1fQ.MKcin6fpj-zkoI2_BZEv9TEXKLcacLGiyxbL2kDsZyY"
            },
            "coords": [
                [
                    18.10299,
                    59.34191
                ],
                [
                    18.1021,
                    59.34226
                ],
                [
                    18.10137,
                    59.34247
                ],
                [
                    18.10097,
                    59.34265
                ],
                [
                    18.10038,
                    59.34301
                ],
                [
                    18.10028,
                    59.34311
                ],
                [
                    18.10011,
                    59.34322
                ],
                [
                    18.10008,
                    59.34322
                ],
                [
                    18.09941,
                    59.34323
                ],
                [
                    18.09937,
                    59.34325
                ],
                [
                    18.09928,
                    59.34328
                ],
                [
                    18.09825,
                    59.34258
                ],
                [
                    18.09814,
                    59.34262
                ],
                [
                    18.09773,
                    59.34276
                ],
                [
                    18.09703,
                    59.34292
                ]
            ]
        }
    ]
}