{
    "city": 2,
    "initialStart": [
        13.50496,
        59.3799
    ],
    "trips": [
        {
            "summary": {
                "distance": 421.9,
                "duration": 87
            },
            "user": {
                "id": 1303,
                "token": "eyJhbGciOiJIUzI1NiIsInR5cCI6IkpXVCJ9.eyJpZCI6MTMwMywicm9sZSI6InVzZXIiLCJpYXQiOjE3MDA5NDk2ODYsImV4cCI6MTczMjQ4NTY4Nn0.2hOAJzx0CRxo-vOwMd7G9gmE6pdmge_liy09njU9its"
            },
            "coords": [
                [
                    13.50496,
                    59.3799
                ],
                [
                    13.50473,
                    59.37991
                ],
                [
                    13.50473,
                    59.38001
                ],
                [
                    13.50442,
                    59.38002
                ],
                [
                    13.5043,
                    59.38002
                ],
                [
                    13.50432,
                    59.38029
                ],
                [
                    13.50432,
                    59.38037
                ],
                [
                    13.50445,
                    59.38037
                ],
                [
                    13.50471,
                    59.38036
                ],
                [
                    13.50556,
                    59.38035
                ],
                [
                    13.50632,
                    59.38033
                ],
                [
                    13.50633,
                    59.38044
                ],
                [
                    13.50639,
                    59.38098
                ],
                [
                    13.5064,
                    59.381
                ],
                [
                    13.50718,
                    59.38098
                ],
                [
                    13.50723,
                    59.3814
                ],
                [
                    13.50765,
                    59.38139
                ],
                [
                    13.50782,
                    59.38142
                ],
                [
                    13.50823,
                    59.38141
                ]
            ]
        },
        {
            "summary": {
                "distance": 453.7,
                "duration": 77.7
            },
            "user": {
                "id": 1304,
                "token": "eyJhbGciOiJIUzI1NiIsInR5cCI6IkpXVCJ9.eyJpZCI6MTMwNCwicm9sZSI6InVzZXIiLCJpYXQiOjE3MDA5NDk2ODYsImV4cCI6MTczMjQ4NTY4Nn0.c5B6JnA1inLGcBSzey7_LDBar60kQVnSMTcKA6w0AfQ"
            },
            "coords": [
                [
                    13.50823,
                    59.38141
                ],
                [
                    13.50782,
                    59.38142
                ],
                [
                    13.50765,
                    59.38139
                ],
                [
                    13.50723,
                    59.3814
                ],
                [
                    13.50725,
                    59.3815
                ],
                [
                    13.5073,
                    59.38204
                ],
                [
                    13.50657,
                    59.38206
                ],
                [
                    13.5066,
                    59.38228
                ],
                [
                    13.50669,
                    59.383
                ],
                [
                    13.50712,
                    59.38301
                ],
                [
                    13.50789,
                    59.38302
                ],
                [
                    13.50804,
                    59.38302
                ],
                [
                    13.50871,
                    59.38302
                ],
                [
                    13.50885,
                    59.38302
                ],
                [
                    13.50879,
                    59.38307
                ],
                [
                    13.50832,
                    59.38345
                ]
            ]
        }
    ]
}