{
    "city": 2,
    "initialStart": [
        13.5477,
        59.41826
    ],
    "trips": [
        {
            "summary": {
                "distance": 250,
                "duration": 40.9
            },
            "user": {
                "id": 1305,
                "token": "eyJhbGciOiJIUzI1NiIsInR5cCI6IkpXVCJ9.eyJpZCI6MTMwNSwicm9sZSI6InVzZXIiLCJpYXQiOjE3MDA5NDk2ODYsImV4cCI6MTczMjQ4NTY4Nn0.eqpUPlaJm1QesnIFnVcq-4TryvLR7GFLxNykKZBq7kI"
            },
            "coords": [
                [
                    13.5477,
                    59.41826
                ],
                [
                    13.54763,
                    59.41827
                ],
                [
                    13.54752,
                    59.41829
                ],
                [
                    13.5473,
                    59.41828
                ],
                [
                    13.5472,
                    59.4183
                ],
                [
                    13.54704,
                    59.4184
                ],
                [
                    13.54675,
                    59.41841
                ],
                [
                    13.5463,
                    59.4183
                ],
                [
                    13.54628,
                    59.41822
                ],
                [
                    13.54553,
                    59.41806
                ],
                [
                    13.54527,
                    59.41808
                ],
                [
                    13.54487,
                    59.41805
                ],
                [
                    13.54461,
                    59.41803
                ],
                [
                    13.54433,
                    59.41844
                ],
                [
                    13.54424,
                    59.41846
                ]
            ]
        },
        {
            "summary": {
                "distance": "",
                "duration": ""
            },
            "user": {
                "id": 1306,
                "token": "eyJhbGciOiJIUzI1NiIsInR5cCI6IkpXVCJ9.eyJpZCI6MTMwNiwicm9sZSI6InVzZXIiLCJpYXQiOjE3MDA5NDk2ODYsImV4cCI6MTczMjQ4NTY4Nn0.R6x66h8EcS-2hywvn3cbEM1fbWlXyAOfZhWX571vAZg"
            },
            "coords": [
                [
                    13.54424,
                    59.41846
                ],
                [
                    13.54433,
                    59.41844
                ],
                [
                    13.54461,
                    59.41803
                ],
                [
                    13.54487,
                    59.41805
                ],
                [
                    13.54527,
                    59.41808
                ],
                [
                    13.54553,
                    59.41806
                ],
                [
                    13.54567,
                    59.4176
                ],
                [
                    13.5457,
                    59.4174
                ],
                [
                    13.54584,
                    59.41694
                ],
                [
                    13.54598,
                    59.4165
                ],
                [
                    13.54609,
                    59.41634
                ],
                [
                    13.5465,
                    59.4158
                ],
                [
                    13.54697,
                    59.41525
                ],
                [
                    13.54716,
                    59.41514
                ],
                [
                    13.54747,
                    59.41475
                ],
                [
                    13.54699,
                    59.41439
                ],
                [
                    13.54645,
                    59.41424
                ],
                [
                    13.54635,
                    59.41457
                ],
                [
                    13.54623,
                    59.41469
                ],
                [
                    13.5457,
                    59.41499
                ]
            ]
        }
    ]
}