{
    "city": 2,
    "initialStart": [
        13.56841,
        59.41132
    ],
    "trips": [
        {
            "summary": {
                "distance": 326.8,
                "duration": 53.5
            },
            "user": {
                "id": 1315,
                "token": "eyJhbGciOiJIUzI1NiIsInR5cCI6IkpXVCJ9.eyJpZCI6MTMxNSwicm9sZSI6InVzZXIiLCJpYXQiOjE3MDA5NDk2ODcsImV4cCI6MTczMjQ4NTY4N30.sLnsQsw7H_Jkw98Nio5HcTYKq0j4FgH1uS3amsc3YXw"
            },
            "coords": [
                [
                    13.56841,
                    59.41132
                ],
                [
                    13.56795,
                    59.41112
                ],
                [
                    13.56769,
                    59.41104
                ],
                [
                    13.56746,
                    59.41102
                ],
                [
                    13.56744,
                    59.41105
                ],
                [
                    13.56731,
                    59.41111
                ],
                [
                    13.56684,
                    59.4112
                ],
                [
                    13.56617,
                    59.41124
                ],
                [
                    13.56603,
                    59.41127
                ],
                [
                    13.56581,
                    59.41127
                ],
                [
                    13.56402,
                    59.41153
                ],
                [
                    13.56311,
                    59.41172
                ]
            ]
        },
        {
            "summary": {
                "distance": "",
                "duration": ""
            },
            "user": {
                "id": 1316,
                "token": "eyJhbGciOiJIUzI1NiIsInR5cCI6IkpXVCJ9.eyJpZCI6MTMxNiwicm9sZSI6InVzZXIiLCJpYXQiOjE3MDA5NDk2ODcsImV4cCI6MTczMjQ4NTY4N30.2zUOr64Vi7xrhTOtuVEeDb_5Rmx-e3oQlLk5C5zTeI8"
            },
            "coords": [
                [
                    13.56311,
                    59.41172
                ],
                [
                    13.56308,
                    59.41173
                ],
                [
                    13.56244,
                    59.41189
                ],
                [
                    13.56227,
                    59.41177
                ],
                [
                    13.56157,
                    59.4112
                ],
                [
                    13.5615,
                    59.41114
                ],
                [
                    13.5612,
                    59.41119
                ],
                [
                    13.56083,
                    59.41121
                ],
                [
                    13.56049,
                    59.41118
                ],
                [
                    13.56022,
                    59.41114
                ],
                [
                    13.56,
                    59.41107
                ],
                [
                    13.55981,
                    59.41096
                ],
                [
                    13.55928,
                    59.41039
                ],
                [
                    13.55914,
                    59.41029
                ],
                [
                    13.55899,
                    59.41022
                ],
                [
                    13.55873,
                    59.41016
                ],
                [
                    13.55867,
                    59.4102
                ],
                [
                    13.55845,
                    59.4102
                ],
                [
                    13.55847,
                    59.41122
                ],
                [
                    13.55855,
                    59.41308
                ]
            ]
        }
    ],
    "apiKey": "e35ad5e5f747221ac0acf81762db0c2c"
}