{
    "city": 1,
    "initialStart": [
        18.09433,
        59.34396
    ],
    "trips": [
        {
            "summary": {
                "distance": 763.1,
                "duration": 158.4
            },
            "user": {
                "id": 131,
                "token": "eyJhbGciOiJIUzI1NiIsInR5cCI6IkpXVCJ9.eyJpZCI6MTMxLCJyb2xlIjoidXNlciIsImlhdCI6MTcwMDkzMjIwNSwiZXhwIjoxNzMyNDY4MjA1fQ.ZW8eKTSpfqwTNKK1scXtdPa0YKmABX4JTHM_C3S0tUM"
            },
            "coords": [
                [
                    18.09433,
                    59.34396
                ],
                [
                    18.09482,
                    59.34385
                ],
                [
                    18.09458,
                    59.3435
                ],
                [
                    18.09415,
                    59.34291
                ],
                [
                    18.09389,
                    59.34257
                ],
                [
                    18.0936,
                    59.34222
                ],
                [
                    18.09352,
                    59.34212
                ],
                [
                    18.09341,
                    59.34199
                ],
                [
                    18.09321,
                    59.34176
                ],
                [
                    18.09304,
                    59.34156
                ],
                [
                    18.09311,
                    59.3415
                ],
                [
                    18.09317,
                    59.34146
                ],
                [
                    18.09345,
                    59.34139
                ],
                [
                    18.09379,
                    59.34131
                ],
                [
                    18.09388,
                    59.34131
                ],
                [
                    18.094,
                    59.3413
                ],
                [
                    18.09544,
                    59.34095
                ],
                [
                    18.09563,
                    59.34088
                ],
                [
                    18.09572,
                    59.34085
                ],
                [
                    18.09585,
                    59.34084
                ],
                [
                    18.09607,
                    59.34099
                ],
                [
                    18.09676,
                    59.34146
                ],
                [
                    18.09691,
                    59.34156
                ],
                [
                    18.09711,
                    59.34171
                ],
                [
                    18.09721,
                    59.34178
                ],
                [
                    18.09809,
                    59.34237
                ],
                [
                    18.09838,
                    59.34228
                ],
                [
                    18.09906,
                    59.3423
                ],
                [
                    18.09918,
                    59.34229
                ]
            ]
        },
        {
            "summary": {
                "distance": 1128.7,
                "duration": 223.6
            },
            "user": {
                "id": 132,
                "token": "eyJhbGciOiJIUzI1NiIsInR5cCI6IkpXVCJ9.eyJpZCI6MTMyLCJyb2xlIjoidXNlciIsImlhdCI6MTcwMDkzMjIwNiwiZXhwIjoxNzMyNDY4MjA2fQ.EVKaOKFovE-2SCnz02x7nd0zHk2dArl3fD7CPiLvk_4"
            },
            "coords": [
                [
                    18.09918,
                    59.34229
                ],
                [
                    18.09906,
                    59.3423
                ],
                [
                    18.09838,
                    59.34228
                ],
                [
                    18.09809,
                    59.34237
                ],
                [
                    18.09721,
                    59.34178
                ],
                [
                    18.09711,
                    59.34171
                ],
                [
                    18.09691,
                    59.34156
                ],
                [
                    18.09758,
                    59.34131
                ],
                [
                    18.09792,
                    59.34119
                ],
                [
                    18.09803,
                    59.34112
                ],
                [
                    18.09802,
                    59.34106
                ],
                [
                    18.0976,
                    59.34054
                ],
                [
                    18.09751,
                    59.34043
                ],
                [
                    18.09713,
                    59.33996
                ],
                [
                    18.09693,
                    59.33971
                ],
                [
                    18.09667,
                    59.33962
                ],
                [
                    18.09655,
                    59.33957
                ],
                [
                    18.09637,
                    59.3394
                ],
                [
                    18.09686,
                    59.3393
                ],
                [
                    18.09695,
                    59.33928
                ],
                [
                    18.09866,
                    59.33887
                ],
                [
                    18.09876,
                    59.33885
                ],
                [
                    18.10072,
                    59.33843
                ],
                [
                    18.10083,
                    59.3384
                ],
                [
                    18.10237,
                    59.33806
                ],
                [
                    18.10241,
                    59.33805
                ],
                [
                    18.10246,
                    59.3381
                ],
                [
                    18.10266,
                    59.33821
                ],
                [
                    18.10269,
                    59.33823
                ],
                [
                    18.10272,
                    59.33825
                ],
                [
                    18.10276,
                    59.33827
                ],
                [
                    18.10289,
                    59.33828
                ],
                [
                    18.10298,
                    59.33833
                ],
                [
                    18.10346,
                    59.33887
                ],
                [
                    18.10367,
                    59.33906
                ],
                [
                    18.10402,
                    59.33939
                ],
                [
                    18.10426,
                    59.33954
                ],
                [
                    18.10441,
                    59.33957
                ],
                [
                    18.10426,
                    59.33963
                ],
                [
                    18.10349,
                    59.3398
                ],
                [
                    18.10328,
                    59.33985
                ]
            ]
        }
    ],
    "apiKey": "91acceb087a1de4c96c4cc51b8b4a25d"
}