{
    "city": 2,
    "initialStart": [
        13.56023,
        59.41345
    ],
    "trips": [
        {
            "summary": {
                "distance": 196.4,
                "duration": 39.3
            },
            "user": {
                "id": 1325,
                "token": "eyJhbGciOiJIUzI1NiIsInR5cCI6IkpXVCJ9.eyJpZCI6MTMyNSwicm9sZSI6InVzZXIiLCJpYXQiOjE3MDA5NDk2ODksImV4cCI6MTczMjQ4NTY4OX0.pqNjnw2xPVrlfbZxUV3BvqXVchdIbcvgB6TJJJrYfd8"
            },
            "coords": [
                [
                    13.56023,
                    59.41345
                ],
                [
                    13.56123,
                    59.41479
                ],
                [
                    13.56144,
                    59.4149
                ],
                [
                    13.56172,
                    59.41498
                ],
                [
                    13.56176,
                    59.41498
                ]
            ]
        },
        {
            "summary": {
                "distance": 790.5,
                "duration": 146.2
            },
            "user": {
                "id": 1326,
                "token": "eyJhbGciOiJIUzI1NiIsInR5cCI6IkpXVCJ9.eyJpZCI6MTMyNiwicm9sZSI6InVzZXIiLCJpYXQiOjE3MDA5NDk2ODksImV4cCI6MTczMjQ4NTY4OX0.x7s2eJnIBf9oAtZRIWvY3wEGE3O5eQ4kDqMKmTDqbHU"
            },
            "coords": [
                [
                    13.56176,
                    59.41498
                ],
                [
                    13.56172,
                    59.41498
                ],
                [
                    13.56144,
                    59.4149
                ],
                [
                    13.56123,
                    59.41479
                ],
                [
                    13.5601,
                    59.41327
                ],
                [
                    13.56005,
                    59.41324
                ],
                [
                    13.55993,
                    59.41317
                ],
                [
                    13.55954,
                    59.41309
                ],
                [
                    13.55855,
                    59.41308
                ],
                [
                    13.55854,
                    59.41367
                ],
                [
                    13.55753,
                    59.41378
                ],
                [
                    13.55827,
                    59.41694
                ]
            ]
        }
    ],
    "apiKey": "fb8bfe89f278cbb7dce75e7ec7877408"
}