{
    "city": 2,
    "initialStart": [
        13.51942,
        59.409
    ],
    "trips": [
        {
            "summary": {
                "distance": 448.7,
                "duration": 93.3
            },
            "user": {
                "id": 1327,
                "token": "eyJhbGciOiJIUzI1NiIsInR5cCI6IkpXVCJ9.eyJpZCI6MTMyNywicm9sZSI6InVzZXIiLCJpYXQiOjE3MDA5NDk2ODksImV4cCI6MTczMjQ4NTY4OX0.6KPu6tE-eJNI2LPlZpLFwifRzmgxlIY8crJHGIPTtdI"
            },
            "coords": [
                [
                    13.51942,
                    59.409
                ],
                [
                    13.51941,
                    59.40866
                ],
                [
                    13.51929,
                    59.40804
                ],
                [
                    13.51894,
                    59.40738
                ],
                [
                    13.51909,
                    59.40737
                ],
                [
                    13.51966,
                    59.40731
                ],
                [
                    13.51972,
                    59.40744
                ],
                [
                    13.52,
                    59.40807
                ],
                [
                    13.52016,
                    59.40811
                ],
                [
                    13.52044,
                    59.4081
                ],
                [
                    13.52062,
                    59.4081
                ],
                [
                    13.52065,
                    59.40826
                ],
                [
                    13.52175,
                    59.40824
                ],
                [
                    13.52211,
                    59.40823
                ]
            ]
        },
        {
            "summary": {
                "distance": "",
                "duration": ""
            },
            "user": {
                "id": 1328,
                "token": "eyJhbGciOiJIUzI1NiIsInR5cCI6IkpXVCJ9.eyJpZCI6MTMyOCwicm9sZSI6InVzZXIiLCJpYXQiOjE3MDA5NDk2OTAsImV4cCI6MTczMjQ4NTY5MH0.cgz1GbttEqq7Ev3DaDHJp0Qm7UC37_8jHRo9GJIjuBY"
            },
            "coords": [
                [
                    13.52211,
                    59.40823
                ],
                [
                    13.52211,
                    59.40823
                ],
                [
                    13.52175,
                    59.40824
                ],
                [
                    13.52065,
                    59.40826
                ],
                [
                    13.52062,
                    59.4081
                ],
                [
                    13.52069,
                    59.40801
                ],
                [
                    13.52069,
                    59.40786
                ],
                [
                    13.52069,
                    59.40778
                ],
                [
                    13.52072,
                    59.40772
                ],
                [
                    13.52082,
                    59.40761
                ],
                [
                    13.52087,
                    59.4075
                ],
                [
                    13.52077,
                    59.40695
                ],
                [
                    13.52156,
                    59.40693
                ],
                [
                    13.52199,
                    59.40692
                ],
                [
                    13.52244,
                    59.40702
                ],
                [
                    13.52275,
                    59.40703
                ],
                [
                    13.52301,
                    59.40701
                ],
                [
                    13.52328,
                    59.40699
                ],
                [
                    13.52326,
                    59.40683
                ],
                [
                    13.52321,
                    59.40654
                ]
            ]
        }
    ],
    "apiKey": "af340302732fd49b9173d55ac7b48f6a"
}