{
    "city": 2,
    "initialStart": [
        13.48774,
        59.3744
    ],
    "trips": [
        {
            "summary": {
                "distance": 263.1,
                "duration": 43.1
            },
            "user": {
                "id": 1337,
                "token": "eyJhbGciOiJIUzI1NiIsInR5cCI6IkpXVCJ9.eyJpZCI6MTMzNywicm9sZSI6InVzZXIiLCJpYXQiOjE3MDA5NDk2OTEsImV4cCI6MTczMjQ4NTY5MX0.S6tF3vVTuxwCPYm-khyPAp7puRBGx6h-WrO0kHCGUN8"
            },
            "coords": [
                [
                    13.48774,
                    59.3744
                ],
                [
                    13.48749,
                    59.37438
                ],
                [
                    13.48573,
                    59.37416
                ],
                [
                    13.48572,
                    59.37421
                ],
                [
                    13.48512,
                    59.37507
                ],
                [
                    13.48507,
                    59.37514
                ],
                [
                    13.48475,
                    59.37531
                ],
                [
                    13.4848,
                    59.37534
                ]
            ]
        },
        {
            "summary": {
                "distance": 230.8,
                "duration": 37.8
            },
            "user": {
                "id": 1338,
                "token": "eyJhbGciOiJIUzI1NiIsInR5cCI6IkpXVCJ9.eyJpZCI6MTMzOCwicm9sZSI6InVzZXIiLCJpYXQiOjE3MDA5NDk2OTEsImV4cCI6MTczMjQ4NTY5MX0.8gZJ69OCg1dVgd6K6Q9iQUoiNkCwViLj049DrFHi5hA"
            },
            "coords": [
                [
                    13.4848,
                    59.37534
                ],
                [
                    13.48475,
                    59.37531
                ],
                [
                    13.48507,
                    59.37514
                ],
                [
                    13.48512,
                    59.37507
                ],
                [
                    13.48572,
                    59.37421
                ],
                [
                    13.48573,
                    59.37416
                ],
                [
                    13.48584,
                    59.37374
                ],
                [
                    13.48579,
                    59.3734
                ]
            ]
        }
    ]
}