{
    "city": 2,
    "initialStart": [
        13.52073,
        59.40121
    ],
    "trips": [
        {
            "summary": {
                "distance": 383.8,
                "duration": 72
            },
            "user": {
                "id": 1339,
                "token": "eyJhbGciOiJIUzI1NiIsInR5cCI6IkpXVCJ9.eyJpZCI6MTMzOSwicm9sZSI6InVzZXIiLCJpYXQiOjE3MDA5NDk2OTEsImV4cCI6MTczMjQ4NTY5MX0.yOJdm0DryYILz7BBJqe7MgMQ3l7APcFb69hahB3OrmU"
            },
            "coords": [
                [
                    13.52073,
                    59.40121
                ],
                [
                    13.5207,
                    59.40092
                ],
                [
                    13.52032,
                    59.40092
                ],
                [
                    13.52003,
                    59.40092
                ],
                [
                    13.51965,
                    59.40013
                ],
                [
                    13.51868,
                    59.40026
                ],
                [
                    13.51811,
                    59.40031
                ],
                [
                    13.51746,
                    59.40033
                ],
                [
                    13.51724,
                    59.40032
                ],
                [
                    13.51706,
                    59.40029
                ],
                [
                    13.51694,
                    59.40024
                ],
                [
                    13.51684,
                    59.40009
                ],
                [
                    13.51665,
                    59.40011
                ],
                [
                    13.51658,
                    59.39992
                ],
                [
                    13.51636,
                    59.39997
                ]
            ]
        },
        {
            "summary": {
                "distance": 502.7,
                "duration": 90.3
            },
            "user": {
                "id": 1340,
                "token": "eyJhbGciOiJIUzI1NiIsInR5cCI6IkpXVCJ9.eyJpZCI6MTM0MCwicm9sZSI6InVzZXIiLCJpYXQiOjE3MDA5NDk2OTEsImV4cCI6MTczMjQ4NTY5MX0.FIGs_lW0MGuUwOAC2pxfC6glanilYQ3UJ2JAr45_f5k"
            },
            "coords": [
                [
                    13.51636,
                    59.39997
                ],
                [
                    13.51658,
                    59.39992
                ],
                [
                    13.51665,
                    59.40011
                ],
                [
                    13.51684,
                    59.40009
                ],
                [
                    13.51694,
                    59.40024
                ],
                [
                    13.51706,
                    59.40029
                ],
                [
                    13.51724,
                    59.40032
                ],
                [
                    13.51746,
                    59.40033
                ],
                [
                    13.51811,
                    59.40031
                ],
                [
                    13.51868,
                    59.40026
                ],
                [
                    13.51965,
                    59.40013
                ],
                [
                    13.52003,
                    59.40092
                ],
                [
                    13.52006,
                    59.401
                ],
                [
                    13.51943,
                    59.40101
                ],
                [
                    13.51947,
                    59.40178
                ],
                [
                    13.51949,
                    59.40204
                ],
                [
                    13.51909,
                    59.40205
                ],
                [
                    13.51909,
                    59.40212
                ]
            ]
        }
    ]
}