{
    "city": 2,
    "initialStart": [
        13.45386,
        59.38827
    ],
    "trips": [
        {
            "summary": {
                "distance": 356.9,
                "duration": 60.3
            },
            "user": {
                "id": 1341,
                "token": "eyJhbGciOiJIUzI1NiIsInR5cCI6IkpXVCJ9.eyJpZCI6MTM0MSwicm9sZSI6InVzZXIiLCJpYXQiOjE3MDA5NDk2OTEsImV4cCI6MTczMjQ4NTY5MX0.TyOdf6AcA39-3EVm1H967Ir2hSqli3ntzrAV-TH-1Kk"
            },
            "coords": [
                [
                    13.45386,
                    59.38827
                ],
                [
                    13.45551,
                    59.38808
                ],
                [
                    13.45567,
                    59.38806
                ],
                [
                    13.45546,
                    59.38758
                ],
                [
                    13.4556,
                    59.38756
                ],
                [
                    13.45689,
                    59.38742
                ],
                [
                    13.45688,
                    59.38648
                ],
                [
                    13.45672,
                    59.38648
                ]
            ]
        },
        {
            "summary": {
                "distance": 385.9,
                "duration": 65
            },
            "user": {
                "id": 1342,
                "token": "eyJhbGciOiJIUzI1NiIsInR5cCI6IkpXVCJ9.eyJpZCI6MTM0Miwicm9sZSI6InVzZXIiLCJpYXQiOjE3MDA5NDk2OTEsImV4cCI6MTczMjQ4NTY5MX0.wlwZmXcZtggPMECJzkJ59zcX_T4HirnCjejsRmamtZw"
            },
            "coords": [
                [
                    13.45672,
                    59.38648
                ],
                [
                    13.45688,
                    59.38648
                ],
                [
                    13.45686,
                    59.38607
                ],
                [
                    13.45685,
                    59.38604
                ],
                [
                    13.45638,
                    59.38615
                ],
                [
                    13.45588,
                    59.3862
                ],
                [
                    13.45591,
                    59.38609
                ],
                [
                    13.45591,
                    59.38596
                ],
                [
                    13.45592,
                    59.38587
                ],
                [
                    13.45603,
                    59.38554
                ],
                [
                    13.45526,
                    59.38531
                ],
                [
                    13.45587,
                    59.38449
                ],
                [
                    13.4561,
                    59.38417
                ],
                [
                    13.45606,
                    59.38415
                ],
                [
                    13.45593,
                    59.38414
                ]
            ]
        }
    ],
    "apiKey": "61104c382a4c683d21c939edc534e6c8"
}