{
    "city": 2,
    "initialStart": [
        13.53362,
        59.40466
    ],
    "trips": [
        {
            "summary": {
                "distance": 352.9,
                "duration": 57.7
            },
            "user": {
                "id": 1345,
                "token": "eyJhbGciOiJIUzI1NiIsInR5cCI6IkpXVCJ9.eyJpZCI6MTM0NSwicm9sZSI6InVzZXIiLCJpYXQiOjE3MDA5NDk4NzIsImV4cCI6MTczMjQ4NTg3Mn0.GgUOdmG025G3a4TJ-MMxm2zPe4XYNQMdC3IVNNAw09s"
            },
            "coords": [
                [
                    13.53362,
                    59.40466
                ],
                [
                    13.53445,
                    59.40461
                ],
                [
                    13.53449,
                    59.40466
                ],
                [
                    13.53463,
                    59.40536
                ],
                [
                    13.53544,
                    59.40535
                ],
                [
                    13.5358,
                    59.40561
                ],
                [
                    13.53633,
                    59.4055
                ],
                [
                    13.53638,
                    59.40546
                ],
                [
                    13.53755,
                    59.40523
                ],
                [
                    13.53769,
                    59.4055
                ]
            ]
        },
        {
            "summary": {
                "distance": "",
                "duration": ""
            },
            "user": {
                "id": 1346,
                "token": "eyJhbGciOiJIUzI1NiIsInR5cCI6IkpXVCJ9.eyJpZCI6MTM0Niwicm9sZSI6InVzZXIiLCJpYXQiOjE3MDA5NDk4NzIsImV4cCI6MTczMjQ4NTg3Mn0.pll4Ohf6mNjjHGInDbGGDIwrexX5qnxdb6rZl7BaR3k"
            },
            "coords": [
                [
                    13.53769,
                    59.4055
                ],
                [
                    13.53793,
                    59.40593
                ],
                [
                    13.53832,
                    59.40628
                ],
                [
                    13.53855,
                    59.4064
                ],
                [
                    13.53906,
                    59.4066
                ],
                [
                    13.53947,
                    59.4067
                ],
                [
                    13.53943,
                    59.40674
                ],
                [
                    13.53959,
                    59.40679
                ],
                [
                    13.53992,
                    59.40683
                ],
                [
                    13.54019,
                    59.40686
                ],
                [
                    13.54031,
                    59.40692
                ],
                [
                    13.54047,
                    59.40693
                ],
                [
                    13.54059,
                    59.40694
                ],
                [
                    13.54071,
                    59.40691
                ],
                [
                    13.54077,
                    59.4069
                ],
                [
                    13.54132,
                    59.40695
                ],
                [
                    13.54156,
                    59.40695
                ],
                [
                    13.54193,
                    59.40698
                ],
                [
                    13.54261,
                    59.40692
                ],
                [
                    13.5426,
                    59.40689
                ]
            ]
        }
    ]
}