{
    "city": 2,
    "initialStart": [
        13.55755,
        59.41386
    ],
    "trips": [
        {
            "summary": {
                "distance": 309.2,
                "duration": 56.1
            },
            "user": {
                "id": 1347,
                "token": "eyJhbGciOiJIUzI1NiIsInR5cCI6IkpXVCJ9.eyJpZCI6MTM0Nywicm9sZSI6InVzZXIiLCJpYXQiOjE3MDA5NDk4NzIsImV4cCI6MTczMjQ4NTg3Mn0.I7FEnNjZzjFeZFMibAKIHeMhw4T0JfksC3iKo60bFl4"
            },
            "coords": [
                [
                    13.55755,
                    59.41386
                ],
                [
                    13.55753,
                    59.41378
                ],
                [
                    13.55854,
                    59.41367
                ],
                [
                    13.55855,
                    59.41308
                ],
                [
                    13.55848,
                    59.4115
                ]
            ]
        },
        {
            "summary": {
                "distance": 351.5,
                "duration": 57.5
            },
            "user": {
                "id": 1348,
                "token": "eyJhbGciOiJIUzI1NiIsInR5cCI6IkpXVCJ9.eyJpZCI6MTM0OCwicm9sZSI6InVzZXIiLCJpYXQiOjE3MDA5NDk4NzIsImV4cCI6MTczMjQ4NTg3Mn0.aD_kS4Xb90KafeSGDVUZNPy2aIJ3BdXiLfGVBU-ZSRo"
            },
            "coords": [
                [
                    13.55848,
                    59.4115
                ],
                [
                    13.55847,
                    59.41122
                ],
                [
                    13.55845,
                    59.4102
                ],
                [
                    13.55844,
                    59.40942
                ],
                [
                    13.55843,
                    59.40928
                ],
                [
                    13.55786,
                    59.40928
                ],
                [
                    13.55755,
                    59.40936
                ],
                [
                    13.55731,
                    59.40946
                ],
                [
                    13.55689,
                    59.40968
                ]
            ]
        }
    ]
}