{
    "city": 1,
    "initialStart": [
        18.05309,
        59.3269
    ],
    "trips": [
        {
            "summary": {
                "distance": 1129,
                "duration": 227.8
            },
            "user": {
                "id": 135,
                "token": "eyJhbGciOiJIUzI1NiIsInR5cCI6IkpXVCJ9.eyJpZCI6MTM1LCJyb2xlIjoidXNlciIsImlhdCI6MTcwMDkzMjIwNywiZXhwIjoxNzMyNDY4MjA3fQ.YsGnQBu8y5OvitFQS_kgeomIYdUVdYmC38t-Zhb1YGI"
            },
            "coords": [
                [
                    18.05309,
                    59.3269
                ],
                [
                    18.05324,
                    59.32694
                ],
                [
                    18.0533,
                    59.32699
                ],
                [
                    18.05331,
                    59.32701
                ],
                [
                    18.05337,
                    59.32704
                ],
                [
                    18.05315,
                    59.32769
                ],
                [
                    18.05318,
                    59.32773
                ],
                [
                    18.05322,
                    59.32776
                ],
                [
                    18.05331,
                    59.32778
                ],
                [
                    18.05479,
                    59.32791
                ],
                [
                    18.05513,
                    59.32793
                ],
                [
                    18.05538,
                    59.32796
                ],
                [
                    18.05561,
                    59.32803
                ],
                [
                    18.05591,
                    59.32806
                ],
                [
                    18.05737,
                    59.32819
                ],
                [
                    18.05755,
                    59.3282
                ],
                [
                    18.05778,
                    59.32817
                ],
                [
                    18.05797,
                    59.32813
                ],
                [
                    18.05802,
                    59.32812
                ],
                [
                    18.05819,
                    59.32808
                ],
                [
                    18.05886,
                    59.32798
                ],
                [
                    18.05905,
                    59.32798
                ],
                [
                    18.05948,
                    59.32803
                ],
                [
                    18.05952,
                    59.32796
                ],
                [
                    18.0597,
                    59.32797
                ],
                [
                    18.05986,
                    59.32789
                ],
                [
                    18.06056,
                    59.32761
                ],
                [
                    18.0612,
                    59.32732
                ],
                [
                    18.06306,
                    59.32635
                ],
                [
                    18.06312,
                    59.32626
                ],
                [
                    18.06217,
                    59.32616
                ],
                [
                    18.06162,
                    59.32606
                ],
                [
                    18.06148,
                    59.32601
                ],
                [
                    18.06132,
                    59.32591
                ],
                [
                    18.06134,
                    59.32586
                ],
                [
                    18.06183,
                    59.32535
                ],
                [
                    18.0619,
                    59.32521
                ],
                [
                    18.06214,
                    59.32465
                ],
                [
                    18.06225,
                    59.32441
                ],
                [
                    18.06233,
                    59.32438
                ],
                [
                    18.06217,
                    59.32436
                ],
                [
                    18.06204,
                    59.32434
                ],
                [
                    18.06164,
                    59.32448
                ],
                [
                    18.06154,
                    59.3247
                ]
            ]
        },
        {
            "summary": {
                "distance": 506.4,
                "duration": 195.1
            },
            "user": {
                "id": 136,
                "token": "eyJhbGciOiJIUzI1NiIsInR5cCI6IkpXVCJ9.eyJpZCI6MTM2LCJyb2xlIjoidXNlciIsImlhdCI6MTcwMDkzMjIwNywiZXhwIjoxNzMyNDY4MjA3fQ.UHW39NG5CnYvHZamdgS3UmcborhND0GT2WgsIZt6Xvc"
            },
            "coords": [
                [
                    18.06154,
                    59.3247
                ],
                [
                    18.06164,
                    59.32448
                ],
                [
                    18.06204,
                    59.32434
                ],
                [
                    18.06217,
                    59.32436
                ],
                [
                    18.06233,
                    59.32438
                ],
                [
                    18.06247,
                    59.32433
                ],
                [
                    18.06305,
                    59.32414
                ],
                [
                    18.06384,
                    59.32387
                ],
                [
                    18.06408,
                    59.3238
                ],
                [
                    18.06459,
                    59.32383
                ],
                [
                    18.06548,
                    59.32389
                ],
                [
                    18.06564,
                    59.32394
                ],
                [
                    18.06591,
                    59.32408
                ],
                [
                    18.06593,
                    59.32405
                ],
                [
                    18.06614,
                    59.32372
                ],
                [
                    18.06665,
                    59.32287
                ],
                [
                    18.06668,
                    59.32281
                ],
                [
                    18.06674,
                    59.3227
                ],
                [
                    18.06697,
                    59.32231
                ]
            ]
        }
    ],
    "apiKey": "84f0bf2234685bfcbad8356a21d3537d"
}