{
    "city": 2,
    "initialStart": [
        13.50665,
        59.39328
    ],
    "trips": [
        {
            "summary": {
                "distance": 356.7,
                "duration": 58.4
            },
            "user": {
                "id": 1359,
                "token": "eyJhbGciOiJIUzI1NiIsInR5cCI6IkpXVCJ9.eyJpZCI6MTM1OSwicm9sZSI6InVzZXIiLCJpYXQiOjE3MDA5NDk4NzMsImV4cCI6MTczMjQ4NTg3M30.-RMEY4vtjJGp8G-J-diXyE36KcK7NznLT4RlPqYgJAc"
            },
            "coords": [
                [
                    13.50665,
                    59.39328
                ],
                [
                    13.50724,
                    59.39314
                ],
                [
                    13.5073,
                    59.39323
                ],
                [
                    13.50804,
                    59.39301
                ],
                [
                    13.50852,
                    59.39285
                ],
                [
                    13.50871,
                    59.3928
                ],
                [
                    13.50876,
                    59.39273
                ],
                [
                    13.50905,
                    59.39267
                ],
                [
                    13.50911,
                    59.39265
                ],
                [
                    13.50941,
                    59.39289
                ],
                [
                    13.50972,
                    59.39309
                ],
                [
                    13.51025,
                    59.39335
                ],
                [
                    13.51037,
                    59.39327
                ],
                [
                    13.51047,
                    59.3932
                ],
                [
                    13.51061,
                    59.39312
                ],
                [
                    13.51038,
                    59.393
                ],
                [
                    13.5101,
                    59.39275
                ]
            ]
        },
        {
            "summary": {
                "distance": 398.2,
                "duration": 65.2
            },
            "user": {
                "id": 1360,
                "token": "eyJhbGciOiJIUzI1NiIsInR5cCI6IkpXVCJ9.eyJpZCI6MTM2MCwicm9sZSI6InVzZXIiLCJpYXQiOjE3MDA5NDk4NzMsImV4cCI6MTczMjQ4NTg3M30.AqFN5sI6PodCNXJxmk7PLN-2XICwoaPgCnGY3GxfYss"
            },
            "coords": [
                [
                    13.51011,
                    59.39275
                ],
                [
                    13.51038,
                    59.393
                ],
                [
                    13.51061,
                    59.39312
                ],
                [
                    13.51047,
                    59.3932
                ],
                [
                    13.51037,
                    59.39327
                ],
                [
                    13.51071,
                    59.39339
                ],
                [
                    13.51129,
                    59.39356
                ],
                [
                    13.51121,
                    59.39364
                ],
                [
                    13.51134,
                    59.39369
                ],
                [
                    13.51146,
                    59.39371
                ],
                [
                    13.51141,
                    59.39381
                ],
                [
                    13.51114,
                    59.39386
                ],
                [
                    13.51041,
                    59.39413
                ],
                [
                    13.50884,
                    59.39467
                ],
                [
                    13.50832,
                    59.39474
                ],
                [
                    13.50855,
                    59.39491
                ]
            ]
        }
    ]
}