{
    "city": 2,
    "initialStart": [
        13.50003,
        59.40591
    ],
    "trips": [
        {
            "summary": {
                "distance": 194.4,
                "duration": 43.5
            },
            "user": {
                "id": 1361,
                "token": "eyJhbGciOiJIUzI1NiIsInR5cCI6IkpXVCJ9.eyJpZCI6MTM2MSwicm9sZSI6InVzZXIiLCJpYXQiOjE3MDA5NDk4NzMsImV4cCI6MTczMjQ4NTg3M30.akXYmgUe0XFqyxC4IB76yfF8qzzyVivhIq7GqZjyklw"
            },
            "coords": [
                [
                    13.50003,
                    59.40591
                ],
                [
                    13.50025,
                    59.40592
                ],
                [
                    13.50044,
                    59.40595
                ],
                [
                    13.50089,
                    59.40607
                ],
                [
                    13.50115,
                    59.4061
                ],
                [
                    13.50086,
                    59.40644
                ],
                [
                    13.50167,
                    59.40645
                ],
                [
                    13.50177,
                    59.40632
                ],
                [
                    13.50187,
                    59.40634
                ],
                [
                    13.5022,
                    59.40635
                ]
            ]
        },
        {
            "summary": {
                "distance": 253.6,
                "duration": 46.1
            },
            "user": {
                "id": 1362,
                "token": "eyJhbGciOiJIUzI1NiIsInR5cCI6IkpXVCJ9.eyJpZCI6MTM2Miwicm9sZSI6InVzZXIiLCJpYXQiOjE3MDA5NDk4NzMsImV4cCI6MTczMjQ4NTg3M30.zTNicR43RmsjyAeIy7j0_mtTW5c7urf8_tH68BkdWsA"
            },
            "coords": [
                [
                    13.5022,
                    59.40635
                ],
                [
                    13.50236,
                    59.40635
                ],
                [
                    13.50248,
                    59.40623
                ],
                [
                    13.50286,
                    59.40618
                ],
                [
                    13.50348,
                    59.40625
                ],
                [
                    13.5038,
                    59.40632
                ],
                [
                    13.50391,
                    59.40613
                ],
                [
                    13.504,
                    59.40601
                ],
                [
                    13.50443,
                    59.40534
                ],
                [
                    13.50463,
                    59.40502
                ]
            ]
        }
    ],
    "apiKey": "7c98eb9d87cf62e8a56613e5737c4f1b"
}