{
    "city": 2,
    "initialStart": [
        13.50715,
        59.39427
    ],
    "trips": [
        {
            "summary": {
                "distance": 290.8,
                "duration": 47.6
            },
            "user": {
                "id": 1363,
                "token": "eyJhbGciOiJIUzI1NiIsInR5cCI6IkpXVCJ9.eyJpZCI6MTM2Mywicm9sZSI6InVzZXIiLCJpYXQiOjE3MDA5NDk4NzYsImV4cCI6MTczMjQ4NTg3Nn0.UZle2b2D1m_J1eSqUovAiC4lMllVIlQDoyfTSP1zpCE"
            },
            "coords": [
                [
                    13.50715,
                    59.39427
                ],
                [
                    13.5076,
                    59.39484
                ],
                [
                    13.50822,
                    59.39474
                ],
                [
                    13.50832,
                    59.39474
                ],
                [
                    13.5089,
                    59.39517
                ],
                [
                    13.50905,
                    59.39531
                ],
                [
                    13.5097,
                    59.39582
                ],
                [
                    13.50915,
                    59.39601
                ]
            ]
        },
        {
            "summary": {
                "distance": 360.1,
                "duration": 58.9
            },
            "user": {
                "id": 1364,
                "token": "eyJhbGciOiJIUzI1NiIsInR5cCI6IkpXVCJ9.eyJpZCI6MTM2NCwicm9sZSI6InVzZXIiLCJpYXQiOjE3MDA5NDk4NzYsImV4cCI6MTczMjQ4NTg3Nn0.X3YYAytqciLLExMjsUkY6OAPUXYpNMAwfIawTuUJwyU"
            },
            "coords": [
                [
                    13.50916,
                    59.39601
                ],
                [
                    13.5097,
                    59.39582
                ],
                [
                    13.51063,
                    59.3966
                ],
                [
                    13.51147,
                    59.39635
                ],
                [
                    13.51263,
                    59.39598
                ],
                [
                    13.51282,
                    59.39594
                ],
                [
                    13.51309,
                    59.39595
                ],
                [
                    13.51403,
                    59.39567
                ]
            ]
        }
    ],
    "apiKey": "6e0337b0113276eb488e6712a54d993a"
}