{
    "city": 2,
    "initialStart": [
        13.57669,
        59.40064
    ],
    "trips": [
        {
            "summary": {
                "distance": 403.6,
                "duration": 91.1
            },
            "user": {
                "id": 1367,
                "token": "eyJhbGciOiJIUzI1NiIsInR5cCI6IkpXVCJ9.eyJpZCI6MTM2Nywicm9sZSI6InVzZXIiLCJpYXQiOjE3MDA5NDk4NzYsImV4cCI6MTczMjQ4NTg3Nn0.FnNm66JQg_lToJf1wHPbUQkNvze48WfZtmGM62_tvbI"
            },
            "coords": [
                [
                    13.57669,
                    59.40064
                ],
                [
                    13.5768,
                    59.40082
                ],
                [
                    13.57693,
                    59.40093
                ],
                [
                    13.57683,
                    59.40092
                ],
                [
                    13.57617,
                    59.40093
                ],
                [
                    13.5766,
                    59.40157
                ],
                [
                    13.57671,
                    59.40174
                ],
                [
                    13.57604,
                    59.40178
                ],
                [
                    13.5754,
                    59.40186
                ],
                [
                    13.57503,
                    59.40192
                ],
                [
                    13.57422,
                    59.40204
                ],
                [
                    13.57365,
                    59.40213
                ],
                [
                    13.57326,
                    59.40219
                ],
                [
                    13.57298,
                    59.40225
                ],
                [
                    13.57279,
                    59.40228
                ]
            ]
        },
        {
            "summary": {
                "distance": 298,
                "duration": 49.8
            },
            "user": {
                "id": 1368,
                "token": "eyJhbGciOiJIUzI1NiIsInR5cCI6IkpXVCJ9.eyJpZCI6MTM2OCwicm9sZSI6InVzZXIiLCJpYXQiOjE3MDA5NDk4NzYsImV4cCI6MTczMjQ4NTg3Nn0.xOzG9g_3mzvsoR2yQ1gujL7dKGGKFmm0FLBXXxma_f4"
            },
            "coords": [
                [
                    13.57279,
                    59.40228
                ],
                [
                    13.57298,
                    59.40225
                ],
                [
                    13.57251,
                    59.40147
                ],
                [
                    13.57279,
                    59.40143
                ],
                [
                    13.57321,
                    59.40137
                ],
                [
                    13.57344,
                    59.40134
                ],
                [
                    13.57377,
                    59.40129
                ],
                [
                    13.57367,
                    59.40124
                ],
                [
                    13.57362,
                    59.40118
                ],
                [
                    13.57332,
                    59.40067
                ],
                [
                    13.57304,
                    59.40071
                ],
                [
                    13.57286,
                    59.40044
                ]
            ]
        }
    ],
    "apiKey": "26447228f965fb5d7ceec04dea89b6ad"
}