{
    "city": 2,
    "initialStart": [
        13.5236,
        59.40765
    ],
    "trips": [
        {
            "summary": {
                "distance": 356.8,
                "duration": 87
            },
            "user": {
                "id": 1373,
                "token": "eyJhbGciOiJIUzI1NiIsInR5cCI6IkpXVCJ9.eyJpZCI6MTM3Mywicm9sZSI6InVzZXIiLCJpYXQiOjE3MDA5NDk4NzcsImV4cCI6MTczMjQ4NTg3N30.QQpIOmwhdt8u-v87ncmKQKt7V5Le1AYwpbhGJMwVRV4"
            },
            "coords": [
                [
                    13.5236,
                    59.40765
                ],
                [
                    13.52364,
                    59.40786
                ],
                [
                    13.52366,
                    59.40805
                ],
                [
                    13.52367,
                    59.40821
                ],
                [
                    13.52307,
                    59.40823
                ],
                [
                    13.52308,
                    59.40832
                ],
                [
                    13.52258,
                    59.40857
                ],
                [
                    13.52197,
                    59.40857
                ],
                [
                    13.52087,
                    59.40857
                ],
                [
                    13.51953,
                    59.40858
                ],
                [
                    13.51953,
                    59.40892
                ]
            ]
        },
        {
            "summary": {
                "distance": 428.4,
                "duration": 70.1
            },
            "user": {
                "id": 1374,
                "token": "eyJhbGciOiJIUzI1NiIsInR5cCI6IkpXVCJ9.eyJpZCI6MTM3NCwicm9sZSI6InVzZXIiLCJpYXQiOjE3MDA5NDk4NzcsImV4cCI6MTczMjQ4NTg3N30.V50XKjV9auXyxuozxo1LmN6KR1ErCgUQlEEOcp_YN1A"
            },
            "coords": [
                [
                    13.51953,
                    59.40892
                ],
                [
                    13.51953,
                    59.40858
                ],
                [
                    13.51941,
                    59.40807
                ],
                [
                    13.51909,
                    59.40737
                ],
                [
                    13.51966,
                    59.40731
                ],
                [
                    13.51972,
                    59.40744
                ],
                [
                    13.52,
                    59.40807
                ],
                [
                    13.52016,
                    59.40811
                ],
                [
                    13.52044,
                    59.4081
                ],
                [
                    13.52062,
                    59.4081
                ],
                [
                    13.52069,
                    59.40801
                ],
                [
                    13.52069,
                    59.40786
                ],
                [
                    13.52069,
                    59.40778
                ],
                [
                    13.52072,
                    59.40772
                ],
                [
                    13.52082,
                    59.40761
                ],
                [
                    13.52087,
                    59.4075
                ],
                [
                    13.52083,
                    59.40725
                ]
            ]
        }
    ],
    "apiKey": "8028cb02cff1f09ac25f3cd01cc0b566"
}