{
    "city": 2,
    "initialStart": [
        13.48804,
        59.37148
    ],
    "trips": [
        {
            "summary": {
                "distance": 157.6,
                "duration": 38.9
            },
            "user": {
                "id": 1375,
                "token": "eyJhbGciOiJIUzI1NiIsInR5cCI6IkpXVCJ9.eyJpZCI6MTM3NSwicm9sZSI6InVzZXIiLCJpYXQiOjE3MDA5NDk4NzcsImV4cCI6MTczMjQ4NTg3N30.FfnYIIAMzBBDhXMXolKpyQeF2EsCWuca6M5OgI_5rZU"
            },
            "coords": [
                [
                    13.48804,
                    59.37148
                ],
                [
                    13.48814,
                    59.37162
                ],
                [
                    13.48823,
                    59.37174
                ],
                [
                    13.48829,
                    59.37182
                ],
                [
                    13.48844,
                    59.37178
                ],
                [
                    13.4886,
                    59.37175
                ],
                [
                    13.48894,
                    59.37167
                ],
                [
                    13.48938,
                    59.37158
                ],
                [
                    13.48942,
                    59.37154
                ],
                [
                    13.48977,
                    59.37168
                ],
                [
                    13.48982,
                    59.37169
                ],
                [
                    13.48993,
                    59.37167
                ],
                [
                    13.4901,
                    59.37163
                ]
            ]
        },
        {
            "summary": {
                "distance": 386.4,
                "duration": 76.3
            },
            "user": {
                "id": 1376,
                "token": "eyJhbGciOiJIUzI1NiIsInR5cCI6IkpXVCJ9.eyJpZCI6MTM3Niwicm9sZSI6InVzZXIiLCJpYXQiOjE3MDA5NDk4NzcsImV4cCI6MTczMjQ4NTg3N30.K2ht6uMIP_r3uAI9ED-_QfJVI88nfWrg8bdMWgcSbes"
            },
            "coords": [
                [
                    13.4901,
                    59.37163
                ],
                [
                    13.48993,
                    59.37167
                ],
                [
                    13.48982,
                    59.37169
                ],
                [
                    13.48977,
                    59.37168
                ],
                [
                    13.48942,
                    59.37154
                ],
                [
                    13.48938,
                    59.37158
                ],
                [
                    13.48894,
                    59.37167
                ],
                [
                    13.4886,
                    59.37175
                ],
                [
                    13.48844,
                    59.37178
                ],
                [
                    13.48829,
                    59.37182
                ],
                [
                    13.48823,
                    59.37174
                ],
                [
                    13.48649,
                    59.37221
                ],
                [
                    13.48511,
                    59.37263
                ],
                [
                    13.48505,
                    59.37257
                ],
                [
                    13.48461,
                    59.37219
                ]
            ]
        }
    ]
}