{
    "city": 2,
    "initialStart": [
        13.55329,
        59.40649
    ],
    "trips": [
        {
            "summary": {
                "distance": 511.6,
                "duration": 83.7
            },
            "user": {
                "id": 1383,
                "token": "eyJhbGciOiJIUzI1NiIsInR5cCI6IkpXVCJ9.eyJpZCI6MTM4Mywicm9sZSI6InVzZXIiLCJpYXQiOjE3MDA5NTAxOTgsImV4cCI6MTczMjQ4NjE5OH0.0m8sulMIxv25eOoH9khL0qBYIiPwoVV0RIkMAf6Kl30"
            },
            "coords": [
                [
                    13.55329,
                    59.40649
                ],
                [
                    13.55327,
                    59.40667
                ],
                [
                    13.55324,
                    59.40702
                ],
                [
                    13.55335,
                    59.40721
                ],
                [
                    13.5535,
                    59.40727
                ],
                [
                    13.55436,
                    59.40719
                ],
                [
                    13.55448,
                    59.40718
                ],
                [
                    13.55478,
                    59.4072
                ],
                [
                    13.55535,
                    59.40702
                ],
                [
                    13.55606,
                    59.40708
                ],
                [
                    13.55585,
                    59.40763
                ],
                [
                    13.55536,
                    59.40836
                ],
                [
                    13.55595,
                    59.40879
                ],
                [
                    13.55613,
                    59.40881
                ],
                [
                    13.55637,
                    59.40879
                ],
                [
                    13.55668,
                    59.40849
                ]
            ]
        },
        {
            "summary": {
                "distance": 548.7,
                "duration": 89.8
            },
            "user": {
                "id": 1384,
                "token": "eyJhbGciOiJIUzI1NiIsInR5cCI6IkpXVCJ9.eyJpZCI6MTM4NCwicm9sZSI6InVzZXIiLCJpYXQiOjE3MDA5NTAxOTgsImV4cCI6MTczMjQ4NjE5OH0.9wXRcO7v-gHYcexDWENucfy6-Vc9413xTd5PxgtmFTQ"
            },
            "coords": [
                [
                    13.55667,
                    59.40849
                ],
                [
                    13.55637,
                    59.40879
                ],
                [
                    13.55674,
                    59.40887
                ],
                [
                    13.55701,
                    59.409
                ],
                [
                    13.55713,
                    59.40909
                ],
                [
                    13.55805,
                    59.40856
                ],
                [
                    13.55844,
                    59.40826
                ],
                [
                    13.55849,
                    59.40825
                ],
                [
                    13.55863,
                    59.40827
                ],
                [
                    13.55882,
                    59.40829
                ],
                [
                    13.55893,
                    59.40817
                ],
                [
                    13.55941,
                    59.40805
                ],
                [
                    13.56081,
                    59.40755
                ],
                [
                    13.56107,
                    59.4075
                ],
                [
                    13.56152,
                    59.40747
                ],
                [
                    13.56183,
                    59.40791
                ],
                [
                    13.56107,
                    59.40819
                ],
                [
                    13.56077,
                    59.40838
                ]
            ]
        }
    ]
}