{
    "city": 2,
    "initialStart": [
        13.51348,
        59.39111
    ],
    "trips": [
        {
            "summary": {
                "distance": 318,
                "duration": 63.2
            },
            "user": {
                "id": 1385,
                "token": "eyJhbGciOiJIUzI1NiIsInR5cCI6IkpXVCJ9.eyJpZCI6MTM4NSwicm9sZSI6InVzZXIiLCJpYXQiOjE3MDA5NTAxOTgsImV4cCI6MTczMjQ4NjE5OH0.gyM7IObFGxl-LOKapvYosjBSPyk_ytMENywJuhdh0So"
            },
            "coords": [
                [
                    13.51348,
                    59.39111
                ],
                [
                    13.51356,
                    59.39136
                ],
                [
                    13.51401,
                    59.39132
                ],
                [
                    13.51408,
                    59.39152
                ],
                [
                    13.51451,
                    59.39148
                ],
                [
                    13.51468,
                    59.39147
                ],
                [
                    13.51469,
                    59.39145
                ],
                [
                    13.51481,
                    59.39144
                ],
                [
                    13.51483,
                    59.39145
                ],
                [
                    13.51537,
                    59.39141
                ],
                [
                    13.51554,
                    59.39139
                ],
                [
                    13.51551,
                    59.39131
                ],
                [
                    13.51628,
                    59.39127
                ],
                [
                    13.51661,
                    59.39126
                ],
                [
                    13.51723,
                    59.39123
                ],
                [
                    13.51783,
                    59.3912
                ],
                [
                    13.51798,
                    59.39119
                ],
                [
                    13.51808,
                    59.39118
                ]
            ]
        },
        {
            "summary": {
                "distance": 490.4,
                "duration": 80.2
            },
            "user": {
                "id": 1386,
                "token": "eyJhbGciOiJIUzI1NiIsInR5cCI6IkpXVCJ9.eyJpZCI6MTM4Niwicm9sZSI6InVzZXIiLCJpYXQiOjE3MDA5NTAxOTgsImV4cCI6MTczMjQ4NjE5OH0.W7NKzSqGh6ky2qD0el0mXg3kgbIvFt52Ik8bdvsjW6Y"
            },
            "coords": [
                [
                    13.51808,
                    59.39118
                ],
                [
                    13.51885,
                    59.39113
                ],
                [
                    13.52046,
                    59.39105
                ],
                [
                    13.52079,
                    59.391
                ],
                [
                    13.52047,
                    59.39066
                ],
                [
                    13.52005,
                    59.39027
                ],
                [
                    13.51987,
                    59.39012
                ],
                [
                    13.51964,
                    59.38991
                ],
                [
                    13.51944,
                    59.38975
                ],
                [
                    13.51936,
                    59.38971
                ],
                [
                    13.51925,
                    59.38967
                ],
                [
                    13.51933,
                    59.38962
                ],
                [
                    13.51842,
                    59.38926
                ],
                [
                    13.51832,
                    59.3892
                ],
                [
                    13.51809,
                    59.38873
                ],
                [
                    13.51835,
                    59.38873
                ],
                [
                    13.51837,
                    59.38878
                ],
                [
                    13.51847,
                    59.38879
                ]
            ]
        }
    ],
    "apiKey": "6d0c095d572f216d8e86cffd410da9ba"
}