{
    "city": 2,
    "initialStart": [
        13.45808,
        59.37919
    ],
    "trips": [
        {
            "summary": {
                "distance": 371.9,
                "duration": 60.8
            },
            "user": {
                "id": 1395,
                "token": "eyJhbGciOiJIUzI1NiIsInR5cCI6IkpXVCJ9.eyJpZCI6MTM5NSwicm9sZSI6InVzZXIiLCJpYXQiOjE3MDA5NTAxOTksImV4cCI6MTczMjQ4NjE5OX0.3RP-XTR3Y39utAdRUym55kVljYmmvDklCSQm962H6-o"
            },
            "coords": [
                [
                    13.45808,
                    59.37919
                ],
                [
                    13.45817,
                    59.37889
                ],
                [
                    13.45821,
                    59.37877
                ],
                [
                    13.45853,
                    59.37838
                ],
                [
                    13.45861,
                    59.37801
                ],
                [
                    13.45864,
                    59.3779
                ],
                [
                    13.45772,
                    59.37785
                ],
                [
                    13.45746,
                    59.37785
                ],
                [
                    13.45634,
                    59.37783
                ],
                [
                    13.45615,
                    59.37783
                ],
                [
                    13.45584,
                    59.37782
                ],
                [
                    13.45549,
                    59.37782
                ],
                [
                    13.45518,
                    59.37781
                ],
                [
                    13.45502,
                    59.37781
                ],
                [
                    13.4549,
                    59.37781
                ],
                [
                    13.45489,
                    59.37769
                ]
            ]
        },
        {
            "summary": {
                "distance": 253.4,
                "duration": 41.5
            },
            "user": {
                "id": 1396,
                "token": "eyJhbGciOiJIUzI1NiIsInR5cCI6IkpXVCJ9.eyJpZCI6MTM5Niwicm9sZSI6InVzZXIiLCJpYXQiOjE3MDA5NTAxOTksImV4cCI6MTczMjQ4NjE5OX0.AWfqMhQTEvx834DqYNSOR9SmrjJtvm3BpIco17-5U9k"
            },
            "coords": [
                [
                    13.45489,
                    59.37769
                ],
                [
                    13.45486,
                    59.37752
                ],
                [
                    13.45487,
                    59.37709
                ],
                [
                    13.45488,
                    59.37693
                ],
                [
                    13.45488,
                    59.3767
                ],
                [
                    13.45499,
                    59.37623
                ],
                [
                    13.45502,
                    59.37593
                ],
                [
                    13.45502,
                    59.3759
                ],
                [
                    13.45512,
                    59.37563
                ],
                [
                    13.45518,
                    59.37557
                ],
                [
                    13.45531,
                    59.37544
                ]
            ]
        }
    ]
}