{
    "city": 2,
    "initialStart": [
        13.48983,
        59.37169
    ],
    "trips": [
        {
            "summary": {
                "distance": 379.7,
                "duration": 70.8
            },
            "user": {
                "id": 1397,
                "token": "eyJhbGciOiJIUzI1NiIsInR5cCI6IkpXVCJ9.eyJpZCI6MTM5Nywicm9sZSI6InVzZXIiLCJpYXQiOjE3MDA5NTAxOTksImV4cCI6MTczMjQ4NjE5OX0.itWlvAhAgKMBFAhzbZFSCw2e3ylV2UkPkU8r_RUyjWY"
            },
            "coords": [
                [
                    13.48983,
                    59.37169
                ],
                [
                    13.48982,
                    59.37169
                ],
                [
                    13.48977,
                    59.37168
                ],
                [
                    13.48942,
                    59.37154
                ],
                [
                    13.48938,
                    59.37158
                ],
                [
                    13.48894,
                    59.37167
                ],
                [
                    13.4886,
                    59.37175
                ],
                [
                    13.48844,
                    59.37178
                ],
                [
                    13.48909,
                    59.37251
                ],
                [
                    13.48947,
                    59.37294
                ],
                [
                    13.48987,
                    59.37337
                ],
                [
                    13.48969,
                    59.3734
                ],
                [
                    13.49032,
                    59.37407
                ]
            ]
        },
        {
            "summary": {
                "distance": 251.8,
                "duration": 41.2
            },
            "user": {
                "id": 1398,
                "token": "eyJhbGciOiJIUzI1NiIsInR5cCI6IkpXVCJ9.eyJpZCI6MTM5OCwicm9sZSI6InVzZXIiLCJpYXQiOjE3MDA5NTAyMDAsImV4cCI6MTczMjQ4NjIwMH0.ykQvW0at-2-H2Gn8NHqkSN_vLExL2BjLev-JgFGev5E"
            },
            "coords": [
                [
                    13.49032,
                    59.37407
                ],
                [
                    13.48969,
                    59.3734
                ],
                [
                    13.48938,
                    59.37307
                ],
                [
                    13.48856,
                    59.37316
                ],
                [
                    13.48729,
                    59.37322
                ],
                [
                    13.48713,
                    59.37323
                ]
            ]
        }
    ],
    "apiKey": "bea421297515d87e690280b884797783"
}