{
    "city": 1,
    "initialStart": [
        18.02439,
        59.32714
    ],
    "trips": [
        {
            "summary": {
                "distance": 1928.9,
                "duration": 338.9
            },
            "user": {
                "id": 139,
                "token": "eyJhbGciOiJIUzI1NiIsInR5cCI6IkpXVCJ9.eyJpZCI6MTM5LCJyb2xlIjoidXNlciIsImlhdCI6MTcwMDkzMjIwOCwiZXhwIjoxNzMyNDY4MjA4fQ.dYHYzUSJYdpNQshTb2CeWVS3nNhvj4NnZsf6M6QFa2w"
            },
            "coords": [
                [
                    18.02439,
                    59.32714
                ],
                [
                    18.02451,
                    59.32694
                ],
                [
                    18.02469,
                    59.32678
                ],
                [
                    18.02423,
                    59.32654
                ],
                [
                    18.02408,
                    59.3266
                ],
                [
                    18.02389,
                    59.32673
                ],
                [
                    18.02382,
                    59.32686
                ],
                [
                    18.02362,
                    59.32708
                ],
                [
                    18.02374,
                    59.32713
                ],
                [
                    18.0243,
                    59.32667
                ],
                [
                    18.02518,
                    59.32598
                ],
                [
                    18.0279,
                    59.32373
                ],
                [
                    18.02824,
                    59.32343
                ],
                [
                    18.02991,
                    59.32204
                ],
                [
                    18.03031,
                    59.3216
                ],
                [
                    18.03053,
                    59.32129
                ],
                [
                    18.03171,
                    59.31914
                ],
                [
                    18.03176,
                    59.31889
                ],
                [
                    18.03183,
                    59.31874
                ],
                [
                    18.03197,
                    59.31876
                ],
                [
                    18.03211,
                    59.31878
                ],
                [
                    18.03224,
                    59.3188
                ],
                [
                    18.03216,
                    59.31898
                ],
                [
                    18.03208,
                    59.31919
                ],
                [
                    18.03104,
                    59.32116
                ],
                [
                    18.03074,
                    59.32162
                ],
                [
                    18.03054,
                    59.32186
                ],
                [
                    18.03025,
                    59.32215
                ],
                [
                    18.02819,
                    59.32389
                ],
                [
                    18.02746,
                    59.32448
                ]
            ]
        },
        {
            "summary": {
                "distance": 1672.7,
                "duration": 414.2
            },
            "user": {
                "id": 140,
                "token": "eyJhbGciOiJIUzI1NiIsInR5cCI6IkpXVCJ9.eyJpZCI6MTQwLCJyb2xlIjoidXNlciIsImlhdCI6MTcwMDkzMjIwOCwiZXhwIjoxNzMyNDY4MjA4fQ.NKpjIuPIim2b7yiQGPFGlyxvkQp8vGgNLoCbtph3WCs"
            },
            "coords": [
                [
                    18.02746,
                    59.32448
                ],
                [
                    18.02545,
                    59.32613
                ],
                [
                    18.02463,
                    59.32678
                ],
                [
                    18.02417,
                    59.32717
                ],
                [
                    18.02357,
                    59.32763
                ],
                [
                    18.0235,
                    59.3276
                ],
                [
                    18.02343,
                    59.32758
                ],
                [
                    18.02251,
                    59.32817
                ],
                [
                    18.02239,
                    59.32812
                ],
                [
                    18.02227,
                    59.32807
                ],
                [
                    18.02234,
                    59.32793
                ],
                [
                    18.02227,
                    59.32786
                ],
                [
                    18.0222,
                    59.32778
                ],
                [
                    18.02241,
                    59.32773
                ],
                [
                    18.0226,
                    59.32767
                ],
                [
                    18.02312,
                    59.32747
                ],
                [
                    18.02351,
                    59.32726
                ],
                [
                    18.02374,
                    59.32713
                ],
                [
                    18.0243,
                    59.32667
                ],
                [
                    18.02518,
                    59.32598
                ],
                [
                    18.0279,
                    59.32373
                ],
                [
                    18.02824,
                    59.32343
                ],
                [
                    18.02991,
                    59.32204
                ],
                [
                    18.02989,
                    59.32204
                ],
                [
                    18.02987,
                    59.32203
                ],
                [
                    18.02992,
                    59.32197
                ],
                [
                    18.02995,
                    59.32193
                ],
                [
                    18.02961,
                    59.32215
                ],
                [
                    18.02944,
                    59.32236
                ],
                [
                    18.02945,
                    59.32247
                ],
                [
                    18.0298,
                    59.32247
                ],
                [
                    18.02983,
                    59.32254
                ],
                [
                    18.03032,
                    59.32258
                ],
                [
                    18.03093,
                    59.32257
                ],
                [
                    18.03101,
                    59.32259
                ],
                [
                    18.03133,
                    59.32263
                ],
                [
                    18.03145,
                    59.32269
                ],
                [
                    18.03141,
                    59.32276
                ],
                [
                    18.03155,
                    59.32278
                ],
                [
                    18.03185,
                    59.32276
                ],
                [
                    18.03195,
                    59.32278
                ],
                [
                    18.03212,
                    59.32279
                ],
                [
                    18.03263,
                    59.32272
                ],
                [
                    18.0331,
                    59.32271
