{
    "city": 2,
    "initialStart": [
        13.47684,
        59.37448
    ],
    "trips": [
        {
            "summary": {
                "distance": 383.1,
                "duration": 83.8
            },
            "user": {
                "id": 1401,
                "token": "eyJhbGciOiJIUzI1NiIsInR5cCI6IkpXVCJ9.eyJpZCI6MTQwMSwicm9sZSI6InVzZXIiLCJpYXQiOjE3MDA5NTAyMDAsImV4cCI6MTczMjQ4NjIwMH0.pcSkNqSe5vUENIyXVIh6b_J4BcUW_kSU0maesSO6J6s"
            },
            "coords": [
                [
                    13.47684,
                    59.37448
                ],
                [
                    13.47677,
                    59.37437
                ],
                [
                    13.47675,
                    59.37433
                ],
                [
                    13.47493,
                    59.37458
                ],
                [
                    13.47483,
                    59.3746
                ],
                [
                    13.47478,
                    59.37452
                ],
                [
                    13.47469,
                    59.37454
                ],
                [
                    13.4745,
                    59.37427
                ],
                [
                    13.47445,
                    59.3742
                ],
                [
                    13.47389,
                    59.3737
                ],
                [
                    13.47326,
                    59.3732
                ],
                [
                    13.47337,
                    59.37317
                ],
                [
                    13.4733,
                    59.37311
                ],
                [
                    13.47402,
                    59.37279
                ]
            ]
        },
        {
            "summary": {
                "distance": 526.6,
                "duration": 101.8
            },
            "user": {
                "id": 1402,
                "token": "eyJhbGciOiJIUzI1NiIsInR5cCI6IkpXVCJ9.eyJpZCI6MTQwMiwicm9sZSI6InVzZXIiLCJpYXQiOjE3MDA5NTAyMDAsImV4cCI6MTczMjQ4NjIwMH0.Z_9kfLd2x1GTVupU6NYFECw9FDcwVmUH7fTl11RRl20"
            },
            "coords": [
                [
                    13.47402,
                    59.37279
                ],
                [
                    13.4733,
                    59.37311
                ],
                [
                    13.47323,
                    59.37307
                ],
                [
                    13.47316,
                    59.37302
                ],
                [
                    13.47259,
                    59.37266
                ],
                [
                    13.47221,
                    59.37246
                ],
                [
                    13.47108,
                    59.37198
                ],
                [
                    13.47059,
                    59.37184
                ],
                [
                    13.47025,
                    59.3717
                ],
                [
                    13.47022,
                    59.37168
                ],
                [
                    13.46985,
                    59.37141
                ],
                [
                    13.4691,
                    59.37086
                ],
                [
                    13.47045,
                    59.37044
                ],
                [
                    13.47097,
                    59.37031
                ]
            ]
        }
    ],
    "apiKey": "1c56f409d71c43ff36e8457d46a2cab1"
}