{
    "city": 2,
    "initialStart": [
        13.48431,
        59.38699
    ],
    "trips": [
        {
            "summary": {
                "distance": 482.9,
                "duration": 81.1
            },
            "user": {
                "id": 1407,
                "token": "eyJhbGciOiJIUzI1NiIsInR5cCI6IkpXVCJ9.eyJpZCI6MTQwNywicm9sZSI6InVzZXIiLCJpYXQiOjE3MDA5NTAyMDIsImV4cCI6MTczMjQ4NjIwMn0.5Nc7jiA6PpSn3DHeu2C-JHarQxcORLwcgiSCFirTvVQ"
            },
            "coords": [
                [
                    13.48431,
                    59.38699
                ],
                [
                    13.48371,
                    59.38701
                ],
                [
                    13.48369,
                    59.38657
                ],
                [
                    13.48538,
                    59.3864
                ],
                [
                    13.48572,
                    59.38649
                ],
                [
                    13.48578,
                    59.38647
                ],
                [
                    13.48587,
                    59.38644
                ],
                [
                    13.48615,
                    59.38661
                ],
                [
                    13.48646,
                    59.38686
                ],
                [
                    13.48672,
                    59.38707
                ],
                [
                    13.48693,
                    59.38735
                ],
                [
                    13.48702,
                    59.38754
                ],
                [
                    13.48725,
                    59.38869
                ]
            ]
        },
        {
            "summary": {
                "distance": "",
                "duration": ""
            },
            "user": {
                "id": 1408,
                "token": "eyJhbGciOiJIUzI1NiIsInR5cCI6IkpXVCJ9.eyJpZCI6MTQwOCwicm9sZSI6InVzZXIiLCJpYXQiOjE3MDA5NTAyMDIsImV4cCI6MTczMjQ4NjIwMn0.wQAsxici-JkPkaoHzhVX1j-y6_XwXY-bWIXSfYI12eA"
            },
            "coords": [
                [
                    13.48725,
                    59.38869
                ],
                [
                    13.48742,
                    59.38954
                ],
                [
                    13.48723,
                    59.38955
                ],
                [
                    13.48728,
                    59.38966
                ],
                [
                    13.4872,
                    59.38965
                ],
                [
                    13.48712,
                    59.38965
                ],
                [
                    13.48679,
                    59.38969
                ],
                [
                    13.48591,
                    59.38991
                ],
                [
                    13.48573,
                    59.38996
                ],
                [
                    13.48568,
                    59.39001
                ],
                [
                    13.48557,
                    59.39005
                ],
                [
                    13.48478,
                    59.39026
                ],
                [
                    13.4838,
                    59.39048
                ],
                [
                    13.4837,
                    59.39038
                ],
                [
                    13.48364,
                    59.39033
                ],
                [
                    13.48354,
                    59.39031
                ],
                [
                    13.48337,
                    59.39031
                ],
                [
                    13.48329,
                    59.39014
                ],
                [
                    13.48325,
                    59.38995
                ],
                [
                    13.48323,
                    59.38982
                ]
            ]
        }
    ],
    "apiKey": "db556963f7e5ef984f1869d899dd643f"
}