{
    "city": 2,
    "initialStart": [
        13.50771,
        59.3955
    ],
    "trips": [
        {
            "summary": {
                "distance": 242,
                "duration": 39.6
            },
            "user": {
                "id": 1411,
                "token": "eyJhbGciOiJIUzI1NiIsInR5cCI6IkpXVCJ9.eyJpZCI6MTQxMSwicm9sZSI6InVzZXIiLCJpYXQiOjE3MDA5NTAyMDMsImV4cCI6MTczMjQ4NjIwM30.kwhNY3r1feqiB2OG02JLbrLeJzlQIiTVSXITiLR2PdY"
            },
            "coords": [
                [
                    13.50771,
                    59.3955
                ],
                [
                    13.50769,
                    59.39526
                ],
                [
                    13.5076,
                    59.39484
                ],
                [
                    13.50698,
                    59.39405
                ],
                [
                    13.50669,
                    59.39376
                ],
                [
                    13.50642,
                    59.39345
                ]
            ]
        },
        {
            "summary": {
                "distance": "",
                "duration": ""
            },
            "user": {
                "id": 1412,
                "token": "eyJhbGciOiJIUzI1NiIsInR5cCI6IkpXVCJ9.eyJpZCI6MTQxMiwicm9sZSI6InVzZXIiLCJpYXQiOjE3MDA5NTAyMDMsImV4cCI6MTczMjQ4NjIwM30.Ud9ctOAyObEIOUsKHK3vCx9brwHir1hWqxkza15r1sc"
            },
            "coords": [
                [
                    13.50642,
                    59.39345
                ],
                [
                    13.50669,
                    59.39376
                ],
                [
                    13.50725,
                    59.39379
                ],
                [
                    13.50743,
                    59.39378
                ],
                [
                    13.50743,
                    59.39392
                ],
                [
                    13.50751,
                    59.39407
                ],
                [
                    13.50772,
                    59.39427
                ],
                [
                    13.50832,
                    59.39474
                ],
                [
                    13.5089,
                    59.39517
                ],
                [
                    13.50905,
                    59.39531
                ],
                [
                    13.5097,
                    59.39582
                ],
                [
                    13.51063,
                    59.3966
                ],
                [
                    13.50923,
                    59.39706
                ],
                [
                    13.50941,
                    59.39726
                ],
                [
                    13.50944,
                    59.39734
                ],
                [
                    13.50941,
                    59.3974
                ],
                [
                    13.50931,
                    59.39745
                ],
                [
                    13.5089,
                    59.39757
                ],
                [
                    13.50845,
                    59.39767
                ],
                [
                    13.50774,
                    59.3978
                ]
            ]
        }
    ],
    "apiKey": "6aa2b40327f0d79db37eaef2075ee2ac"
}