{
    "city": 2,
    "initialStart": [
        13.45435,
        59.38284
    ],
    "trips": [
        {
            "summary": {
                "distance": 274.9,
                "duration": 45
            },
            "user": {
                "id": 1417,
                "token": "eyJhbGciOiJIUzI1NiIsInR5cCI6IkpXVCJ9.eyJpZCI6MTQxNywicm9sZSI6InVzZXIiLCJpYXQiOjE3MDA5NTAyMDMsImV4cCI6MTczMjQ4NjIwM30.0OULLNY7WtnBNPWuNrChjmyrLcHIHfxf2Zs9eDCuho0"
            },
            "coords": [
                [
                    13.45435,
                    59.38284
                ],
                [
                    13.4538,
                    59.38283
                ],
                [
                    13.45372,
                    59.38284
                ],
                [
                    13.45333,
                    59.38282
                ],
                [
                    13.45321,
                    59.38284
                ],
                [
                    13.45306,
                    59.38288
                ],
                [
                    13.4525,
                    59.38317
                ],
                [
                    13.45243,
                    59.38317
                ],
                [
                    13.45154,
                    59.38309
                ],
                [
                    13.45115,
                    59.38309
                ],
                [
                    13.45068,
                    59.38303
                ],
                [
                    13.4503,
                    59.38293
                ],
                [
                    13.45023,
                    59.383
                ],
                [
                    13.45025,
                    59.383
                ],
                [
                    13.45022,
                    59.38313
                ]
            ]
        },
        {
            "summary": {
                "distance": 267.9,
                "duration": 43.8
            },
            "user": {
                "id": 1418,
                "token": "eyJhbGciOiJIUzI1NiIsInR5cCI6IkpXVCJ9.eyJpZCI6MTQxOCwicm9sZSI6InVzZXIiLCJpYXQiOjE3MDA5NTAyMDMsImV4cCI6MTczMjQ4NjIwM30.sXaHGw0FRdtu9XS9_fnlrvFAsxNndKn8VDWfeC032e4"
            },
            "coords": [
                [
                    13.45022,
                    59.38313
                ],
                [
                    13.45025,
                    59.383
                ],
                [
                    13.45023,
                    59.383
                ],
                [
                    13.4503,
                    59.38293
                ],
                [
                    13.45068,
                    59.38303
                ],
                [
                    13.45115,
                    59.38309
                ],
                [
                    13.45154,
                    59.38309
                ],
                [
                    13.45243,
                    59.38317
                ],
                [
                    13.4525,
                    59.38317
                ],
                [
                    13.45306,
                    59.38288
                ],
                [
                    13.45321,
                    59.38284
                ],
                [
                    13.45333,
                    59.38282
                ],
                [
                    13.45372,
                    59.38284
                ],
                [
                    13.4538,
                    59.38283
                ],
                [
                    13.45423,
                    59.38284
                ]
            ]
        }
    ]
}