{
    "city": 1,
    "initialStart": [
        18.06667,
        59.31134
    ],
    "trips": [
        {
            "summary": {
                "distance": 485.3,
                "duration": 109.1
            },
            "user": {
                "id": 141,
                "token": "eyJhbGciOiJIUzI1NiIsInR5cCI6IkpXVCJ9.eyJpZCI6MTQxLCJyb2xlIjoidXNlciIsImlhdCI6MTcwMDkzMjIwOSwiZXhwIjoxNzMyNDY4MjA5fQ.FS6hrb-RAYvlABB9rAScD_OJ4cLF_PYZitpxn_hINe8"
            },
            "coords": [
                [
                    18.06667,
                    59.31134
                ],
                [
                    18.06682,
                    59.31103
                ],
                [
                    18.06631,
                    59.31098
                ],
                [
                    18.06625,
                    59.31109
                ],
                [
                    18.0662,
                    59.31134
                ],
                [
                    18.06598,
                    59.31176
                ],
                [
                    18.06594,
                    59.31183
                ],
                [
                    18.06593,
                    59.31187
                ],
                [
                    18.06599,
                    59.3119
                ],
                [
                    18.06576,
                    59.31241
                ],
                [
                    18.06566,
                    59.31248
                ],
                [
                    18.06435,
                    59.31231
                ],
                [
                    18.06304,
                    59.31215
                ],
                [
                    18.06292,
                    59.31213
                ],
                [
                    18.06197,
                    59.31201
                ],
                [
                    18.06188,
                    59.31217
                ],
                [
                    18.06182,
                    59.3122
                ],
                [
                    18.06176,
                    59.31219
                ],
                [
                    18.06174,
                    59.31224
                ]
            ]
        },
        {
            "summary": {
                "distance": 746.5,
                "duration": 133.2
            },
            "user": {
                "id": 142,
                "token": "eyJhbGciOiJIUzI1NiIsInR5cCI6IkpXVCJ9.eyJpZCI6MTQyLCJyb2xlIjoidXNlciIsImlhdCI6MTcwMDkzMjIwOSwiZXhwIjoxNzMyNDY4MjA5fQ.vbLPS5I7EkR5UIKjOyoxXxs1o3T71jevqtVoW4njDgM"
            },
            "coords": [
                [
                    18.06174,
                    59.31224
                ],
                [
                    18.06176,
                    59.31219
                ],
                [
                    18.06182,
                    59.3122
                ],
                [
                    18.06188,
                    59.31217
                ],
                [
                    18.06197,
                    59.31201
                ],
                [
                    18.06292,
                    59.31213
                ],
                [
                    18.06304,
                    59.31215
                ],
                [
                    18.06435,
                    59.31231
                ],
                [
                    18.06566,
                    59.31248
                ],
                [
                    18.06576,
                    59.31241
                ],
                [
                    18.06599,
                    59.3119
                ],
                [
                    18.06593,
                    59.31187
                ],
                [
                    18.06594,
                    59.31183
                ],
                [
                    18.06598,
                    59.31176
                ],
                [
                    18.0662,
                    59.31134
                ],
                [
                    18.06625,
                    59.31109
                ],
                [
                    18.06631,
                    59.31098
                ],
                [
                    18.06646,
                    59.31075
                ],
                [
                    18.06658,
                    59.31049
                ],
                [
                    18.06639,
                    59.31043
                ],
                [
                    18.06556,
                    59.31032
                ],
                [
                    18.06528,
                    59.31022
                ],
                [
                    18.06538,
                    59.31005
                ],
                [
                    18.06557,
                    59.30967
                ],
                [
                    18.06561,
                    59.30959
                ],
                [
                    18.06576,
                    59.3093
                ],
                [
                    18.06491,
                    59.30919
                ],
                [
                    18.06475,
                    59.30913
                ],
                [
                    18.06467,
                    59.30905
                ],
                [
                    18.06456,
                    59.30896
                ]
            ]
        }
    ]
}