{
    "city": 2,
    "initialStart": [
        13.48113,
        59.37858
    ],
    "trips": [
        {
            "summary": {
                "distance": 284.7,
                "duration": 46.6
            },
            "user": {
                "id": 1431,
                "token": "eyJhbGciOiJIUzI1NiIsInR5cCI6IkpXVCJ9.eyJpZCI6MTQzMSwicm9sZSI6InVzZXIiLCJpYXQiOjE3MDA5NTA1MTUsImV4cCI6MTczMjQ4NjUxNX0.QCIrTCArCI08rwdavmBUSUUwM2zkFbluOT15tjMdQyw"
            },
            "coords": [
                [
                    13.48113,
                    59.37858
                ],
                [
                    13.48075,
                    59.3785
                ],
                [
                    13.48011,
                    59.37835
                ],
                [
                    13.48024,
                    59.3782
                ],
                [
                    13.48018,
                    59.37819
                ],
                [
                    13.48015,
                    59.37818
                ],
                [
                    13.48006,
                    59.37826
                ],
                [
                    13.47999,
                    59.37826
                ],
                [
                    13.47987,
                    59.37823
                ],
                [
                    13.47843,
                    59.3779
                ],
                [
                    13.47839,
                    59.37788
                ],
                [
                    13.47876,
                    59.37744
                ],
                [
                    13.47874,
                    59.37744
                ],
                [
                    13.47868,
                    59.37743
                ],
                [
                    13.47862,
                    59.37742
                ],
                [
                    13.47859,
                    59.37741
                ],
                [
                    13.47863,
                    59.37737
                ],
                [
                    13.47864,
                    59.37735
                ],
                [
                    13.47866,
                    59.37733
                ],
                [
                    13.4785,
                    59.37729
                ]
            ]
        },
        {
            "summary": {
                "distance": "",
                "duration": ""
            },
            "user": {
                "id": 1432,
                "token": "eyJhbGciOiJIUzI1NiIsInR5cCI6IkpXVCJ9.eyJpZCI6MTQzMiwicm9sZSI6InVzZXIiLCJpYXQiOjE3MDA5NTA1MTUsImV4cCI6MTczMjQ4NjUxNX0.KB-2KB0ImLm5mZh_zRAWuXwLVgWhHxwaHoU7l21_r0M"
            },
            "coords": [
                [
                    13.4785,
                    59.37729
                ],
                [
                    13.47866,
                    59.37733
                ],
                [
                    13.47864,
                    59.37735
                ],
                [
                    13.47863,
                    59.37737
                ],
                [
                    13.47859,
                    59.37741
                ],
                [
                    13.47862,
                    59.37742
                ],
                [
                    13.47868,
                    59.37743
                ],
                [
                    13.47823,
                    59.37795
                ],
                [
                    13.47846,
                    59.378
                ],
                [
                    13.47841,
                    59.37806
                ],
                [
                    13.47871,
                    59.37812
                ],
                [
                    13.47956,
                    59.37829
                ],
                [
                    13.47946,
                    59.37835
                ],
                [
                    13.47832,
                    59.37909
                ],
                [
                    13.47794,
                    59.37935
                ],
                [
                    13.4778,
                    59.37944
                ],
                [
                    13.47755,
                    59.37933
                ],
                [
                    13.47748,
                    59.37921
                ],
                [
                    13.47693,
                    59.37903
                ],
                [
                    13.476,
                    59.37876
                ]
            ]
        }
    ]
}