{
    "city": 1,
    "initialStart": [
        18.07859,
        59.31283
    ],
    "trips": [
        {
            "summary": {
                "distance": 458.7,
                "duration": 75
            },
            "user": {
                "id": 143,
                "token": "eyJhbGciOiJIUzI1NiIsInR5cCI6IkpXVCJ9.eyJpZCI6MTQzLCJyb2xlIjoidXNlciIsImlhdCI6MTcwMDkzMjIwOSwiZXhwIjoxNzMyNDY4MjA5fQ.vdbgfBCRVoLt-0k8p-2yRPHa5g44qCLUBNFFtDXA4j0"
            },
            "coords": [
                [
                    18.07859,
                    59.31283
                ],
                [
                    18.07746,
                    59.31269
                ],
                [
                    18.07715,
                    59.31332
                ],
                [
                    18.07686,
                    59.31385
                ],
                [
                    18.07681,
                    59.3139
                ],
                [
                    18.07653,
                    59.31448
                ],
                [
                    18.07649,
                    59.31456
                ],
                [
                    18.07647,
                    59.31462
                ],
                [
                    18.07645,
                    59.31469
                ],
                [
                    18.07622,
                    59.31518
                ],
                [
                    18.07609,
                    59.31515
                ],
                [
                    18.07525,
                    59.31504
                ],
                [
                    18.07504,
                    59.31548
                ]
            ]
        },
        {
            "summary": {
                "distance": 554.2,
                "duration": 90.7
            },
            "user": {
                "id": 144,
                "token": "eyJhbGciOiJIUzI1NiIsInR5cCI6IkpXVCJ9.eyJpZCI6MTQ0LCJyb2xlIjoidXNlciIsImlhdCI6MTcwMDkzMjIwOSwiZXhwIjoxNzMyNDY4MjA5fQ.CChQDyRksVdE_1IOEgXVJW5O2f3FszhmrrcWQ9JxpVs"
            },
            "coords": [
                [
                    18.07504,
                    59.31548
                ],
                [
                    18.07525,
                    59.31504
                ],
                [
                    18.07512,
                    59.31503
                ],
                [
                    18.07477,
                    59.31498
                ],
                [
                    18.07334,
                    59.31479
                ],
                [
                    18.07314,
                    59.31476
                ],
                [
                    18.07322,
                    59.31485
                ],
                [
                    18.07302,
                    59.31532
                ],
                [
                    18.07293,
                    59.31546
                ],
                [
                    18.0728,
                    59.3156
                ],
                [
                    18.07259,
                    59.31572
                ],
                [
                    18.07255,
                    59.31577
                ],
                [
                    18.07219,
                    59.31649
                ],
                [
                    18.07213,
                    59.31654
                ],
                [
                    18.07206,
                    59.31654
                ],
                [
                    18.07184,
                    59.31651
                ],
                [
                    18.07097,
                    59.3164
                ],
                [
                    18.07083,
                    59.31635
                ],
                [
                    18.07041,
                    59.31629
                ],
                [
                    18.07022,
                    59.31629
                ],
                [
                    18.06992,
                    59.31625
                ],
                [
                    18.06925,
                    59.31616
                ]
            ]
        }
    ]
}