{
    "city": 2,
    "initialStart": [
        13.49691,
        59.40296
    ],
    "trips": [
        {
            "summary": {
                "distance": 232.6,
                "duration": 48
            },
            "user": {
                "id": 1439,
                "token": "eyJhbGciOiJIUzI1NiIsInR5cCI6IkpXVCJ9.eyJpZCI6MTQzOSwicm9sZSI6InVzZXIiLCJpYXQiOjE3MDA5NTA1MTYsImV4cCI6MTczMjQ4NjUxNn0.uY0CoSnpEZUaNp8oAYNmJvilgLZpAJGwkZrP99TG-7M"
            },
            "coords": [
                [
                    13.49691,
                    59.40296
                ],
                [
                    13.49639,
                    59.40293
                ],
                [
                    13.49627,
                    59.40292
                ],
                [
                    13.4962,
                    59.40312
                ],
                [
                    13.4958,
                    59.40302
                ],
                [
                    13.49551,
                    59.40295
                ],
                [
                    13.49542,
                    59.40293
                ],
                [
                    13.49516,
                    59.40286
                ],
                [
                    13.49513,
                    59.40285
                ],
                [
                    13.49481,
                    59.40277
                ],
                [
                    13.49456,
                    59.40271
                ],
                [
                    13.49431,
                    59.40264
                ],
                [
                    13.49418,
                    59.40255
                ],
                [
                    13.49422,
                    59.40254
                ],
                [
                    13.49393,
                    59.4023
                ],
                [
                    13.49381,
                    59.40234
                ]
            ]
        },
        {
            "summary": {
                "distance": 297.1,
                "duration": 56.3
            },
            "user": {
                "id": 1440,
                "token": "eyJhbGciOiJIUzI1NiIsInR5cCI6IkpXVCJ9.eyJpZCI6MTQ0MCwicm9sZSI6InVzZXIiLCJpYXQiOjE3MDA5NTA1MTYsImV4cCI6MTczMjQ4NjUxNn0.LJfRWzldCBehkmjcDEziHMZj-STZ5gohCMFgSPM68nA"
            },
            "coords": [
                [
                    13.49381,
                    59.40234
                ],
                [
                    13.49393,
                    59.4023
                ],
                [
                    13.49422,
                    59.40254
                ],
                [
                    13.49418,
                    59.40255
                ],
                [
                    13.49431,
                    59.40264
                ],
                [
                    13.49456,
                    59.40271
                ],
                [
                    13.49481,
                    59.40277
                ],
                [
                    13.49513,
                    59.40285
                ],
                [
                    13.49516,
                    59.40286
                ],
                [
                    13.49542,
                    59.40293
                ],
                [
                    13.49551,
                    59.40295
                ],
                [
                    13.4958,
                    59.40302
                ],
                [
                    13.4962,
                    59.40312
                ],
                [
                    13.49585,
                    59.40414
                ],
                [
                    13.49593,
                    59.40415
                ],
                [
                    13.49594,
                    59.40413
                ]
            ]
        }
    ]
}