{
    "city": 2,
    "initialStart": [
        13.53123,
        59.38651
    ],
    "trips": [
        {
            "summary": {
                "distance": 328.4,
                "duration": 57.3
            },
            "user": {
                "id": 1443,
                "token": "eyJhbGciOiJIUzI1NiIsInR5cCI6IkpXVCJ9.eyJpZCI6MTQ0Mywicm9sZSI6InVzZXIiLCJpYXQiOjE3MDA5NTA1MTcsImV4cCI6MTczMjQ4NjUxN30.CQxN7Ld-JbkunLJGnxADUfkkjeN4KOgKHb4JTd-PVXA"
            },
            "coords": [
                [
                    13.53123,
                    59.38651
                ],
                [
                    13.53146,
                    59.38671
                ],
                [
                    13.53161,
                    59.38678
                ],
                [
                    13.532,
                    59.38679
                ],
                [
                    13.53201,
                    59.38693
                ],
                [
                    13.53199,
                    59.38715
                ],
                [
                    13.53255,
                    59.38723
                ],
                [
                    13.53284,
                    59.38724
                ],
                [
                    13.53359,
                    59.38727
                ],
                [
                    13.53367,
                    59.3879
                ],
                [
                    13.53357,
                    59.38821
                ],
                [
                    13.53346,
                    59.38837
                ],
                [
                    13.53342,
                    59.38848
                ]
            ]
        },
        {
            "summary": {
                "distance": 465.1,
                "duration": 76.1
            },
            "user": {
                "id": 1444,
                "token": "eyJhbGciOiJIUzI1NiIsInR5cCI6IkpXVCJ9.eyJpZCI6MTQ0NCwicm9sZSI6InVzZXIiLCJpYXQiOjE3MDA5NTA1MTcsImV4cCI6MTczMjQ4NjUxN30.Om3Bbx1GajcMeq8ODELPNRYK3rX1o7_e86dfVqcQuXU"
            },
            "coords": [
                [
                    13.53342,
                    59.38848
                ],
                [
                    13.53338,
                    59.38858
                ],
                [
                    13.53335,
                    59.38864
                ],
                [
                    13.53329,
                    59.38881
                ],
                [
                    13.53333,
                    59.38891
                ],
                [
                    13.53339,
                    59.38897
                ],
                [
                    13.53407,
                    59.3896
                ],
                [
                    13.53424,
                    59.38986
                ],
                [
                    13.53428,
                    59.39001
                ],
                [
                    13.53422,
                    59.39094
                ],
                [
                    13.53417,
                    59.39135
                ],
                [
                    13.5336,
                    59.39131
                ],
                [
                    13.53282,
                    59.39131
                ],
                [
                    13.53227,
                    59.39128
                ],
                [
                    13.53213,
                    59.39125
                ],
                [
                    13.53193,
                    59.39116
                ]
            ]
        }
    ]
}