{
    "city": 2,
    "initialStart": [
        13.52126,
        59.39164
    ],
    "trips": [
        {
            "summary": {
                "distance": 294.7,
                "duration": 48.2
            },
            "user": {
                "id": 1445,
                "token": "eyJhbGciOiJIUzI1NiIsInR5cCI6IkpXVCJ9.eyJpZCI6MTQ0NSwicm9sZSI6InVzZXIiLCJpYXQiOjE3MDA5NTA1MTcsImV4cCI6MTczMjQ4NjUxN30.wGIoiIVc-_W7UvICdX4IeL4Wba1KF_j8OLVX9aUSvw0"
            },
            "coords": [
                [
                    13.52126,
                    59.39164
                ],
                [
                    13.52136,
                    59.39178
                ],
                [
                    13.52147,
                    59.39198
                ],
                [
                    13.52151,
                    59.39207
                ],
                [
                    13.52173,
                    59.39242
                ],
                [
                    13.52177,
                    59.39249
                ],
                [
                    13.52192,
                    59.39255
                ],
                [
                    13.52216,
                    59.39274
                ],
                [
                    13.52192,
                    59.39285
                ],
                [
                    13.52211,
                    59.39315
                ],
                [
                    13.52291,
                    59.39307
                ],
                [
                    13.52317,
                    59.39349
                ],
                [
                    13.52324,
                    59.3936
                ]
            ]
        },
        {
            "summary": {
                "distance": 619.9,
                "duration": 101.4
            },
            "user": {
                "id": 1446,
                "token": "eyJhbGciOiJIUzI1NiIsInR5cCI6IkpXVCJ9.eyJpZCI6MTQ0Niwicm9sZSI6InVzZXIiLCJpYXQiOjE3MDA5NTA1MTgsImV4cCI6MTczMjQ4NjUxOH0.G3aBWYIod8JM7cIslpUy0UfqkN1VHNA2-wX13F6QIAk"
            },
            "coords": [
                [
                    13.52324,
                    59.3936
                ],
                [
                    13.52356,
                    59.39404
                ],
                [
                    13.52275,
                    59.39422
                ],
                [
                    13.52301,
                    59.39436
                ],
                [
                    13.52334,
                    59.39449
                ],
                [
                    13.52377,
                    59.39461
                ],
                [
                    13.52479,
                    59.39483
                ],
                [
                    13.52475,
                    59.39492
                ],
                [
                    13.52452,
                    59.39518
                ],
                [
                    13.52429,
                    59.3954
                ],
                [
                    13.52409,
                    59.3956
                ],
                [
                    13.52366,
                    59.39547
                ],
                [
                    13.52349,
                    59.39561
                ],
                [
                    13.52333,
                    59.39574
                ],
                [
                    13.5232,
                    59.39586
                ],
                [
                    13.52005,
                    59.39489
                ]
            ]
        }
    ]
}