{
    "city": 2,
    "initialStart": [
        13.57742,
        59.4139
    ],
    "trips": [
        {
            "summary": {
                "distance": 323.2,
                "duration": 83.9
            },
            "user": {
                "id": 1447,
                "token": "eyJhbGciOiJIUzI1NiIsInR5cCI6IkpXVCJ9.eyJpZCI6MTQ0Nywicm9sZSI6InVzZXIiLCJpYXQiOjE3MDA5NTA1MTgsImV4cCI6MTczMjQ4NjUxOH0.OsMM8sj9Kxfa0onHJWkJJ5KvIYg8LVpGZ-3jbmqPS8M"
            },
            "coords": [
                [
                    13.57742,
                    59.4139
                ],
                [
                    13.57699,
                    59.41369
                ],
                [
                    13.57661,
                    59.41357
                ],
                [
                    13.57637,
                    59.41356
                ],
                [
                    13.57628,
                    59.41354
                ],
                [
                    13.57613,
                    59.41349
                ],
                [
                    13.57587,
                    59.4135
                ],
                [
                    13.57575,
                    59.41354
                ],
                [
                    13.57543,
                    59.41362
                ],
                [
                    13.57534,
                    59.41361
                ],
                [
                    13.57514,
                    59.41361
                ],
                [
                    13.57502,
                    59.41365
                ],
                [
                    13.57483,
                    59.41366
                ],
                [
                    13.57443,
                    59.41372
                ],
                [
                    13.57356,
                    59.41387
                ],
                [
                    13.57341,
                    59.41366
                ],
                [
                    13.5731,
                    59.41358
                ],
                [
                    13.57302,
                    59.41347
                ],
                [
                    13.57305,
                    59.41343
                ],
                [
                    13.57291,
                    59.41327
                ]
            ]
        },
        {
            "summary": {
                "distance": "",
                "duration": ""
            },
            "user": {
                "id": 1448,
                "token": "eyJhbGciOiJIUzI1NiIsInR5cCI6IkpXVCJ9.eyJpZCI6MTQ0OCwicm9sZSI6InVzZXIiLCJpYXQiOjE3MDA5NTA1MTgsImV4cCI6MTczMjQ4NjUxOH0.ZbaVtNd0m1J8qq04gcbDP45BdH4kclUD3kN0Xj-QPUw"
            },
            "coords": [
                [
                    13.57291,
                    59.41327
                ],
                [
                    13.57305,
                    59.41343
                ],
                [
                    13.57302,
                    59.41347
                ],
                [
                    13.5731,
                    59.41358
                ],
                [
                    13.57268,
                    59.41365
                ],
                [
                    13.57283,
                    59.41386
                ],
                [
                    13.5729,
                    59.41385
                ],
                [
                    13.57304,
                    59.41387
                ],
                [
                    13.57315,
                    59.41393
                ],
                [
                    13.57315,
                    59.41402
                ],
                [
                    13.57306,
                    59.41407
                ],
                [
                    13.573,
                    59.41409
                ],
                [
                    13.57282,
                    59.41408
                ],
                [
                    13.5727,
                    59.41401
                ],
                [
                    13.57231,
                    59.41408
                ],
                [
                    13.57173,
                    59.4142
                ],
                [
                    13.57148,
                    59.41428
                ],
                [
                    13.57124,
                    59.41436
                ],
                [
                    13.57105,
                    59.41439
                ],
                [
                    13.57083,
                    59.4144
                ]
            ]
        }
    ],
    "apiKey": "3412d504b213fc16141bdd8c5d493b9a"
}