{
    "city": 1,
    "initialStart": [
        18.09297,
        59.31579
    ],
    "trips": [
        {
            "summary": {
                "distance": 495.8,
                "duration": 87.1
            },
            "user": {
                "id": 145,
                "token": "eyJhbGciOiJIUzI1NiIsInR5cCI6IkpXVCJ9.eyJpZCI6MTQ1LCJyb2xlIjoidXNlciIsImlhdCI6MTcwMDkzMjIwOSwiZXhwIjoxNzMyNDY4MjA5fQ.XUVA_sOMDYIOFdJsZ6288QFCoE_0Mh17T_9R09ep90k"
            },
            "coords": [
                [
                    18.09297,
                    59.31579
                ],
                [
                    18.09276,
                    59.31577
                ],
                [
                    18.09278,
                    59.31569
                ],
                [
                    18.09248,
                    59.31568
                ],
                [
                    18.0921,
                    59.3157
                ],
                [
                    18.09201,
                    59.31573
                ],
                [
                    18.09121,
                    59.31581
                ],
                [
                    18.09016,
                    59.31588
                ],
                [
                    18.09005,
                    59.31587
                ],
                [
                    18.08991,
                    59.31587
                ],
                [
                    18.08991,
                    59.31576
                ],
                [
                    18.08991,
                    59.31573
                ],
                [
                    18.09,
                    59.31563
                ],
                [
                    18.09009,
                    59.31557
                ],
                [
                    18.0901,
                    59.31551
                ],
                [
                    18.09016,
                    59.31458
                ],
                [
                    18.08891,
                    59.31463
                ],
                [
                    18.0883,
                    59.31465
                ],
                [
                    18.08769,
                    59.31463
                ],
                [
                    18.08728,
                    59.3146
                ]
            ]
        },
        {
            "summary": {
                "distance": 345.7,
                "duration": 56.6
            },
            "user": {
                "id": 146,
                "token": "eyJhbGciOiJIUzI1NiIsInR5cCI6IkpXVCJ9.eyJpZCI6MTQ2LCJyb2xlIjoidXNlciIsImlhdCI6MTcwMDkzMjIxMCwiZXhwIjoxNzMyNDY4MjEwfQ.roRHZwQ5Kt7SYzQMDHQv15Ow683uOd3ehexvX_h-IsE"
            },
            "coords": [
                [
                    18.08728,
                    59.3146
                ],
                [
                    18.08769,
                    59.31463
                ],
                [
                    18.0883,
                    59.31465
                ],
                [
                    18.08891,
                    59.31463
                ],
                [
                    18.09016,
                    59.31458
                ],
                [
                    18.09043,
                    59.31459
                ],
                [
                    18.09133,
                    59.31455
                ],
                [
                    18.09154,
                    59.31451
                ],
                [
                    18.09212,
                    59.31448
                ],
                [
                    18.09277,
                    59.31446
                ],
                [
                    18.09334,
                    59.31443
                ]
            ]
        }
    ]
}