{
    "city": 2,
    "initialStart": [
        13.48582,
        59.3769
    ],
    "trips": [
        {
            "summary": {
                "distance": 281,
                "duration": 46
            },
            "user": {
                "id": 1459,
                "token": "eyJhbGciOiJIUzI1NiIsInR5cCI6IkpXVCJ9.eyJpZCI6MTQ1OSwicm9sZSI6InVzZXIiLCJpYXQiOjE3MDA5NTA1MTksImV4cCI6MTczMjQ4NjUxOX0.ysnZ1ARY6uLFq_4N0aY1ia-RtLcYUOGTkL14ClOQqQI"
            },
            "coords": [
                [
                    13.48582,
                    59.3769
                ],
                [
                    13.48561,
                    59.3769
                ],
                [
                    13.48561,
                    59.37766
                ],
                [
                    13.48597,
                    59.37792
                ],
                [
                    13.48601,
                    59.37795
                ],
                [
                    13.48638,
                    59.37828
                ],
                [
                    13.48683,
                    59.37855
                ],
                [
                    13.48661,
                    59.37879
                ],
                [
                    13.4864,
                    59.37907
                ]
            ]
        },
        {
            "summary": {
                "distance": "",
                "duration": ""
            },
            "user": {
                "id": 1460,
                "token": "eyJhbGciOiJIUzI1NiIsInR5cCI6IkpXVCJ9.eyJpZCI6MTQ2MCwicm9sZSI6InVzZXIiLCJpYXQiOjE3MDA5NTA1MTksImV4cCI6MTczMjQ4NjUxOX0.F4ErH_gd8IWx_mFKvIXpjc2-Ro7Ad6F4r1zzrlxxymQ"
            },
            "coords": [
                [
                    13.4864,
                    59.37907
                ],
                [
                    13.48619,
                    59.37935
                ],
                [
                    13.48611,
                    59.37937
                ],
                [
                    13.48619,
                    59.37963
                ],
                [
                    13.48617,
                    59.37968
                ],
                [
                    13.48682,
                    59.37981
                ],
                [
                    13.48744,
                    59.37985
                ],
                [
                    13.48744,
                    59.37976
                ],
                [
                    13.48728,
                    59.37973
                ],
                [
                    13.48708,
                    59.37971
                ],
                [
                    13.487,
                    59.37971
                ],
                [
                    13.48684,
                    59.37975
                ],
                [
                    13.48595,
                    59.38026
                ],
                [
                    13.48513,
                    59.38075
                ],
                [
                    13.4851,
                    59.38078
                ],
                [
                    13.4851,
                    59.38081
                ],
                [
                    13.48504,
                    59.3809
                ],
                [
                    13.48466,
                    59.38118
                ],
                [
                    13.4849,
                    59.38116
                ],
                [
                    13.48522,
                    59.38106
                ]
            ]
        }
    ]
}