{
    "city": 2,
    "initialStart": [
        13.55239,
        59.41608
    ],
    "trips": [
        {
            "summary": {
                "distance": 475.9,
                "duration": 119.9
            },
            "user": {
                "id": 1461,
                "token": "eyJhbGciOiJIUzI1NiIsInR5cCI6IkpXVCJ9.eyJpZCI6MTQ2MSwicm9sZSI6InVzZXIiLCJpYXQiOjE3MDA5NTA1MTksImV4cCI6MTczMjQ4NjUxOX0.RCcqlqsuXrZvGfHhySw5DPH1iZqS0jxpdetykv_1xOc"
            },
            "coords": [
                [
                    13.55239,
                    59.41608
                ],
                [
                    13.55232,
                    59.41564
                ],
                [
                    13.55233,
                    59.41555
                ],
                [
                    13.55258,
                    59.41546
                ],
                [
                    13.55302,
                    59.41543
                ],
                [
                    13.5531,
                    59.41516
                ],
                [
                    13.55365,
                    59.41482
                ],
                [
                    13.55409,
                    59.41472
                ],
                [
                    13.55425,
                    59.41468
                ],
                [
                    13.55487,
                    59.41518
                ],
                [
                    13.5551,
                    59.41548
                ],
                [
                    13.55564,
                    59.41587
                ],
                [
                    13.55576,
                    59.41598
                ],
                [
                    13.55598,
                    59.41602
                ],
                [
                    13.55608,
                    59.41565
                ],
                [
                    13.55628,
                    59.41536
                ]
            ]
        },
        {
            "summary": {
                "distance": 241.2,
                "duration": 54.3
            },
            "user": {
                "id": 1462,
                "token": "eyJhbGciOiJIUzI1NiIsInR5cCI6IkpXVCJ9.eyJpZCI6MTQ2Miwicm9sZSI6InVzZXIiLCJpYXQiOjE3MDA5NTA1MTksImV4cCI6MTczMjQ4NjUxOX0.ers7Gny71ySbJ9jgdI79ueU8iCqe4yl8HHs6572vTww"
            },
            "coords": [
                [
                    13.55628,
                    59.41536
                ],
                [
                    13.55635,
                    59.41527
                ],
                [
                    13.55665,
                    59.41478
                ],
                [
                    13.55655,
                    59.41437
                ],
                [
                    13.55646,
                    59.41423
                ],
                [
                    13.55639,
                    59.41407
                ],
                [
                    13.55643,
                    59.4139
                ],
                [
                    13.55656,
                    59.41367
                ],
                [
                    13.5568,
                    59.41327
                ]
            ]
        }
    ],
    "apiKey": "670e1f3c99990f6e973287a432854d8d"
}