{
    "city": 2,
    "initialStart": [
        13.46826,
        59.3883
    ],
    "trips": [
        {
            "summary": {
                "distance": 380,
                "duration": 62.6
            },
            "user": {
                "id": 1467,
                "token": "eyJhbGciOiJIUzI1NiIsInR5cCI6IkpXVCJ9.eyJpZCI6MTQ2Nywicm9sZSI6InVzZXIiLCJpYXQiOjE3MDA5NTA5MzgsImV4cCI6MTczMjQ4NjkzOH0.6x3Nq8mfXL-HHf1kd1KOjjVp9Io8xq7vf9syi83zU2U"
            },
            "coords": [
                [
                    13.46826,
                    59.3883
                ],
                [
                    13.46952,
                    59.38843
                ],
                [
                    13.46977,
                    59.38842
                ],
                [
                    13.47003,
                    59.38838
                ],
                [
                    13.47029,
                    59.38827
                ],
                [
                    13.47044,
                    59.38814
                ],
                [
                    13.4705,
                    59.38802
                ],
                [
                    13.47052,
                    59.38799
                ],
                [
                    13.47073,
                    59.38802
                ],
                [
                    13.47076,
                    59.38792
                ],
                [
                    13.47076,
                    59.38775
                ],
                [
                    13.47092,
                    59.38734
                ],
                [
                    13.47129,
                    59.38649
                ],
                [
                    13.47191,
                    59.38645
                ],
                [
                    13.47196,
                    59.38644
                ]
            ]
        },
        {
            "summary": {
                "distance": 387.2,
                "duration": 71.1
            },
            "user": {
                "id": 1468,
                "token": "eyJhbGciOiJIUzI1NiIsInR5cCI6IkpXVCJ9.eyJpZCI6MTQ2OCwicm9sZSI6InVzZXIiLCJpYXQiOjE3MDA5NTA5MzksImV4cCI6MTczMjQ4NjkzOX0.1xg41oamHWDzq70tAvOWWsFk0KuQc2unv-x0ARzXsAE"
            },
            "coords": [
                [
                    13.47196,
                    59.38644
                ],
                [
                    13.47223,
                    59.38641
                ],
                [
                    13.47326,
                    59.38616
                ],
                [
                    13.47403,
                    59.38616
                ],
                [
                    13.47441,
                    59.38607
                ],
                [
                    13.47456,
                    59.38609
                ],
                [
                    13.47451,
                    59.38625
                ],
                [
                    13.47441,
                    59.38656
                ],
                [
                    13.47432,
                    59.38686
                ],
                [
                    13.47412,
                    59.38755
                ],
                [
                    13.47399,
                    59.38812
                ],
                [
                    13.47399,
                    59.38815
                ]
            ]
        }
    ],
    "apiKey": "f359d8a873a55dbfaee96571f96c3fbf"
}