{
    "city": 2,
    "initialStart": [
        13.48713,
        59.38279
    ],
    "trips": [
        {
            "summary": {
                "distance": 418,
                "duration": 68.4
            },
            "user": {
                "id": 1469,
                "token": "eyJhbGciOiJIUzI1NiIsInR5cCI6IkpXVCJ9.eyJpZCI6MTQ2OSwicm9sZSI6InVzZXIiLCJpYXQiOjE3MDA5NTA5MzksImV4cCI6MTczMjQ4NjkzOX0.rLq3n6jhl5rawfhZRzFzht1TYQ8xuAZ-xu02I2jqrcs"
            },
            "coords": [
                [
                    13.48713,
                    59.38279
                ],
                [
                    13.4871,
                    59.38295
                ],
                [
                    13.48641,
                    59.38284
                ],
                [
                    13.48583,
                    59.38269
                ],
                [
                    13.4854,
                    59.38252
                ],
                [
                    13.48418,
                    59.38199
                ],
                [
                    13.4842,
                    59.38198
                ],
                [
                    13.48381,
                    59.38182
                ],
                [
                    13.48466,
                    59.38118
                ],
                [
                    13.4849,
                    59.38116
                ],
                [
                    13.48522,
                    59.38106
                ],
                [
                    13.48558,
                    59.38084
                ],
                [
                    13.48544,
                    59.38079
                ],
                [
                    13.48532,
                    59.38076
                ]
            ]
        },
        {
            "summary": {
                "distance": "",
                "duration": ""
            },
            "user": {
                "id": 1470,
                "token": "eyJhbGciOiJIUzI1NiIsInR5cCI6IkpXVCJ9.eyJpZCI6MTQ3MCwicm9sZSI6InVzZXIiLCJpYXQiOjE3MDA5NTA5MzksImV4cCI6MTczMjQ4NjkzOX0.XcxB2o1ycZpG23O48QrLluKrLIm3CCUqSyt68tBaDog"
            },
            "coords": [
                [
                    13.48532,
                    59.38076
                ],
                [
                    13.48544,
                    59.38079
                ],
                [
                    13.48558,
                    59.38084
                ],
                [
                    13.48522,
                    59.38106
                ],
                [
                    13.4849,
                    59.38116
                ],
                [
                    13.48466,
                    59.38118
                ],
                [
                    13.48504,
                    59.3809
                ],
                [
                    13.4851,
                    59.38081
                ],
                [
                    13.4851,
                    59.38078
                ],
                [
                    13.48513,
                    59.38075
                ],
                [
                    13.48595,
                    59.38026
                ],
                [
                    13.48684,
                    59.37975
                ],
                [
                    13.487,
                    59.37971
                ],
                [
                    13.48708,
                    59.37971
                ],
                [
                    13.48728,
                    59.37973
                ],
                [
                    13.48744,
                    59.37976
                ],
                [
                    13.48744,
                    59.37985
                ],
                [
                    13.48682,
                    59.37981
                ],
                [
                    13.48617,
                    59.37968
                ],
                [
                    13.48619,
                    59.37963
                ]
            ]
        }
    ]
}