{
    "city": 2,
    "initialStart": [
        13.556,
        59.39854
    ],
    "trips": [
        {
            "summary": {
                "distance": 293.3,
                "duration": 49.4
            },
            "user": {
                "id": 1471,
                "token": "eyJhbGciOiJIUzI1NiIsInR5cCI6IkpXVCJ9.eyJpZCI6MTQ3MSwicm9sZSI6InVzZXIiLCJpYXQiOjE3MDA5NTA5MzksImV4cCI6MTczMjQ4NjkzOX0.LB7hViqhoAmLzbjagVcKYhgNVKzE0WVJmjq99oAkyyw"
            },
            "coords": [
                [
                    13.556,
                    59.39854
                ],
                [
                    13.55614,
                    59.39881
                ],
                [
                    13.55603,
                    59.39883
                ],
                [
                    13.55573,
                    59.39888
                ],
                [
                    13.55557,
                    59.39893
                ],
                [
                    13.55556,
                    59.399
                ],
                [
                    13.55575,
                    59.39902
                ],
                [
                    13.55579,
                    59.39904
                ],
                [
                    13.55609,
                    59.39937
                ],
                [
                    13.55627,
                    59.39951
                ],
                [
                    13.55651,
                    59.39962
                ],
                [
                    13.55724,
                    59.39987
                ],
                [
                    13.55739,
                    59.40002
                ],
                [
                    13.55721,
                    59.40006
                ],
                [
                    13.55744,
                    59.40031
                ],
                [
                    13.55753,
                    59.40046
                ]
            ]
        },
        {
            "summary": {
                "distance": 598.8,
                "duration": 98
            },
            "user": {
                "id": 1472,
                "token": "eyJhbGciOiJIUzI1NiIsInR5cCI6IkpXVCJ9.eyJpZCI6MTQ3Miwicm9sZSI6InVzZXIiLCJpYXQiOjE3MDA5NTA5MzksImV4cCI6MTczMjQ4NjkzOX0.FRv_bwuvJA_6TotBUAWlg4VWwTWDelwN18rs4n1kDfc"
            },
            "coords": [
                [
                    13.55753,
                    59.40046
                ],
                [
                    13.55816,
                    59.40153
                ],
                [
                    13.55841,
                    59.40194
                ],
                [
                    13.55884,
                    59.40263
                ],
                [
                    13.55822,
                    59.40269
                ],
                [
                    13.55765,
                    59.40279
                ],
                [
                    13.55763,
                    59.40282
                ],
                [
                    13.55732,
                    59.4029
                ],
                [
                    13.55643,
                    59.40317
                ],
                [
                    13.55612,
                    59.40294
                ],
                [
                    13.55556,
                    59.40263
                ],
                [
                    13.55509,
                    59.40245
                ],
                [
                    13.55458,
                    59.40235
                ],
                [
                    13.55399,
                    59.40229
                ],
                [
                    13.55365,
                    59.40229
                ]
            ]
        }
    ],
    "apiKey": "8131f9f0b5366b6e73cacfeb14f52b6e"
}