{
    "city": 2,
    "initialStart": [
        13.54191,
        59.40533
    ],
    "trips": [
        {
            "summary": {
                "distance": 277.9,
                "duration": 45.5
            },
            "user": {
                "id": 1477,
                "token": "eyJhbGciOiJIUzI1NiIsInR5cCI6IkpXVCJ9.eyJpZCI6MTQ3Nywicm9sZSI6InVzZXIiLCJpYXQiOjE3MDA5NTA5MzksImV4cCI6MTczMjQ4NjkzOX0.Y29kBlMdWC7U5nStERu67vr4kh4XnqWMkFWvDwDKnT8"
            },
            "coords": [
                [
                    13.54191,
                    59.40533
                ],
                [
                    13.54182,
                    59.40531
                ],
                [
                    13.54107,
                    59.40516
                ],
                [
                    13.54112,
                    59.40538
                ],
                [
                    13.54103,
                    59.40552
                ],
                [
                    13.5409,
                    59.40565
                ],
                [
                    13.53999,
                    59.40625
                ],
                [
                    13.53981,
                    59.40641
                ],
                [
                    13.53947,
                    59.4067
                ],
                [
                    13.53906,
                    59.4066
                ],
                [
                    13.53904,
                    59.4066
                ]
            ]
        },
        {
            "summary": {
                "distance": 307.6,
                "duration": 50.3
            },
            "user": {
                "id": 1478,
                "token": "eyJhbGciOiJIUzI1NiIsInR5cCI6IkpXVCJ9.eyJpZCI6MTQ3OCwicm9sZSI6InVzZXIiLCJpYXQiOjE3MDA5NTA5NDAsImV4cCI6MTczMjQ4Njk0MH0.yBHUZtNxebG3huZJIsunkdrUkTIZGH2RvsxfK-esNho"
            },
            "coords": [
                [
                    13.53904,
                    59.4066
                ],
                [
                    13.53855,
                    59.4064
                ],
                [
                    13.53832,
                    59.40628
                ],
                [
                    13.53793,
                    59.40593
                ],
                [
                    13.53755,
                    59.40523
                ],
                [
                    13.53638,
                    59.40546
                ],
                [
                    13.53608,
                    59.40497
                ]
            ]
        }
    ],
    "apiKey": "c74bc4c4fb3415bcd4cd1c4f02478b0d"
}