{
    "city": 1,
    "initialStart": [
        18.02785,
        59.34952
    ],
    "trips": [
        {
            "summary": {
                "distance": 653,
                "duration": 136.7
            },
            "user": {
                "id": 147,
                "token": "eyJhbGciOiJIUzI1NiIsInR5cCI6IkpXVCJ9.eyJpZCI6MTQ3LCJyb2xlIjoidXNlciIsImlhdCI6MTcwMDkzMjM4OCwiZXhwIjoxNzMyNDY4Mzg4fQ.7og-eUvDSyp5DtnZmXQPL6UjNqY9kp9A0Zzr6Q3YlZU"
            },
            "coords": [
                [
                    18.02785,
                    59.34952
                ],
                [
                    18.02735,
                    59.34935
                ],
                [
                    18.02726,
                    59.34938
                ],
                [
                    18.02759,
                    59.34949
                ],
                [
                    18.02879,
                    59.3499
                ],
                [
                    18.02966,
                    59.35023
                ],
                [
                    18.02974,
                    59.35029
                ],
                [
                    18.0288,
                    59.35091
                ],
                [
                    18.02875,
                    59.35097
                ],
                [
                    18.02876,
                    59.35109
                ],
                [
                    18.02885,
                    59.35113
                ],
                [
                    18.02991,
                    59.35154
                ],
                [
                    18.02997,
                    59.3515
                ],
                [
                    18.03097,
                    59.35087
                ],
                [
                    18.03123,
                    59.35096
                ],
                [
                    18.03133,
                    59.351
                ],
                [
                    18.03138,
                    59.35096
                ],
                [
                    18.0316,
                    59.35083
                ],
                [
                    18.03204,
                    59.35061
                ],
                [
                    18.03244,
                    59.35084
                ],
                [
                    18.03272,
                    59.35071
                ],
                [
                    18.03293,
                    59.35065
                ]
            ]
        },
        {
            "summary": {
                "distance": 1115,
                "duration": 209.1
            },
            "user": {
                "id": 148,
                "token": "eyJhbGciOiJIUzI1NiIsInR5cCI6IkpXVCJ9.eyJpZCI6MTQ4LCJyb2xlIjoidXNlciIsImlhdCI6MTcwMDkzMjM4OSwiZXhwIjoxNzMyNDY4Mzg5fQ.voJsUwxZ7bddgwC3zw1PNSJ_oUqVVz5EeDC-L9jb4ms"
            },
            "coords": [
                [
                    18.03293,
                    59.35065
                ],
                [
                    18.03272,
                    59.35071
                ],
                [
                    18.03244,
                    59.35084
                ],
                [
                    18.03204,
                    59.35061
                ],
                [
                    18.0316,
                    59.35083
                ],
                [
                    18.03138,
                    59.35096
                ],
                [
                    18.03133,
                    59.351
                ],
                [
                    18.03123,
                    59.35096
                ],
                [
                    18.03128,
                    59.35093
                ],
                [
                    18.03195,
                    59.35046
                ],
                [
                    18.03275,
                    59.34995
                ],
                [
                    18.03328,
                    59.34946
                ],
                [
                    18.03342,
                    59.34933
                ],
                [
                    18.03345,
                    59.3493
                ],
                [
                    18.03369,
                    59.34907
                ],
                [
                    18.03231,
                    59.34866
                ],
                [
                    18.03222,
                    59.34864
                ],
                [
                    18.03206,
                    59.34859
                ],
                [
                    18.03215,
                    59.34852
                ],
                [
                    18.03224,
                    59.34844
                ],
                [
                    18.03249,
                    59.34818
                ],
                [
                    18.03269,
                    59.34797
                ],
                [
                    18.03338,
                    59.34729
                ],
                [
                    18.03342,
                    59.34725
                ],
                [
                    18.03414,
                    59.34655
                ],
                [
                    18.0342,
                    59.3465
                ],
                [
                    18.03426,
                    59.34646
                ],
                [
                    18.03435,
                    59.34641
                ],
                [
                    18.03451,
                    59.34647
                ],
                [
                    18.03654,
                    59.34726
                ],
                [
                    18.0376,
                    59.34765
                ],
                [
                    18.03777,
                    59.3477
                ],
                [
                    18.03763,
                    59.34768
                ],
                [
                    18.03757,
                    59.34771
                ],
                [
                    18.03765,
                    59.34774
                ],
                [
                    18.03837,
                    59.34803
                ],
                [
                    18.0383,
                    59.3481
                ],
                [
                    18.03835,
                    59.34812
                ],
                [
                    18.03819,
                    59.34828
                ]
            ]
        }
    ]
}