{
    "city": 2,
    "initialStart": [
        13.50259,
        59.37372
    ],
    "trips": [
        {
            "summary": {
                "distance": 374.1,
                "duration": 67.9
            },
            "user": {
                "id": 1483,
                "token": "eyJhbGciOiJIUzI1NiIsInR5cCI6IkpXVCJ9.eyJpZCI6MTQ4Mywicm9sZSI6InVzZXIiLCJpYXQiOjE3MDA5NTA5NDEsImV4cCI6MTczMjQ4Njk0MX0.YDnSR1o_6OKebaGQ64Ml1sIYBCSyo8TvwtLG606FIYw"
            },
            "coords": [
                [
                    13.50259,
                    59.37372
                ],
                [
                    13.50274,
                    59.37387
                ],
                [
                    13.50281,
                    59.37391
                ],
                [
                    13.50297,
                    59.37398
                ],
                [
                    13.50315,
                    59.37403
                ],
                [
                    13.50339,
                    59.37403
                ],
                [
                    13.50357,
                    59.37401
                ],
                [
                    13.5038,
                    59.37395
                ],
                [
                    13.50442,
                    59.37367
                ],
                [
                    13.50651,
                    59.37275
                ],
                [
                    13.50671,
                    59.37263
                ],
                [
                    13.50681,
                    59.37254
                ],
                [
                    13.50682,
                    59.37247
                ],
                [
                    13.50677,
                    59.37236
                ],
                [
                    13.50683,
                    59.37234
                ],
                [
                    13.50691,
                    59.37231
                ],
                [
                    13.50694,
                    59.37229
                ],
                [
                    13.50714,
                    59.37232
                ],
                [
                    13.50724,
                    59.37232
                ],
                [
                    13.50732,
                    59.3723
                ]
            ]
        },
        {
            "summary": {
                "distance": "",
                "duration": ""
            },
            "user": {
                "id": 1484,
                "token": "eyJhbGciOiJIUzI1NiIsInR5cCI6IkpXVCJ9.eyJpZCI6MTQ4NCwicm9sZSI6InVzZXIiLCJpYXQiOjE3MDA5NTA5NDIsImV4cCI6MTczMjQ4Njk0Mn0.SYFC6TIyLs4bs3WLH7uKAbxLbkycXWC1Qpy6Z6R5Mpw"
            },
            "coords": [
                [
                    13.50732,
                    59.3723
                ],
                [
                    13.50724,
                    59.37232
                ],
                [
                    13.50714,
                    59.37232
                ],
                [
                    13.50694,
                    59.37229
                ],
                [
                    13.50691,
                    59.37231
                ],
                [
                    13.50683,
                    59.37234
                ],
                [
                    13.50677,
                    59.37236
                ],
                [
                    13.50682,
                    59.37247
                ],
                [
                    13.50681,
                    59.37254
                ],
                [
                    13.50671,
                    59.37263
                ],
                [
                    13.50651,
                    59.37275
                ],
                [
                    13.50442,
                    59.37367
                ],
                [
                    13.5038,
                    59.37395
                ],
                [
                    13.50357,
                    59.37401
                ],
                [
                    13.50339,
                    59.37403
                ],
                [
                    13.50315,
                    59.37403
                ],
                [
                    13.50297,
                    59.37398
                ],
                [
                    13.50281,
                    59.37391
                ],
                [
                    13.50274,
                    59.37387
                ],
                [
                    13.50223,
                    59.37337
                ]
            ]
        }
    ]
}