{
    "city": 2,
    "initialStart": [
        13.48797,
        59.40229
    ],
    "trips": [
        {
            "summary": {
                "distance": 315.7,
                "duration": 53
            },
            "user": {
                "id": 1487,
                "token": "eyJhbGciOiJIUzI1NiIsInR5cCI6IkpXVCJ9.eyJpZCI6MTQ4Nywicm9sZSI6InVzZXIiLCJpYXQiOjE3MDA5NTA5NDIsImV4cCI6MTczMjQ4Njk0Mn0.fP68vpTsUrjLJ0Te9zIcJSpX75wsLPtXR_TA5ezYCyc"
            },
            "coords": [
                [
                    13.48797,
                    59.40229
                ],
                [
                    13.4878,
                    59.40217
                ],
                [
                    13.48794,
                    59.40213
                ],
                [
                    13.48812,
                    59.40221
                ],
                [
                    13.48925,
                    59.40186
                ],
                [
                    13.49036,
                    59.4015
                ],
                [
                    13.49141,
                    59.40114
                ],
                [
                    13.49148,
                    59.40119
                ],
                [
                    13.49152,
                    59.40118
                ],
                [
                    13.49174,
                    59.40136
                ],
                [
                    13.49185,
                    59.40146
                ],
                [
                    13.49194,
                    59.40153
                ]
            ]
        },
        {
            "summary": {
                "distance": 685.2,
                "duration": 112.1
            },
            "user": {
                "id": 1488,
                "token": "eyJhbGciOiJIUzI1NiIsInR5cCI6IkpXVCJ9.eyJpZCI6MTQ4OCwicm9sZSI6InVzZXIiLCJpYXQiOjE3MDA5NTA5NDIsImV4cCI6MTczMjQ4Njk0Mn0.qxqQGcWYVoBKCk6nQ8uX1cPa5kmuQcrcr89Bat1R5K8"
            },
            "coords": [
                [
                    13.49194,
                    59.40153
                ],
                [
                    13.49203,
                    59.40161
                ],
                [
                    13.49216,
                    59.40171
                ],
                [
                    13.49105,
                    59.40207
                ],
                [
                    13.49094,
                    59.402
                ],
                [
                    13.48983,
                    59.40235
                ],
                [
                    13.48932,
                    59.40251
                ],
                [
                    13.48874,
                    59.4027
                ],
                [
                    13.48946,
                    59.40325
                ],
                [
                    13.48952,
                    59.40329
                ],
                [
                    13.49004,
                    59.40372
                ],
                [
                    13.49024,
                    59.40385
                ],
                [
                    13.49055,
                    59.40371
                ],
                [
                    13.4909,
                    59.40359
                ],
                [
                    13.49135,
                    59.40345
                ],
                [
                    13.4918,
                    59.40331
                ],
                [
                    13.4926,
                    59.40351
                ],
                [
                    13.4936,
                    59.40375
                ],
                [
                    13.49373,
                    59.40378
                ],
                [
                    13.49449,
                    59.40396
                ]
            ]
        }
    ],
    "apiKey": "f14cd3814950837f05469bfc0ea19c7f"
}