{
    "city": 2,
    "initialStart": [
        13.51593,
        59.40467
    ],
    "trips": [
        {
            "summary": {
                "distance": 501.2,
                "duration": 86.8
            },
            "user": {
                "id": 1493,
                "token": "eyJhbGciOiJIUzI1NiIsInR5cCI6IkpXVCJ9.eyJpZCI6MTQ5Mywicm9sZSI6InVzZXIiLCJpYXQiOjE3MDA5NTA5NDIsImV4cCI6MTczMjQ4Njk0Mn0.GoMnOiB85wEQisRRov2QFJsWNwllxuk9m5fy5cRCiRk"
            },
            "coords": [
                [
                    13.51593,
                    59.40467
                ],
                [
                    13.51604,
                    59.40436
                ],
                [
                    13.51522,
                    59.40417
                ],
                [
                    13.51368,
                    59.40382
                ],
                [
                    13.51358,
                    59.40383
                ],
                [
                    13.51245,
                    59.4037
                ],
                [
                    13.51253,
                    59.4036
                ],
                [
                    13.51342,
                    59.40255
                ],
                [
                    13.51272,
                    59.40246
                ],
                [
                    13.51263,
                    59.40257
                ],
                [
                    13.51222,
                    59.40303
                ]
            ]
        },
        {
            "summary": {
                "distance": 331.6,
                "duration": 54.3
            },
            "user": {
                "id": 1494,
                "token": "eyJhbGciOiJIUzI1NiIsInR5cCI6IkpXVCJ9.eyJpZCI6MTQ5NCwicm9sZSI6InVzZXIiLCJpYXQiOjE3MDA5NTA5NDMsImV4cCI6MTczMjQ4Njk0M30.H3wCeECisb2DCXboL2v4A-pPUTQtdGYYt5LkI22KYcI"
            },
            "coords": [
                [
                    13.51222,
                    59.40303
                ],
                [
                    13.51263,
                    59.40257
                ],
                [
                    13.51272,
                    59.40246
                ],
                [
                    13.51342,
                    59.40255
                ],
                [
                    13.51464,
                    59.4027
                ],
                [
                    13.51468,
                    59.40265
                ],
                [
                    13.51476,
                    59.40256
                ],
                [
                    13.51524,
                    59.40261
                ],
                [
                    13.51534,
                    59.4026
                ],
                [
                    13.51568,
                    59.40248
                ],
                [
                    13.51592,
                    59.40242
                ],
                [
                    13.51588,
                    59.40236
                ],
                [
                    13.51589,
                    59.40227
                ],
                [
                    13.51597,
                    59.40218
                ],
                [
                    13.51607,
                    59.40207
                ],
                [
                    13.51627,
                    59.40191
                ]
            ]
        }
    ]
}