{
    "city": 2,
    "initialStart": [
        13.51096,
        59.38362
    ],
    "trips": [
        {
            "summary": {
                "distance": 490.5,
                "duration": 99.5
            },
            "user": {
                "id": 1495,
                "token": "eyJhbGciOiJIUzI1NiIsInR5cCI6IkpXVCJ9.eyJpZCI6MTQ5NSwicm9sZSI6InVzZXIiLCJpYXQiOjE3MDA5NTA5NDMsImV4cCI6MTczMjQ4Njk0M30.J-Y2UcxoGzMj7Hbj4mzT7segK4jyNE3Wr1JG6b-IrQ4"
            },
            "coords": [
                [
                    13.51096,
                    59.38362
                ],
                [
                    13.51169,
                    59.38363
                ],
                [
                    13.51272,
                    59.38368
                ],
                [
                    13.51283,
                    59.38368
                ],
                [
                    13.51305,
                    59.38372
                ],
                [
                    13.51344,
                    59.38371
                ],
                [
                    13.51356,
                    59.38371
                ],
                [
                    13.51446,
                    59.38364
                ],
                [
                    13.51479,
                    59.38363
                ],
                [
                    13.51559,
                    59.38356
                ],
                [
                    13.5158,
                    59.38354
                ],
                [
                    13.51603,
                    59.38345
                ],
                [
                    13.51605,
                    59.38352
                ],
                [
                    13.51638,
                    59.38455
                ],
                [
                    13.5164,
                    59.38461
                ],
                [
                    13.51582,
                    59.38459
                ],
                [
                    13.51554,
                    59.38455
                ],
                [
                    13.51529,
                    59.38455
                ],
                [
                    13.51523,
                    59.38456
                ]
            ]
        },
        {
            "summary": {
                "distance": 270.5,
                "duration": 63.6
            },
            "user": {
                "id": 1496,
                "token": "eyJhbGciOiJIUzI1NiIsInR5cCI6IkpXVCJ9.eyJpZCI6MTQ5Niwicm9sZSI6InVzZXIiLCJpYXQiOjE3MDA5NTA5NDMsImV4cCI6MTczMjQ4Njk0M30.z3MkqWIxMVY5j-PZHyjN5mB89G6S6F5lRMWRGrlvIOM"
            },
            "coords": [
                [
                    13.51523,
                    59.38456
                ],
                [
                    13.51529,
                    59.38455
                ],
                [
                    13.51554,
                    59.38455
                ],
                [
                    13.51582,
                    59.38459
                ],
                [
                    13.5164,
                    59.38461
                ],
                [
                    13.51652,
                    59.3853
                ],
                [
                    13.51651,
                    59.38546
                ],
                [
                    13.51651,
                    59.38596
                ],
                [
                    13.5165,
                    59.38603
                ],
                [
                    13.51724,
                    59.38617
                ]
            ]
        }
    ],
    "apiKey": "16a7235e69a62b3c1dd16be6576c61ad"
}