{
    "city": 2,
    "initialStart": [
        13.47337,
        59.38616
    ],
    "trips": [
        {
            "summary": {
                "distance": 344,
                "duration": 68.6
            },
            "user": {
                "id": 1497,
                "token": "eyJhbGciOiJIUzI1NiIsInR5cCI6IkpXVCJ9.eyJpZCI6MTQ5Nywicm9sZSI6InVzZXIiLCJpYXQiOjE3MDA5NTA5NDMsImV4cCI6MTczMjQ4Njk0M30.RjuG2qRle4KkXKMFZrsCiUuKrhpzJpsacrsSQZaFz_c"
            },
            "coords": [
                [
                    13.47337,
                    59.38616
                ],
                [
                    13.47326,
                    59.38616
                ],
                [
                    13.47223,
                    59.38641
                ],
                [
                    13.47191,
                    59.38645
                ],
                [
                    13.47129,
                    59.38649
                ],
                [
                    13.47092,
                    59.38734
                ],
                [
                    13.47079,
                    59.38733
                ],
                [
                    13.46988,
                    59.38724
                ],
                [
                    13.46954,
                    59.3872
                ],
                [
                    13.46969,
                    59.38682
                ]
            ]
        },
        {
            "summary": {
                "distance": 284.1,
                "duration": 58.8
            },
            "user": {
                "id": 1498,
                "token": "eyJhbGciOiJIUzI1NiIsInR5cCI6IkpXVCJ9.eyJpZCI6MTQ5OCwicm9sZSI6InVzZXIiLCJpYXQiOjE3MDA5NTA5NDMsImV4cCI6MTczMjQ4Njk0M30.ozT25HAn-x64A6bZZjwMp7exqDWCg0b5kCHc-16pplY"
            },
            "coords": [
                [
                    13.46969,
                    59.38682
                ],
                [
                    13.46954,
                    59.3872
                ],
                [
                    13.46988,
                    59.38724
                ],
                [
                    13.47079,
                    59.38733
                ],
                [
                    13.47092,
                    59.38734
                ],
                [
                    13.47076,
                    59.38775
                ],
                [
                    13.47076,
                    59.38792
                ],
                [
                    13.47073,
                    59.38802
                ],
                [
                    13.47072,
                    59.38812
                ],
                [
                    13.47097,
                    59.3883
                ],
                [
                    13.47106,
                    59.38841
                ],
                [
                    13.47109,
                    59.38852
                ],
                [
                    13.4711,
                    59.38873
                ]
            ]
        }
    ]
}