{
    "city": 3,
    "initialStart": [
        12.00945,
        57.72131
    ],
    "trips": [
        {
            "summary": {
                "distance": 300,
                "duration": 49.1
            },
            "user": {
                "id": 1513,
                "token": "eyJhbGciOiJIUzI1NiIsInR5cCI6IkpXVCJ9.eyJpZCI6MTUxMywicm9sZSI6InVzZXIiLCJpYXQiOjE3MDA5NTQ0MzYsImV4cCI6MTczMjQ5MDQzNn0.tTGiUWEAMVjP8arNQ4-a5bGb9ODm74zGs_zgIWXjbmE"
            },
            "coords": [
                [
                    12.00945,
                    57.72131
                ],
                [
                    12.00959,
                    57.7218
                ],
                [
                    12.00989,
                    57.7226
                ],
                [
                    12.00996,
                    57.72266
                ],
                [
                    12.01001,
                    57.72271
                ],
                [
                    12.00983,
                    57.72277
                ],
                [
                    12.00977,
                    57.72281
                ],
                [
                    12.00964,
                    57.72302
                ],
                [
                    12.00955,
                    57.72301
                ],
                [
                    12.0093,
                    57.72296
                ],
                [
                    12.00922,
                    57.72295
                ],
                [
                    12.00916,
                    57.72294
                ],
                [
                    12.009,
                    57.72292
                ],
                [
                    12.00878,
                    57.72295
                ],
                [
                    12.00867,
                    57.72295
                ],
                [
                    12.00844,
                    57.72293
                ],
                [
                    12.00807,
                    57.72284
                ]
            ]
        },
        {
            "summary": {
                "distance": 283,
                "duration": 46.3
            },
            "user": {
                "id": 1514,
                "token": "eyJhbGciOiJIUzI1NiIsInR5cCI6IkpXVCJ9.eyJpZCI6MTUxNCwicm9sZSI6InVzZXIiLCJpYXQiOjE3MDA5NTQ0MzYsImV4cCI6MTczMjQ5MDQzNn0.X3TRAXVOwYfIrrNMcTIJAHFWWH1MuQVBdLOyxEqh5gU"
            },
            "coords": [
                [
                    12.00807,
                    57.72284
                ],
                [
                    12.00757,
                    57.72272
                ],
                [
                    12.00654,
                    57.72241
                ],
                [
                    12.00598,
                    57.72219
                ],
                [
                    12.00591,
                    57.72217
                ],
                [
                    12.00564,
                    57.72206
                ],
                [
                    12.0047,
                    57.72158
                ],
                [
                    12.00462,
                    57.72153
                ],
                [
                    12.00454,
                    57.72142
                ],
                [
                    12.00439,
                    57.72135
                ],
                [
                    12.00434,
                    57.72132
                ]
            ]
        }
    ]
}