{
    "city": 1,
    "initialStart": [
        18.09112,
        59.33802
    ],
    "trips": [
        {
            "summary": {
                "distance": 704.1,
                "duration": 127
            },
            "user": {
                "id": 151,
                "token": "eyJhbGciOiJIUzI1NiIsInR5cCI6IkpXVCJ9.eyJpZCI6MTUxLCJyb2xlIjoidXNlciIsImlhdCI6MTcwMDkzMjM4OSwiZXhwIjoxNzMyNDY4Mzg5fQ.QtkQEfvGupCClbAQjYweDVxfZGycTeNTZRRaeBGhrus"
            },
            "coords": [
                [
                    18.09112,
                    59.33802
                ],
                [
                    18.091,
                    59.33809
                ],
                [
                    18.09095,
                    59.33811
                ],
                [
                    18.09085,
                    59.33813
                ],
                [
                    18.0905,
                    59.33822
                ],
                [
                    18.09023,
                    59.33826
                ],
                [
                    18.09011,
                    59.33832
                ],
                [
                    18.08995,
                    59.33831
                ],
                [
                    18.08959,
                    59.33829
                ],
                [
                    18.08947,
                    59.33828
                ],
                [
                    18.08934,
                    59.33823
                ],
                [
                    18.08911,
                    59.338
                ],
                [
                    18.08892,
                    59.33778
                ],
                [
                    18.08894,
                    59.33757
                ],
                [
                    18.08907,
                    59.33738
                ],
                [
                    18.08917,
                    59.3373
                ],
                [
                    18.08936,
                    59.33722
                ],
                [
                    18.08954,
                    59.33716
                ],
                [
                    18.08973,
                    59.33712
                ],
                [
                    18.08999,
                    59.33709
                ],
                [
                    18.09009,
                    59.33709
                ],
                [
                    18.09045,
                    59.33713
                ],
                [
                    18.09066,
                    59.33717
                ],
                [
                    18.09074,
                    59.3372
                ],
                [
                    18.09103,
                    59.33734
                ],
                [
                    18.09122,
                    59.33731
                ],
                [
                    18.09424,
                    59.3367
                ],
                [
                    18.09436,
                    59.33667
                ],
                [
                    18.09456,
                    59.33663
                ],
                [
                    18.09623,
                    59.33629
                ],
                [
                    18.09619,
                    59.33623
                ],
                [
                    18.09562,
                    59.33635
                ]
            ]
        },
        {
            "summary": {
                "distance": 489.2,
                "duration": 112.6
            },
            "user": {
                "id": 152,
                "token": "eyJhbGciOiJIUzI1NiIsInR5cCI6IkpXVCJ9.eyJpZCI6MTUyLCJyb2xlIjoidXNlciIsImlhdCI6MTcwMDkzMjM4OSwiZXhwIjoxNzMyNDY4Mzg5fQ.4-z0WHW11q5cA8oGUU2Xvcs2KnNrbncUD871oCxwIWs"
            },
            "coords": [
                [
                    18.09562,
                    59.33635
                ],
                [
                    18.09479,
                    59.33652
                ],
                [
                    18.09452,
                    59.33658
                ],
                [
                    18.09444,
                    59.33657
                ],
                [
                    18.09431,
                    59.3366
                ],
                [
                    18.09436,
                    59.33667
                ],
                [
                    18.09446,
                    59.33677
                ],
                [
                    18.09455,
                    59.33688
                ],
                [
                    18.09463,
                    59.33695
                ],
                [
                    18.09518,
                    59.33758
                ],
                [
                    18.09558,
                    59.33806
                ],
                [
                    18.09564,
                    59.33813
                ],
                [
                    18.0957,
                    59.3382
                ],
                [
                    18.09642,
                    59.33909
                ],
                [
                    18.09648,
                    59.33917
                ],
                [
                    18.09667,
                    59.33913
                ],
                [
                    18.09676,
                    59.33921
                ],
                [
                    18.09686,
                    59.3393
                ],
                [
                    18.09695,
                    59.3394
                ],
                [
                    18.09697,
                    59.33949
                ],
                [
                    18.09693,
                    59.33956
                ],
                [
                    18.09696,
                    59.33955
                ],
                [
                    18.09718,
                    59.33982
                ]
            ]
        }
    ]
}