{
    "city": 3,
    "initialStart": [
        11.98015,
        57.73205
    ],
    "trips": [
        {
            "summary": {
                "distance": 303.4,
                "duration": 49.6
            },
            "user": {
                "id": 1531,
                "token": "eyJhbGciOiJIUzI1NiIsInR5cCI6IkpXVCJ9.eyJpZCI6MTUzMSwicm9sZSI6InVzZXIiLCJpYXQiOjE3MDA5NTQ0NTQsImV4cCI6MTczMjQ5MDQ1NH0.GOafLKr7NYEU1yyylj3oXb0NB3iYQfPJ3ID443DfQbU"
            },
            "coords": [
                [
                    11.98015,
                    57.73205
                ],
                [
                    11.98055,
                    57.73206
                ],
                [
                    11.98083,
                    57.73235
                ],
                [
                    11.98093,
                    57.7324
                ],
                [
                    11.98102,
                    57.73252
                ],
                [
                    11.98131,
                    57.73275
                ],
                [
                    11.98136,
                    57.73278
                ],
                [
                    11.98139,
                    57.73281
                ],
                [
                    11.98166,
                    57.73303
                ],
                [
                    11.98206,
                    57.73344
                ],
                [
                    11.98246,
                    57.7341
                ],
                [
                    11.98286,
                    57.73404
                ]
            ]
        },
        {
            "summary": {
                "distance": "",
                "duration": ""
            },
            "user": {
                "id": 1532,
                "token": "eyJhbGciOiJIUzI1NiIsInR5cCI6IkpXVCJ9.eyJpZCI6MTUzMiwicm9sZSI6InVzZXIiLCJpYXQiOjE3MDA5NTQ0NTQsImV4cCI6MTczMjQ5MDQ1NH0.j2AmAk_gA6UzZopUNotVtq-agguCCExhUDRzlTQrHoU"
            },
            "coords": [
                [
                    11.98286,
                    57.73404
                ],
                [
                    11.98316,
                    57.734
                ],
                [
                    11.98421,
                    57.73385
                ],
                [
                    11.98422,
                    57.73374
                ],
                [
                    11.98415,
                    57.73362
                ],
                [
                    11.98403,
                    57.7335
                ],
                [
                    11.98372,
                    57.73328
                ],
                [
                    11.98357,
                    57.73315
                ],
                [
                    11.98297,
                    57.73282
                ],
                [
                    11.98264,
                    57.7326
                ],
                [
                    11.98246,
                    57.73241
                ],
                [
                    11.98225,
                    57.73209
                ],
                [
                    11.98214,
                    57.732
                ],
                [
                    11.98203,
                    57.73188
                ],
                [
                    11.98178,
                    57.73145
                ],
                [
                    11.98167,
                    57.73134
                ],
                [
                    11.98144,
                    57.73125
                ],
                [
                    11.9814,
                    57.7312
                ],
                [
                    11.98137,
                    57.73115
                ],
                [
                    11.98131,
                    57.73104
                ]
            ]
        }
    ]
}