{
    "city": 3,
    "initialStart": [
        11.97032,
        57.71867
    ],
    "trips": [
        {
            "summary": {
                "distance": 548,
                "duration": 93.7
            },
            "user": {
                "id": 1537,
                "token": "eyJhbGciOiJIUzI1NiIsInR5cCI6IkpXVCJ9.eyJpZCI6MTUzNywicm9sZSI6InVzZXIiLCJpYXQiOjE3MDA5NTUzODEsImV4cCI6MTczMjQ5MTM4MX0.0a5N65Y4MUl53Nj-xz_khWVu2a_SRGPYjAdM-_wyII4"
            },
            "coords": [
                [
                    11.97032,
                    57.71867
                ],
                [
                    11.97029,
                    57.71869
                ],
                [
                    11.96942,
                    57.71946
                ],
                [
                    11.96839,
                    57.72144
                ],
                [
                    11.96836,
                    57.72149
                ],
                [
                    11.96833,
                    57.72154
                ],
                [
                    11.96681,
                    57.7213
                ],
                [
                    11.96684,
                    57.72124
                ],
                [
                    11.96686,
                    57.72119
                ],
                [
                    11.96727,
                    57.72035
                ]
            ]
        },
        {
            "summary": {
                "distance": 493.5,
                "duration": 84.4
            },
            "user": {
                "id": 1538,
                "token": "eyJhbGciOiJIUzI1NiIsInR5cCI6IkpXVCJ9.eyJpZCI6MTUzOCwicm9sZSI6InVzZXIiLCJpYXQiOjE3MDA5NTUzODEsImV4cCI6MTczMjQ5MTM4MX0.x120qDPfuMLd6DznB0Dw7bqN85gFaNWgwNtyO_e9Ipk"
            },
            "coords": [
                [
                    11.96727,
                    57.72035
                ],
                [
                    11.96686,
                    57.72119
                ],
                [
                    11.96779,
                    57.72132
                ],
                [
                    11.96839,
                    57.72144
                ],
                [
                    11.97003,
                    57.72179
                ],
                [
                    11.97172,
                    57.72029
                ],
                [
                    11.97167,
                    57.72028
                ]
            ]
        }
    ]
}