{
    "city": 1,
    "initialStart": [
        18.05301,
        59.34873
    ],
    "trips": [
        {
            "summary": {
                "distance": 1176.4,
                "duration": 211.6
            },
            "user": {
                "id": 153,
                "token": "eyJhbGciOiJIUzI1NiIsInR5cCI6IkpXVCJ9.eyJpZCI6MTUzLCJyb2xlIjoidXNlciIsImlhdCI6MTcwMDkzMjM5MCwiZXhwIjoxNzMyNDY4MzkwfQ.rsOEJZgBPAOIll8nVI-E30HJEnXt8YJEoSQm_l8wkyU"
            },
            "coords": [
                [
                    18.05301,
                    59.34873
                ],
                [
                    18.05303,
                    59.34871
                ],
                [
                    18.05305,
                    59.34876
                ],
                [
                    18.05316,
                    59.34885
                ],
                [
                    18.05345,
                    59.34902
                ],
                [
                    18.05368,
                    59.34908
                ],
                [
                    18.05416,
                    59.34883
                ],
                [
                    18.0545,
                    59.34855
                ],
                [
                    18.05469,
                    59.34832
                ],
                [
                    18.05495,
                    59.34769
                ],
                [
                    18.05519,
                    59.34721
                ],
                [
                    18.05523,
                    59.34717
                ],
                [
                    18.0554,
                    59.34698
                ],
                [
                    18.05543,
                    59.34694
                ],
                [
                    18.0556,
                    59.34698
                ],
                [
                    18.05711,
                    59.34737
                ],
                [
                    18.05722,
                    59.3474
                ],
                [
                    18.05849,
                    59.34772
                ],
                [
                    18.05863,
                    59.34776
                ],
                [
                    18.05855,
                    59.34782
                ],
                [
                    18.05726,
                    59.34916
                ],
                [
                    18.05717,
                    59.34925
                ],
                [
                    18.05711,
                    59.34932
                ],
                [
                    18.0563,
                    59.35015
                ],
                [
                    18.05619,
                    59.35026
                ],
                [
                    18.0556,
                    59.35087
                ],
                [
                    18.05538,
                    59.35099
                ],
                [
                    18.05534,
                    59.35101
                ],
                [
                    18.05503,
                    59.35097
                ],
                [
                    18.055,
                    59.35104
                ],
                [
                    18.05496,
                    59.35112
                ],
                [
                    18.05493,
                    59.35118
                ],
                [
                    18.0549,
                    59.35124
                ],
                [
                    18.05501,
                    59.35133
                ],
                [
                    18.05443,
                    59.35146
                ],
                [
                    18.05345,
                    59.35167
                ],
                [
                    18.05305,
                    59.35182
                ],
                [
                    18.05287,
                    59.35189
                ],
                [
                    18.05255,
                    59.35198
                ],
                [
                    18.05243,
                    59.35204
                ],
                [
                    18.05235,
                    59.3521
                ],
                [
                    18.05233,
                    59.35216
                ]
            ]
        },
        {
            "summary": {
                "distance": 707.1,
                "duration": 124.4
            },
            "user": {
                "id": 154,
                "token": "eyJhbGciOiJIUzI1NiIsInR5cCI6IkpXVCJ9.eyJpZCI6MTU0LCJyb2xlIjoidXNlciIsImlhdCI6MTcwMDkzMjM5MCwiZXhwIjoxNzMyNDY4MzkwfQ.YazVU2v74bbj63mqliN51HZ6jWbG-x2P-X0T_gTBrQE"
            },