{
    "city": 3,
    "initialStart": [
        11.94258,
        57.69312
    ],
    "trips": [
        {
            "summary": {
                "distance": 349.4,
                "duration": 136.9
            },
            "user": {
                "id": 1539,
                "token": "eyJhbGciOiJIUzI1NiIsInR5cCI6IkpXVCJ9.eyJpZCI6MTUzOSwicm9sZSI6InVzZXIiLCJpYXQiOjE3MDA5NTUzODEsImV4cCI6MTczMjQ5MTM4MX0.lIDIqNEyAfqZ07k_Mb_Iwjx1PA8oLsS2Jv76YJds0gk"
            },
            "coords": [
                [
                    11.94258,
                    57.69312
                ],
                [
                    11.9424,
                    57.69325
                ],
                [
                    11.9423,
                    57.69332
                ],
                [
                    11.9422,
                    57.69335
                ],
                [
                    11.9418,
                    57.69343
                ],
                [
                    11.94174,
                    57.6928
                ],
                [
                    11.94173,
                    57.69276
                ],
                [
                    11.94172,
                    57.69274
                ],
                [
                    11.94159,
                    57.69262
                ],
                [
                    11.94135,
                    57.69247
                ],
                [
                    11.94143,
                    57.6924
                ],
                [
                    11.9415,
                    57.69218
                ],
                [
                    11.94162,
                    57.69198
                ],
                [
                    11.94169,
                    57.69163
                ],
                [
                    11.9417,
                    57.69115
                ],
                [
                    11.94166,
                    57.69107
                ],
                [
                    11.94155,
                    57.69096
                ]
            ]
        },
        {
            "summary": {
                "distance": 301.5,
                "duration": 116
            },
            "user": {
                "id": 1540,
                "token": "eyJhbGciOiJIUzI1NiIsInR5cCI6IkpXVCJ9.eyJpZCI6MTU0MCwicm9sZSI6InVzZXIiLCJpYXQiOjE3MDA5NTUzODEsImV4cCI6MTczMjQ5MTM4MX0.Q496-7hW1nEoowU8XYdFFhLjs36Qd_DAeaJ4LVDX7Lc"
            },
            "coords": [
                [
                    11.94155,
                    57.69096
                ],
                [
                    11.94166,
                    57.69107
                ],
                [
                    11.9417,
                    57.69115
                ],
                [
                    11.94169,
                    57.69163
                ],
                [
                    11.94162,
                    57.69198
                ],
                [
                    11.9415,
                    57.69218
                ],
                [
                    11.94218,
                    57.69239
                ],
                [
                    11.9423,
                    57.6924
                ],
                [
                    11.94256,
                    57.69239
                ],
                [
                    11.94307,
                    57.69248
                ],
                [
                    11.94372,
                    57.69261
                ],
                [
                    11.94366,
                    57.69277
                ]
            ]
        }
    ]
}