{
    "city": 3,
    "initialStart": [
        11.94472,
        57.7325
    ],
    "trips": [
        {
            "summary": {
                "distance": 595.2,
                "duration": 105.9
            },
            "user": {
                "id": 1551,
                "token": "eyJhbGciOiJIUzI1NiIsInR5cCI6IkpXVCJ9.eyJpZCI6MTU1MSwicm9sZSI6InVzZXIiLCJpYXQiOjE3MDA5NTUzODMsImV4cCI6MTczMjQ5MTM4M30.t4afaioZUkU76s_pbLZ67WspG8uanWt6A1vsn8Qhfb8"
            },
            "coords": [
                [
                    11.94472,
                    57.7325
                ],
                [
                    11.94472,
                    57.73242
                ],
                [
                    11.94439,
                    57.73242
                ],
                [
                    11.94437,
                    57.73218
                ],
                [
                    11.94622,
                    57.73217
                ],
                [
                    11.94774,
                    57.73214
                ],
                [
                    11.94776,
                    57.7328
                ],
                [
                    11.94778,
                    57.73349
                ],
                [
                    11.9478,
                    57.73439
                ],
                [
                    11.94791,
                    57.73438
                ],
                [
                    11.94811,
                    57.73438
                ],
                [
                    11.94866,
                    57.73437
                ],
                [
                    11.94876,
                    57.73434
                ],
                [
                    11.94876,
                    57.73405
                ]
            ]
        },
        {
            "summary": {
                "distance": 553.2,
                "duration": 96
            },
            "user": {
                "id": 1552,
                "token": "eyJhbGciOiJIUzI1NiIsInR5cCI6IkpXVCJ9.eyJpZCI6MTU1Miwicm9sZSI6InVzZXIiLCJpYXQiOjE3MDA5NTUzODMsImV4cCI6MTczMjQ5MTM4M30.Pv3nG2hfw1ePfIowGALXMY5E-JuweMbimUnE8fwAKQs"
            },
            "coords": [
                [
                    11.94876,
                    57.73405
                ],
                [
                    11.94876,
                    57.73434
                ],
                [
                    11.94866,
                    57.73437
                ],
                [
                    11.94811,
                    57.73438
                ],
                [
                    11.94791,
                    57.73438
                ],
                [
                    11.9478,
                    57.73439
                ],
                [
                    11.94778,
                    57.73349
                ],
                [
                    11.94776,
                    57.7328
                ],
                [
                    11.94774,
                    57.73214
                ],
                [
                    11.9495,
                    57.73213
                ],
                [
                    11.94948,
                    57.73192
                ],
                [
                    11.94945,
                    57.73167
                ],
                [
                    11.94937,
                    57.73157
                ],
                [
                    11.94927,
                    57.73151
                ],
                [
                    11.94914,
                    57.73147
                ],
                [
                    11.94902,
                    57.73146
                ],
                [
                    11.94867,
                    57.73146
                ]
            ]
        }
    ]
}