{
    "city": 3,
    "initialStart": [
        11.98605,
        57.72407
    ],
    "trips": [
        {
            "summary": {
                "distance": 144.1,
                "duration": 26.7
            },
            "user": {
                "id": 1553,
                "token": "eyJhbGciOiJIUzI1NiIsInR5cCI6IkpXVCJ9.eyJpZCI6MTU1Mywicm9sZSI6InVzZXIiLCJpYXQiOjE3MDA5NTUzODMsImV4cCI6MTczMjQ5MTM4M30.6uhbIrcVYHMZTk8cQfBclXBdxXpAYIIGKp0McnMNeZY"
            },
            "coords": [
                [
                    11.98605,
                    57.72407
                ],
                [
                    11.98578,
                    57.72418
                ],
                [
                    11.98545,
                    57.72433
                ],
                [
                    11.98539,
                    57.72436
                ],
                [
                    11.98532,
                    57.7244
                ],
                [
                    11.98499,
                    57.72457
                ],
                [
                    11.98424,
                    57.72493
                ]
            ]
        },
        {
            "summary": {
                "distance": 494.8,
                "duration": 81
            },
            "user": {
                "id": 1554,
                "token": "eyJhbGciOiJIUzI1NiIsInR5cCI6IkpXVCJ9.eyJpZCI6MTU1NCwicm9sZSI6InVzZXIiLCJpYXQiOjE3MDA5NTUzODMsImV4cCI6MTczMjQ5MTM4M30.g9S2xC0LGvHYn3fBVHQXu5u5V-ejmop8K7pIf1yW2ac"
            },
            "coords": [
                [
                    11.98424,
                    57.72493
                ],
                [
                    11.98499,
                    57.72457
                ],
                [
                    11.98532,
                    57.7244
                ],
                [
                    11.98346,
                    57.72356
                ],
                [
                    11.98339,
                    57.72354
                ],
                [
                    11.98324,
                    57.72353
                ],
                [
                    11.98315,
                    57.72354
                ],
                [
                    11.9808,
                    57.7246
                ],
                [
                    11.98064,
                    57.72463
                ],
                [
                    11.98063,
                    57.72474
                ],
                [
                    11.9805,
                    57.72484
                ],
                [
                    11.98025,
                    57.72496
                ],
                [
                    11.98017,
                    57.72498
                ]
            ]
        }
    ],
    "apiKey": "d2d3ebe91c692dfdff34da1c0fbc6492"
}