{
    "city": 3,
    "initialStart": [
        12.00741,
        57.71996
    ],
    "trips": [
        {
            "summary": {
                "distance": 216.3,
                "duration": 35.4
            },
            "user": {
                "id": 1557,
                "token": "eyJhbGciOiJIUzI1NiIsInR5cCI6IkpXVCJ9.eyJpZCI6MTU1Nywicm9sZSI6InVzZXIiLCJpYXQiOjE3MDA5NTUzODUsImV4cCI6MTczMjQ5MTM4NX0.In2cbFrrOGJ_UzXOsZV2-2AnhWgHTpFScZUaO2UKPbg"
            },
            "coords": [
                [
                    12.00741,
                    57.71996
                ],
                [
                    12.00758,
                    57.71997
                ],
                [
                    12.00762,
                    57.71999
                ],
                [
                    12.00775,
                    57.72003
                ],
                [
                    12.0079,
                    57.72008
                ],
                [
                    12.00868,
                    57.72038
                ],
                [
                    12.00939,
                    57.72065
                ],
                [
                    12.00973,
                    57.72078
                ],
                [
                    12.00989,
                    57.72086
                ],
                [
                    12.01022,
                    57.72102
                ],
                [
                    12.01032,
                    57.72108
                ]
            ]
        },
        {
            "summary": {
                "distance": "",
                "duration": ""
            },
            "user": {
                "id": 1558,
                "token": "eyJhbGciOiJIUzI1NiIsInR5cCI6IkpXVCJ9.eyJpZCI6MTU1OCwicm9sZSI6InVzZXIiLCJpYXQiOjE3MDA5NTUzODUsImV4cCI6MTczMjQ5MTM4NX0.7pG4rUjctqzTe2Ud2fusOXSvGNotNDzFWe3we1q0acI"
            },
            "coords": [
                [
                    12.01031,
                    57.72108
                ],
                [
                    12.0105,
                    57.72121
                ],
                [
                    12.0107,
                    57.7214
                ],
                [
                    12.01085,
                    57.72163
                ],
                [
                    12.01112,
                    57.72227
                ],
                [
                    12.01123,
                    57.72244
                ],
                [
                    12.01137,
                    57.72258
                ],
                [
                    12.01154,
                    57.72268
                ],
                [
                    12.01168,
                    57.72274
                ],
                [
                    12.01189,
                    57.72282
                ],
                [
                    12.0124,
                    57.72308
                ],
                [
                    12.01296,
                    57.72332
                ],
                [
                    12.01331,
                    57.72342
                ],
                [
                    12.01353,
                    57.72346
                ],
                [
                    12.01384,
                    57.72348
                ],
                [
                    12.01402,
                    57.72347
                ],
                [
                    12.01431,
                    57.72341
                ],
                [
                    12.01461,
                    57.72329
                ],
                [
                    12.01493,
                    57.72312
                ],
                [
                    12.01611,
                    57.72226
                ]
            ]
        }
    ],
    "apiKey": "23ad56bd293861ad15f92b4ab7f1e94f"
}