{
    "city": 1,
    "initialStart": [
        18.08633,
        59.3168
    ],
    "trips": [
        {
            "summary": {
                "distance": 602.2,
                "duration": 104.3
            },
            "user": {
                "id": 155,
                "token": "eyJhbGciOiJIUzI1NiIsInR5cCI6IkpXVCJ9.eyJpZCI6MTU1LCJyb2xlIjoidXNlciIsImlhdCI6MTcwMDkzMjM5MCwiZXhwIjoxNzMyNDY4MzkwfQ.B7wkIXujRNBb0gSiaTkszL6NzdeRA67XvqpWxAMrlmY"
            },
            "coords": [
                [
                    18.08633,
                    59.3168
                ],
                [
                    18.08738,
                    59.31674
                ],
                [
                    18.08825,
                    59.31669
                ],
                [
                    18.0883,
                    59.31675
                ],
                [
                    18.0883,
                    59.31694
                ],
                [
                    18.08831,
                    59.31722
                ],
                [
                    18.08934,
                    59.31717
                ],
                [
                    18.0895,
                    59.31713
                ],
                [
                    18.08956,
                    59.31705
                ],
                [
                    18.08965,
                    59.31675
                ],
                [
                    18.08967,
                    59.31671
                ],
                [
                    18.08972,
                    59.31653
                ],
                [
                    18.08991,
                    59.31587
                ],
                [
                    18.08991,
                    59.31576
                ],
                [
                    18.08991,
                    59.31573
                ],
                [
                    18.09,
                    59.31563
                ],
                [
                    18.09009,
                    59.31557
                ],
                [
                    18.09066,
                    59.31558
                ],
                [
                    18.09157,
                    59.3156
                ],
                [
                    18.09174,
                    59.31559
                ],
                [
                    18.09207,
                    59.31557
                ],
                [
                    18.09208,
                    59.31562
                ],
                [
                    18.09209,
                    59.31566
                ],
                [
                    18.0921,
                    59.3157
                ],
                [
                    18.09248,
                    59.31568
                ],
                [
                    18.09278,
                    59.31569
                ],
                [
                    18.09276,
                    59.31577
                ],
                [
                    18.09296,
                    59.31579
                ]
            ]
        },
        {
            "summary": {
                "distance": 451.3,
                "duration": 79.7
            },
            "user": {
                "id": 156,
                "token": "eyJhbGciOiJIUzI1NiIsInR5cCI6IkpXVCJ9.eyJpZCI6MTU2LCJyb2xlIjoidXNlciIsImlhdCI6MTcwMDkzMjM5MCwiZXhwIjoxNzMyNDY4MzkwfQ.REmDziFywkxK7p7BZSmEheVBI3N5SUijj68FkZLYmNU"
            },
            "coords": [
                [
                    18.09296,
                    59.31579
                ],
                [
                    18.09276,
                    59.31577
                ],
                [
                    18.09278,
                    59.31569
                ],
                [
                    18.09248,
                    59.31568
                ],
                [
                    18.0921,
                    59.3157
                ],
                [
                    18.09201,
                    59.31573
                ],
                [
                    18.09121,
                    59.31581
                ],
                [
                    18.09016,
                    59.31588
                ],
                [
                    18.09005,
                    59.31587
                ],
                [
                    18.08991,
                    59.31587
                ],
                [
                    18.08991,
                    59.31576
                ],
                [
                    18.08991,
                    59.31573
                ],
                [
                    18.09,
                    59.31563
                ],
                [
                    18.09009,
                    59.31557
                ],
                [
                    18.0901,
                    59.31551
                ],
                [
                    18.09016,
                    59.31458
                ],
                [
                    18.08891,
                    59.31463
                ],
                [
                    18.0883,
                    59.31465
                ],
                [
                    18.08805,
                    59.31464
                ]
            ]
        }
    ],
    "apiKey": "96efffff0eb23408547e78cc4d4eeaa7"
}