{
    "city": 3,
    "initialStart": [
        11.98865,
        57.7201
    ],
    "trips": [
        {
            "summary": {
                "distance": 195.8,
                "duration": 32.5
            },
            "user": {
                "id": 1565,
                "token": "eyJhbGciOiJIUzI1NiIsInR5cCI6IkpXVCJ9.eyJpZCI6MTU2NSwicm9sZSI6InVzZXIiLCJpYXQiOjE3MDA5NTUzODYsImV4cCI6MTczMjQ5MTM4Nn0.eunJjNr60HynsDfRhu0sP_N4hmIo3uW1cyYJT-GWa1I"
            },
            "coords": [
                [
                    11.98865,
                    57.7201
                ],
                [
                    11.98906,
                    57.72015
                ],
                [
                    11.98978,
                    57.72027
                ],
                [
                    11.98988,
                    57.7203
                ],
                [
                    11.9902,
                    57.72045
                ],
                [
                    11.9903,
                    57.7204
                ],
                [
                    11.99083,
                    57.72076
                ],
                [
                    11.99121,
                    57.721
                ]
            ]
        },
        {
            "summary": {
                "distance": 384.5,
                "duration": 63.4
            },
            "user": {
                "id": 1566,
                "token": "eyJhbGciOiJIUzI1NiIsInR5cCI6IkpXVCJ9.eyJpZCI6MTU2Niwicm9sZSI6InVzZXIiLCJpYXQiOjE3MDA5NTUzODYsImV4cCI6MTczMjQ5MTM4Nn0.uHq-YLvOOKqmZSSrus2rgSwxicc4xkjYKauhLI1ZZk0"
            },
            "coords": [
                [
                    11.99121,
                    57.721
                ],
                [
                    11.99162,
                    57.72126
                ],
                [
                    11.9922,
                    57.72165
                ],
                [
                    11.99212,
                    57.72168
                ],
                [
                    11.99275,
                    57.72212
                ],
                [
                    11.99296,
                    57.72239
                ],
                [
                    11.99296,
                    57.7225
                ],
                [
                    11.99303,
                    57.72261
                ],
                [
                    11.99281,
                    57.72262
                ],
                [
                    11.99271,
                    57.72275
                ],
                [
                    11.99268,
                    57.72288
                ],
                [
                    11.99253,
                    57.72295
                ],
                [
                    11.99212,
                    57.72302
                ],
                [
                    11.99079,
                    57.72329
                ]
            ]
        }
    ]
}