{
    "city": 1,
    "initialStart": [
        18.0917,
        59.33556
    ],
    "trips": [
        {
            "summary": {
                "distance": 489.8,
                "duration": 105.9
            },
            "user": {
                "id": 157,
                "token": "eyJhbGciOiJIUzI1NiIsInR5cCI6IkpXVCJ9.eyJpZCI6MTU3LCJyb2xlIjoidXNlciIsImlhdCI6MTcwMDkzMjM5MSwiZXhwIjoxNzMyNDY4MzkxfQ.m2TUkvNKB2OI19U-VTeqK-CDKkj3BWjS6Q9A6IXvEqI"
            },
            "coords": [
                [
                    18.0917,
                    59.33556
                ],
                [
                    18.0921,
                    59.33488
                ],
                [
                    18.09215,
                    59.33484
                ],
                [
                    18.09218,
                    59.33479
                ],
                [
                    18.09203,
                    59.33483
                ],
                [
                    18.09185,
                    59.33487
                ],
                [
                    18.09147,
                    59.33495
                ],
                [
                    18.09132,
                    59.33496
                ],
                [
                    18.09117,
                    59.33498
                ],
                [
                    18.09072,
                    59.33508
                ],
                [
                    18.0894,
                    59.33534
                ],
                [
                    18.08836,
                    59.33556
                ],
                [
                    18.08784,
                    59.33567
                ],
                [
                    18.08765,
                    59.33571
                ],
                [
                    18.08746,
                    59.33575
                ],
                [
                    18.08676,
                    59.33589
                ],
                [
                    18.08646,
                    59.33595
                ],
                [
                    18.08632,
                    59.33598
                ],
                [
                    18.08614,
                    59.33602
                ],
                [
                    18.08564,
                    59.33612
                ]
            ]
        },
        {
            "summary": {
                "distance": 436.1,
                "duration": 71.4
            },
            "user": {
                "id": 158,
                "token": "eyJhbGciOiJIUzI1NiIsInR5cCI6IkpXVCJ9.eyJpZCI6MTU4LCJyb2xlIjoidXNlciIsImlhdCI6MTcwMDkzMjM5MSwiZXhwIjoxNzMyNDY4MzkxfQ.GrcnjMSxEyKoPwoaQ68Ho_qvjP8V3VIhsvKnYhTGYxk"
            },
            "coords": [
                [
                    18.08564,
                    59.33612
                ],
                [
                    18.08489,
                    59.33628
                ],
                [
                    18.08477,
                    59.3363
                ],
                [
                    18.0846,
                    59.33634
                ],
                [
                    18.08388,
                    59.33649
                ],
                [
                    18.0832,
                    59.33662
                ],
                [
                    18.08301,
                    59.33666
                ],
                [
                    18.08281,
                    59.3367
                ],
                [
                    18.0821,
                    59.33685
                ],
                [
                    18.08193,
                    59.33688
                ],
                [
                    18.08187,
                    59.33681
                ],
                [
                    18.08091,
                    59.33562
                ],
                [
                    18.08091,
                    59.33558
                ],
                [
                    18.0808,
                    59.33559
                ],
                [
                    18.08002,
                    59.33574
                ]
            ]
        }
    ]
}