{
    "city": 3,
    "initialStart": [
        12.01087,
        57.72515
    ],
    "trips": [
        {
            "summary": {
                "distance": 389.9,
                "duration": 70.9
            },
            "user": {
                "id": 1581,
                "token": "eyJhbGciOiJIUzI1NiIsInR5cCI6IkpXVCJ9.eyJpZCI6MTU4MSwicm9sZSI6InVzZXIiLCJpYXQiOjE3MDA5NTU1MzksImV4cCI6MTczMjQ5MTUzOX0.elPNrQnjheno3UrwHM7iPBicNvc7DgO2lKokTvKV7KY"
            },
            "coords": [
                [
                    12.01087,
                    57.72515
                ],
                [
                    12.00849,
                    57.72483
                ],
                [
                    12.00832,
                    57.72521
                ],
                [
                    12.00815,
                    57.72558
                ],
                [
                    12.008,
                    57.72588
                ],
                [
                    12.00792,
                    57.72612
                ],
                [
                    12.00791,
                    57.72625
                ],
                [
                    12.00798,
                    57.72635
                ],
                [
                    12.00803,
                    57.7264
                ],
                [
                    12.00803,
                    57.72652
                ],
                [
                    12.00854,
                    57.72652
                ],
                [
                    12.00871,
                    57.72652
                ],
                [
                    12.00888,
                    57.72648
                ]
            ]
        },
        {
            "summary": {
                "distance": "",
                "duration": ""
            },
            "user": {
                "id": 1582,
                "token": "eyJhbGciOiJIUzI1NiIsInR5cCI6IkpXVCJ9.eyJpZCI6MTU4Miwicm9sZSI6InVzZXIiLCJpYXQiOjE3MDA5NTU1MzksImV4cCI6MTczMjQ5MTUzOX0.bGrpDkYfqM5VDGEAMAHLzf1vVAwD8knoaVWwUYv6AoE"
            },
            "coords": [
                [
                    12.00888,
                    57.72648
                ],
                [
                    12.00871,
                    57.72652
                ],
                [
                    12.00854,
                    57.72652
                ],
                [
                    12.00803,
                    57.72652
                ],
                [
                    12.00805,
                    57.72668
                ],
                [
                    12.00821,
                    57.72689
                ],
                [
                    12.00823,
                    57.72697
                ],
                [
                    12.00813,
                    57.72714
                ],
                [
                    12.00814,
                    57.72717
                ],
                [
                    12.00826,
                    57.72753
                ],
                [
                    12.00832,
                    57.72768
                ],
                [
                    12.00832,
                    57.72778
                ],
                [
                    12.00838,
                    57.72782
                ],
                [
                    12.00846,
                    57.72784
                ],
                [
                    12.00881,
                    57.72789
                ],
                [
                    12.00873,
                    57.72802
                ],
                [
                    12.00869,
                    57.72805
                ],
                [
                    12.00868,
                    57.7281
                ],
                [
                    12.00854,
                    57.72808
                ],
                [
                    12.00856,
                    57.72811
                ]
            ]
        }
    ],
    "apiKey": "898753f0d54896c7055e89964c4d570a"
}