{
    "city": 3,
    "initialStart": [
        11.94096,
        57.70824
    ],
    "trips": [
        {
            "summary": {
                "distance": 397.5,
                "duration": 80
            },
            "user": {
                "id": 1593,
                "token": "eyJhbGciOiJIUzI1NiIsInR5cCI6IkpXVCJ9.eyJpZCI6MTU5Mywicm9sZSI6InVzZXIiLCJpYXQiOjE3MDA5NTU1NDEsImV4cCI6MTczMjQ5MTU0MX0.FgePEP5QOkmpvXyZcb4MI8dwJmfIFIs2kvoW65n2tpU"
            },
            "coords": [
                [
                    11.94096,
                    57.70824
                ],
                [
                    11.94082,
                    57.70838
                ],
                [
                    11.94064,
                    57.70876
                ],
                [
                    11.9403,
                    57.70898
                ],
                [
                    11.94027,
                    57.709
                ],
                [
                    11.93967,
                    57.70865
                ],
                [
                    11.93879,
                    57.70814
                ],
                [
                    11.93869,
                    57.70819
                ],
                [
                    11.93818,
                    57.70844
                ],
                [
                    11.93807,
                    57.70851
                ],
                [
                    11.93804,
                    57.70849
                ],
                [
                    11.93752,
                    57.70818
                ],
                [
                    11.93744,
                    57.70822
                ],
                [
                    11.93744,
                    57.7083
                ],
                [
                    11.93683,
                    57.70861
                ]
            ]
        },
        {
            "summary": {
                "distance": 324.6,
                "duration": 62.3
            },
            "user": {
                "id": 1594,
                "token": "eyJhbGciOiJIUzI1NiIsInR5cCI6IkpXVCJ9.eyJpZCI6MTU5NCwicm9sZSI6InVzZXIiLCJpYXQiOjE3MDA5NTU1NDEsImV4cCI6MTczMjQ5MTU0MX0.3VvgXwC99HKtU4Tdhl3Jj1C1aj6mcL9QWz1mYYgZQeE"
            },
            "coords": [
                [
                    11.93683,
                    57.70861
                ],
                [
                    11.93744,
                    57.7083
                ],
                [
                    11.93744,
                    57.70822
                ],
                [
                    11.93752,
                    57.70818
                ],
                [
                    11.93804,
                    57.70849
                ],
                [
                    11.93807,
                    57.70851
                ],
                [
                    11.93818,
                    57.70844
                ],
                [
                    11.93869,
                    57.70819
                ],
                [
                    11.93879,
                    57.70814
                ],
                [
                    11.93967,
                    57.70865
                ],
                [
                    11.93969,
                    57.70863
                ],
                [
                    11.94005,
                    57.70822
                ],
                [
                    11.94025,
                    57.70826
                ],
                [
                    11.94031,
                    57.70819
                ]
            ]
        }
    ]
}