{
    "city": 1,
    "initialStart": [
        18.03814,
        59.34157
    ],
    "trips": [
        {
            "summary": {
                "distance": 478.2,
                "duration": 82.5
            },
            "user": {
                "id": 159,
                "token": "eyJhbGciOiJIUzI1NiIsInR5cCI6IkpXVCJ9.eyJpZCI6MTU5LCJyb2xlIjoidXNlciIsImlhdCI6MTcwMDkzMjM5MSwiZXhwIjoxNzMyNDY4MzkxfQ.2SAtl8KmA5SH_B-AMw-j_yli5EN_jH1t3U7FPlktf1I"
            },
            "coords": [
                [
                    18.03814,
                    59.34157
                ],
                [
                    18.03804,
                    59.34145
                ],
                [
                    18.03799,
                    59.34146
                ],
                [
                    18.03859,
                    59.34222
                ],
                [
                    18.03871,
                    59.3424
                ],
                [
                    18.03878,
                    59.34251
                ],
                [
                    18.03885,
                    59.34263
                ],
                [
                    18.03887,
                    59.34274
                ],
                [
                    18.03893,
                    59.34281
                ],
                [
                    18.03903,
                    59.34315
                ],
                [
                    18.03967,
                    59.34437
                ],
                [
                    18.03965,
                    59.34447
                ],
                [
                    18.03975,
                    59.34464
                ],
                [
                    18.03975,
                    59.34465
                ],
                [
                    18.04023,
                    59.34477
                ],
                [
                    18.04026,
                    59.34483
                ],
                [
                    18.04031,
                    59.34482
                ],
                [
                    18.04048,
                    59.34477
                ],
                [
                    18.04079,
                    59.34446
                ]
            ]
        },
        {
            "summary": {
                "distance": 339,
                "duration": 86.9
            },
            "user": {
                "id": 160,
                "token": "eyJhbGciOiJIUzI1NiIsInR5cCI6IkpXVCJ9.eyJpZCI6MTYwLCJyb2xlIjoidXNlciIsImlhdCI6MTcwMDkzMjM5MSwiZXhwIjoxNzMyNDY4MzkxfQ.aeAIOR6qp9Bh8jFCG4YsUj_yY_kntGheFabAM7k1-nE"
            },
            "coords": [
                [
                    18.04079,
                    59.34446
                ],
                [
                    18.04114,
                    59.34411
                ],
                [
                    18.0412,
                    59.34404
                ],
                [
                    18.04128,
                    59.34396
                ],
                [
                    18.04172,
                    59.34351
                ],
                [
                    18.04179,
                    59.34343
                ],
                [
                    18.04186,
                    59.34336
                ],
                [
                    18.04229,
                    59.34293
                ],
                [
                    18.04233,
                    59.34285
                ],
                [
                    18.0424,
                    59.34276
                ],
                [
                    18.04243,
                    59.34267
                ],
                [
                    18.04245,
                    59.34259
                ],
                [
                    18.04251,
                    59.34259
                ],
                [
                    18.04257,
                    59.34259
                ],
                [
                    18.04268,
                    59.3424
                ],
                [
                    18.04334,
                    59.34175
                ]
            ]
        }
    ]
}