{
    "city": 3,
    "initialStart": [
        12.02199,
        57.71873
    ],
    "trips": [
        {
            "summary": {
                "distance": 289.9,
                "duration": 47.4
            },
            "user": {
                "id": 1605,
                "token": "eyJhbGciOiJIUzI1NiIsInR5cCI6IkpXVCJ9.eyJpZCI6MTYwNSwicm9sZSI6InVzZXIiLCJpYXQiOjE3MDA5NjE5NDMsImV4cCI6MTczMjQ5Nzk0M30.vyKB3clRPwzQ7VCm-nQfNjG_vQ1IZdacu4aAyPxki94"
            },
            "coords": [
                [
                    12.02199,
                    57.71873
                ],
                [
                    12.02183,
                    57.71878
                ],
                [
                    12.02169,
                    57.7188
                ],
                [
                    12.02149,
                    57.71882
                ],
                [
                    12.02141,
                    57.71881
                ],
                [
                    12.02127,
                    57.71878
                ],
                [
                    12.02109,
                    57.7187
                ],
                [
                    12.02075,
                    57.71857
                ],
                [
                    12.02062,
                    57.71852
                ],
                [
                    12.02007,
                    57.71837
                ],
                [
                    12.01892,
                    57.71815
                ],
                [
                    12.01756,
                    57.71788
                ]
            ]
        },
        {
            "summary": {
                "distance": "",
                "duration": ""
            },
            "user": {
                "id": 1606,
                "token": "eyJhbGciOiJIUzI1NiIsInR5cCI6IkpXVCJ9.eyJpZCI6MTYwNiwicm9sZSI6InVzZXIiLCJpYXQiOjE3MDA5NjE5NDMsImV4cCI6MTczMjQ5Nzk0M30.0nfn3QzUBjgPpf56CU4dTvbDMI1bynoqOLJrtG8Mv9g"
            },
            "coords": [
                [
                    12.01756,
                    57.71788
                ],
                [
                    12.01892,
                    57.71815
                ],
                [
                    12.01878,
                    57.71835
                ],
                [
                    12.01866,
                    57.71853
                ],
                [
                    12.02011,
                    57.719
                ],
                [
                    12.02008,
                    57.71907
                ],
                [
                    12.01977,
                    57.71932
                ],
                [
                    12.01907,
                    57.71954
                ],
                [
                    12.01884,
                    57.71941
                ],
                [
                    12.01867,
                    57.7194
                ],
                [
                    12.01837,
                    57.71946
                ],
                [
                    12.01837,
                    57.71954
                ],
                [
                    12.01834,
                    57.71978
                ],
                [
                    12.01831,
                    57.72021
                ],
                [
                    12.01809,
                    57.72011
                ],
                [
                    12.01752,
                    57.71972
                ],
                [
                    12.01689,
                    57.71936
                ],
                [
                    12.0167,
                    57.71928
                ],
                [
                    12.0164,
                    57.71922
                ],
                [
                    12.01632,
                    57.71922
                ]
            ]
        }
    ],
    "apiKey": "a468a29e47e89b5912bb173188ffc999"
}