{
    "city": 3,
    "initialStart": [
        12.00358,
        57.71003
    ],
    "trips": [
        {
            "summary": {
                "distance": 336.3,
                "duration": 92.2
            },
            "user": {
                "id": 1613,
                "token": "eyJhbGciOiJIUzI1NiIsInR5cCI6IkpXVCJ9.eyJpZCI6MTYxMywicm9sZSI6InVzZXIiLCJpYXQiOjE3MDA5NjE5NDQsImV4cCI6MTczMjQ5Nzk0NH0.SfquLG5dcoVyIduw4zUpSx5b6rlcYK-xLEvr8jNDuOw"
            },
            "coords": [
                [
                    12.00358,
                    57.71003
                ],
                [
                    12.00411,
                    57.71031
                ],
                [
                    12.00431,
                    57.71042
                ],
                [
                    12.0045,
                    57.71043
                ],
                [
                    12.00523,
                    57.71044
                ],
                [
                    12.00525,
                    57.70998
                ],
                [
                    12.00616,
                    57.7099
                ],
                [
                    12.00611,
                    57.70963
                ],
                [
                    12.00609,
                    57.70951
                ],
                [
                    12.00606,
                    57.70933
                ],
                [
                    12.00604,
                    57.70928
                ],
                [
                    12.00614,
                    57.70901
                ],
                [
                    12.00606,
                    57.7089
                ]
            ]
        },
        {
            "summary": {
                "distance": 241.2,
                "duration": 76.9
            },
            "user": {
                "id": 1614,
                "token": "eyJhbGciOiJIUzI1NiIsInR5cCI6IkpXVCJ9.eyJpZCI6MTYxNCwicm9sZSI6InVzZXIiLCJpYXQiOjE3MDA5NjE5NDQsImV4cCI6MTczMjQ5Nzk0NH0.NLKU9tJMpSKgKXhNPyfzeJHnSI90-aH3JbSXV5gf1dA"
            },
            "coords": [
                [
                    12.00606,
                    57.7089
                ],
                [
                    12.00603,
                    57.70887
                ],
                [
                    12.00573,
                    57.70873
                ],
                [
                    12.00553,
                    57.7086
                ],
                [
                    12.00533,
                    57.70845
                ],
                [
                    12.00521,
                    57.70833
                ],
                [
                    12.00494,
                    57.7083
                ],
                [
                    12.00478,
                    57.70821
                ],
                [
                    12.0047,
                    57.70809
                ],
                [
                    12.00466,
                    57.70794
                ],
                [
                    12.00468,
                    57.70783
                ],
                [
                    12.00454,
                    57.70786
                ],
                [
                    12.00443,
                    57.70784
                ],
                [
                    12.00429,
                    57.70774
                ],
                [
                    12.00423,
                    57.70753
                ],
                [
                    12.00424,
                    57.70729
                ],
                [
                    12.00415,
                    57.70726
                ]
            ]
        }
    ]
}