{
    "city": 1,
    "initialStart": [
        18.05745,
        59.31827
    ],
    "trips": [
        {
            "summary": {
                "distance": 444.9,
                "duration": 88.7
            },
            "user": {
                "id": 161,
                "token": "eyJhbGciOiJIUzI1NiIsInR5cCI6IkpXVCJ9.eyJpZCI6MTYxLCJyb2xlIjoidXNlciIsImlhdCI6MTcwMDkzMjM5MSwiZXhwIjoxNzMyNDY4MzkxfQ.zyiGKfX9SzAuHvE7JMd6Dl_SvqfPdvYOgSPBwnSmjQs"
            },
            "coords": [
                [
                    18.05745,
                    59.31827
                ],
                [
                    18.05733,
                    59.31826
                ],
                [
                    18.05714,
                    59.31824
                ],
                [
                    18.05693,
                    59.31822
                ],
                [
                    18.05531,
                    59.31801
                ],
                [
                    18.0552,
                    59.318
                ],
                [
                    18.05514,
                    59.31799
                ],
                [
                    18.05509,
                    59.31799
                ],
                [
                    18.0549,
                    59.31796
                ],
                [
                    18.0542,
                    59.31788
                ],
                [
                    18.05245,
                    59.31764
                ],
                [
                    18.05079,
                    59.31744
                ],
                [
                    18.05076,
                    59.3175
                ],
                [
                    18.05088,
                    59.31752
                ],
                [
                    18.05159,
                    59.31761
                ]
            ]
        },
        {
            "summary": {
                "distance": 663.7,
                "duration": 129.3
            },
            "user": {
                "id": 162,
                "token": "eyJhbGciOiJIUzI1NiIsInR5cCI6IkpXVCJ9.eyJpZCI6MTYyLCJyb2xlIjoidXNlciIsImlhdCI6MTcwMDkzMjM5MSwiZXhwIjoxNzMyNDY4MzkxfQ.g9ENcBY3BD949jE7xXOnLZDRHYen8NGgyPZa2Grn1l4"
            },
            "coords": [
                [
                    18.05159,
                    59.31761
                ],
                [
                    18.05088,
                    59.31752
                ],
                [
                    18.05076,
                    59.3175
                ],
                [
                    18.05079,
                    59.31744
                ],
                [
                    18.05082,
                    59.31737
                ],
                [
                    18.05493,
                    59.3179
                ],
                [
                    18.05512,
                    59.31792
                ],
                [
                    18.05516,
                    59.31784
                ],
                [
                    18.05541,
                    59.31733
                ],
                [
                    18.05549,
                    59.31725
                ],
                [
                    18.05553,
                    59.31716
                ],
                [
                    18.05578,
                    59.31667
                ],
                [
                    18.05582,
                    59.31658
                ],
                [
                    18.05609,
                    59.31604
                ],
                [
                    18.05612,
                    59.31596
                ],
                [
                    18.05629,
                    59.31597
                ],
                [
                    18.0575,
                    59.31612
                ],
                [
                    18.05756,
                    59.31598
                ],
                [
                    18.05753,
                    59.31588
                ],
                [
                    18.05759,
                    59.31575
                ]
            ]
        }
    ]
}