{
    "city": 3,
    "initialStart": [
        11.94646,
        57.73568
    ],
    "trips": [
        {
            "summary": {
                "distance": 311.3,
                "duration": 63.9
            },
            "user": {
                "id": 1625,
                "token": "eyJhbGciOiJIUzI1NiIsInR5cCI6IkpXVCJ9.eyJpZCI6MTYyNSwicm9sZSI6InVzZXIiLCJpYXQiOjE3MDA5NjE5NDcsImV4cCI6MTczMjQ5Nzk0N30.Wxuegufg2r_Us7cbW2qYOf5M5G_3x5sHbQsYe-Vqu4A"
            },
            "coords": [
                [
                    11.94646,
                    57.73568
                ],
                [
                    11.94649,
                    57.73542
                ],
                [
                    11.94653,
                    57.73538
                ],
                [
                    11.94665,
                    57.73532
                ],
                [
                    11.9468,
                    57.7353
                ],
                [
                    11.94782,
                    57.73529
                ],
                [
                    11.94782,
                    57.7352
                ],
                [
                    11.94781,
                    57.73489
                ],
                [
                    11.9478,
                    57.73439
                ],
                [
                    11.94791,
                    57.73438
                ],
                [
                    11.94811,
                    57.73438
                ],
                [
                    11.94866,
                    57.73437
                ],
                [
                    11.94876,
                    57.73434
                ],
                [
                    11.94876,
                    57.73399
                ]
            ]
        },
        {
            "summary": {
                "distance": 280.4,
                "duration": 57.6
            },
            "user": {
                "id": 1626,
                "token": "eyJhbGciOiJIUzI1NiIsInR5cCI6IkpXVCJ9.eyJpZCI6MTYyNiwicm9sZSI6InVzZXIiLCJpYXQiOjE3MDA5NjE5NDcsImV4cCI6MTczMjQ5Nzk0N30.YrzDpzztFVA51WEP62Tp8KCEqCQuTvaCmF55NXN7c2g"
            },
            "coords": [
                [
                    11.94876,
                    57.73399
                ],
                [
                    11.94876,
                    57.73434
                ],
                [
                    11.94866,
                    57.73437
                ],
                [
                    11.94811,
                    57.73438
                ],
                [
                    11.94791,
                    57.73438
                ],
                [
                    11.9478,
                    57.73439
                ],
                [
                    11.94781,
                    57.73489
                ],
                [
                    11.94782,
                    57.7352
                ],
                [
                    11.94625,
                    57.7352
                ]
            ]
        }
    ]
}