{
    "city": 3,
    "initialStart": [
        11.94397,
        57.69435
    ],
    "trips": [
        {
            "summary": {
                "distance": 322.5,
                "duration": 61.3
            },
            "user": {
                "id": 1629,
                "token": "eyJhbGciOiJIUzI1NiIsInR5cCI6IkpXVCJ9.eyJpZCI6MTYyOSwicm9sZSI6InVzZXIiLCJpYXQiOjE3MDA5NjE5NDcsImV4cCI6MTczMjQ5Nzk0N30.mZ7Ue9oo0j9iOkTCdPlcrNrVWm0Z6nvBubUKPhBxXbw"
            },
            "coords": [
                [
                    11.94397,
                    57.69435
                ],
                [
                    11.94415,
                    57.69372
                ],
                [
                    11.94311,
                    57.69365
                ],
                [
                    11.94287,
                    57.69362
                ],
                [
                    11.94248,
                    57.69358
                ],
                [
                    11.94181,
                    57.69353
                ],
                [
                    11.9418,
                    57.69343
                ],
                [
                    11.94174,
                    57.6928
                ],
                [
                    11.94173,
                    57.69276
                ],
                [
                    11.94172,
                    57.69274
                ],
                [
                    11.94159,
                    57.69262
                ],
                [
                    11.94151,
                    57.69257
                ]
            ]
        },
        {
            "summary": {
                "distance": 396.5,
                "duration": 103
            },
            "user": {
                "id": 1630,
                "token": "eyJhbGciOiJIUzI1NiIsInR5cCI6IkpXVCJ9.eyJpZCI6MTYzMCwicm9sZSI6InVzZXIiLCJpYXQiOjE3MDA5NjE5NDcsImV4cCI6MTczMjQ5Nzk0N30.zCxaMcOvnO6PYZKBTw3eXw3MwSioulM5W8qrE8yF6A4"
            },
            "coords": [
                [
                    11.94151,
                    57.69257
                ],
                [
                    11.94159,
                    57.69262
                ],
                [
                    11.94172,
                    57.69274
                ],
                [
                    11.94173,
                    57.69276
                ],
                [
                    11.94174,
                    57.6928
                ],
                [
                    11.9418,
                    57.69343
                ],
                [
                    11.94181,
                    57.69353
                ],
                [
                    11.94248,
                    57.69358
                ],
                [
                    11.94287,
                    57.69362
                ],
                [
                    11.94311,
                    57.69365
                ],
                [
                    11.94415,
                    57.69372
                ],
                [
                    11.94415,
                    57.6937
                ],
                [
                    11.94423,
                    57.6935
                ],
                [
                    11.94426,
                    57.69327
                ],
                [
                    11.94447,
                    57.69327
                ],
                [
                    11.94504,
                    57.69333
                ],
                [
                    11.9451,
                    57.6933
                ],
                [
                    11.94515,
                    57.69324
                ],
                [
                    11.94521,
                    57.69293
                ]
            ]
        }
    ],
    "apiKey": "5bd80cc28f1f9a3305b0c9b0e39e796d"
}