{
    "city": 3,
    "initialStart": [
        11.99866,
        57.69571
    ],
    "trips": [
        {
            "summary": {
                "distance": 313.5,
                "duration": 51.3
            },
            "user": {
                "id": 1633,
                "token": "eyJhbGciOiJIUzI1NiIsInR5cCI6IkpXVCJ9.eyJpZCI6MTYzMywicm9sZSI6InVzZXIiLCJpYXQiOjE3MDA5NjE5NDgsImV4cCI6MTczMjQ5Nzk0OH0.JHmJlbDWx56lYd6myGd96OmoCAa7psYrhvaBSBd-9E4"
            },
            "coords": [
                [
                    11.99866,
                    57.69571
                ],
                [
                    11.99881,
                    57.69573
                ],
                [
                    11.9991,
                    57.69581
                ],
                [
                    11.99969,
                    57.69601
                ],
                [
                    12.00037,
                    57.6962
                ],
                [
                    12.00052,
                    57.69625
                ],
                [
                    12.00064,
                    57.69629
                ],
                [
                    12.00142,
                    57.69553
                ],
                [
                    12.00212,
                    57.6949
                ],
                [
                    12.00213,
                    57.6949
                ]
            ]
        },
        {
            "summary": {
                "distance": "",
                "duration": ""
            },
            "user": {
                "id": 1634,
                "token": "eyJhbGciOiJIUzI1NiIsInR5cCI6IkpXVCJ9.eyJpZCI6MTYzNCwicm9sZSI6InVzZXIiLCJpYXQiOjE3MDA5NjE5NDgsImV4cCI6MTczMjQ5Nzk0OH0.KCvbt1xG3HcLhFrM3JKf-cqdrm9d-ox2qU5iu_4Gf1k"
            },
            "coords": [
                [
                    12.00213,
                    57.6949
                ],
                [
                    12.00212,
                    57.6949
                ],
                [
                    12.00142,
                    57.69553
                ],
                [
                    12.00064,
                    57.69629
                ],
                [
                    12.00112,
                    57.69644
                ],
                [
                    12.00157,
                    57.69661
                ],
                [
                    12.00198,
                    57.69683
                ],
                [
                    12.00214,
                    57.69683
                ],
                [
                    12.00317,
                    57.69694
                ],
                [
                    12.00349,
                    57.69695
                ],
                [
                    12.00381,
                    57.697
                ],
                [
                    12.00424,
                    57.6971
                ],
                [
                    12.00472,
                    57.69714
                ],
                [
                    12.00507,
                    57.69711
                ],
                [
                    12.00533,
                    57.69705
                ],
                [
                    12.0055,
                    57.697
                ],
                [
                    12.00583,
                    57.69684
                ],
                [
                    12.00596,
                    57.69675
                ],
                [
                    12.00607,
                    57.69667
                ],
                [
                    12.00634,
                    57.69639
                ]
            ]
        }
    ],
    "apiKey": "f9d6dfbd67946b5b815aa37abea9128e"
}