{
    "city": 3,
    "initialStart": [
        11.94011,
        57.67925
    ],
    "trips": [
        {
            "summary": {
                "distance": 414.2,
                "duration": 105.4
            },
            "user": {
                "id": 1635,
                "token": "eyJhbGciOiJIUzI1NiIsInR5cCI6IkpXVCJ9.eyJpZCI6MTYzNSwicm9sZSI6InVzZXIiLCJpYXQiOjE3MDA5NjE5NDgsImV4cCI6MTczMjQ5Nzk0OH0.LWhb5F7Rv5oAIcgw1lPV2JfI20lzuowAFvr_dxAAPG8"
            },
            "coords": [
                [
                    11.94011,
                    57.67925
                ],
                [
                    11.94024,
                    57.67939
                ],
                [
                    11.94051,
                    57.67969
                ],
                [
                    11.94028,
                    57.67975
                ],
                [
                    11.94037,
                    57.67984
                ],
                [
                    11.94022,
                    57.67986
                ],
                [
                    11.9399,
                    57.67987
                ],
                [
                    11.93935,
                    57.67985
                ],
                [
                    11.93651,
                    57.67954
                ],
                [
                    11.9361,
                    57.67951
                ],
                [
                    11.93593,
                    57.67947
                ],
                [
                    11.93578,
                    57.67938
                ],
                [
                    11.93564,
                    57.67924
                ],
                [
                    11.93543,
                    57.67896
                ]
            ]
        },
        {
            "summary": {
                "distance": "",
                "duration": ""
            },
            "user": {
                "id": 1636,
                "token": "eyJhbGciOiJIUzI1NiIsInR5cCI6IkpXVCJ9.eyJpZCI6MTYzNiwicm9sZSI6InVzZXIiLCJpYXQiOjE3MDA5NjE5NDgsImV4cCI6MTczMjQ5Nzk0OH0.co0wq8XqQ1DZTj2dayM--bNCX_X1-wNsdxDBRRw3Pt8"
            },
            "coords": [
                [
                    11.93543,
                    57.67896
                ],
                [
                    11.93564,
                    57.67924
                ],
                [
                    11.93578,
                    57.67938
                ],
                [
                    11.93567,
                    57.6794
                ],
                [
                    11.93549,
                    57.67942
                ],
                [
                    11.93538,
                    57.67944
                ],
                [
                    11.93538,
                    57.67949
                ],
                [
                    11.9353,
                    57.67955
                ],
                [
                    11.93532,
                    57.67959
                ],
                [
                    11.93534,
                    57.67963
                ],
                [
                    11.93531,
                    57.67967
                ],
                [
                    11.93529,
                    57.6797
                ],
                [
                    11.93516,
                    57.67967
                ],
                [
                    11.9333,
                    57.67941
                ],
                [
                    11.93292,
                    57.67936
                ],
                [
                    11.93266,
                    57.67936
                ],
                [
                    11.93244,
                    57.67937
                ],
                [
                    11.93216,
                    57.67943
                ],
                [
                    11.93211,
                    57.67939
                ],
                [
                    11.93184,
                    57.67928
                ]
            ]
        }
    ]
}