{
    "city": 1,
    "initialStart": [
        18.02066,
        59.34459
    ],
    "trips": [
        {
            "summary": {
                "distance": 1430.1,
                "duration": 237.1
            },
            "user": {
                "id": 163,
                "token": "eyJhbGciOiJIUzI1NiIsInR5cCI6IkpXVCJ9.eyJpZCI6MTYzLCJyb2xlIjoidXNlciIsImlhdCI6MTcwMDkzMjM5MiwiZXhwIjoxNzMyNDY4MzkyfQ.KW_EoMM4GG7c9DOooMNxOyVJZkhe5VE0Ar4aRgoQtdY"
            },
            "coords": [
                [
                    18.02066,
                    59.34459
                ],
                [
                    18.02072,
                    59.34448
                ],
                [
                    18.02071,
                    59.34441
                ],
                [
                    18.02093,
                    59.34435
                ],
                [
                    18.02149,
                    59.34419
                ],
                [
                    18.02226,
                    59.34392
                ],
                [
                    18.02291,
                    59.34346
                ],
                [
                    18.02329,
                    59.34322
                ],
                [
                    18.02331,
                    59.34323
                ],
                [
                    18.02289,
                    59.3435
                ],
                [
                    18.02292,
                    59.34351
                ],
                [
                    18.02333,
                    59.34324
                ],
                [
                    18.02335,
                    59.34325
                ],
                [
                    18.02297,
                    59.34353
                ],
                [
                    18.02301,
                    59.34354
                ],
                [
                    18.02418,
                    59.34346
                ],
                [
                    18.02615,
                    59.34339
                ],
                [
                    18.02662,
                    59.34339
                ],
                [
                    18.02703,
                    59.34341
                ],
                [
                    18.02736,
                    59.34345
                ],
                [
                    18.02731,
                    59.34353
                ],
                [
                    18.02719,
                    59.34361
                ],
                [
                    18.02675,
                    59.34362
                ],
                [
                    18.02655,
                    59.34364
                ],
                [
                    18.02638,
                    59.34368
                ],
                [
                    18.026,
                    59.34381
                ],
                [
                    18.02569,
                    59.344
                ],
                [
                    18.02545,
                    59.34418
                ],
                [
                    18.02532,
                    59.34427
                ],
                [
                    18.02518,
                    59.34425
                ],
                [
                    18.02508,
                    59.34424
                ],
                [
                    18.02482,
                    59.34456
                ],
                [
                    18.02459,
                    59.34518
                ],
                [
                    18.02449,
                    59.34537
                ],
                [
                    18.02432,
                    59.34553
                ],
                [
                    18.02411,
                    59.34565
                ],
                [
                    18.02387,
                    59.34574
                ],
                [
                    18.02393,
                    59.34578
                ],
                [
                    18.0237,
                    59.34588
                ],
                [
                    18.02321,
                    59.34606
                ],
                [
                    18.02312,
                    59.34609
                ],
                [
                    18.0228,
                    59.34622
                ],
                [
                    18.0223,
                    59.34641
                ],
                [
                    18.02182,
                    59.34662
                ],
                [
                    18.02191,
                    59.34667
                ],
                [
                    18.02202,
                    59.34675
                ],
                [
                    18.02205,
                    59.3468
                ],
                [
                    18.02203,
                    59.34685
                ],
                [
                    18.02177,
                    59.34706
                ],
                [
                    18.02135,
                    59.34737
                ],
                [
                    18.0214,
                    59.34741
                ],
                [
                    18.02155,
                    59.34746
                ],
                [
                    18.02213,
                    59.34766
                ],
                [
                    18.02266,
                    59.34784
                ],
                [
                    18.02269,
                    59.34785
                ],
                [
                    18.02282,
                    59.34789
                ],
                [
                    18.0229,
                    59.34784
                ],
                [
                    18.02322,
                    59.34761
                ],
                [
                    18.02327,
                    59.34757
                ],
                [
                    18.02327,
                    59.34755
                ],
                [
                    18.02337,
                    59.34748
                ],
                [
                    18.02355,
                    59.34734
                ],
                [
                    18.02417,
                    59.34735
                ],
                [
                    18.02408,
                    59.34741
                ]
            ]
        },
        {
            "summary": {
                "distance": 655.8,
                "duration": 113.9
            },
            "user": {
                "id": 164,
                "token": "eyJhbGciOiJIUzI1NiIsInR5cCI6IkpXVCJ9.eyJpZCI6MTY0LCJyb2xlIjoidXNlciIsImlhdCI6MTcwMDkzMjM5MiwiZXhwIjoxNzMyNDY4MzkyfQ.WNb6Azgf5trxjOxVAZ6Q5oQc9k14trhtyaW4akjkd98"
            },