{
    "city": 3,
    "initialStart": [
        11.90593,
        57.68374
    ],
    "trips": [
        {
            "summary": {
                "distance": 260.6,
                "duration": 42.6
            },
            "user": {
                "id": 1641,
                "token": "eyJhbGciOiJIUzI1NiIsInR5cCI6IkpXVCJ9.eyJpZCI6MTY0MSwicm9sZSI6InVzZXIiLCJpYXQiOjE3MDA5NjE5NDksImV4cCI6MTczMjQ5Nzk0OX0.XtJraqRdHQ3y1VTfnO5PaJrIUIEwykpQwNMq8JZACQ0"
            },
            "coords": [
                [
                    11.90593,
                    57.68374
                ],
                [
                    11.90603,
                    57.68375
                ],
                [
                    11.90615,
                    57.68378
                ],
                [
                    11.90652,
                    57.68394
                ],
                [
                    11.90693,
                    57.6841
                ],
                [
                    11.90726,
                    57.68424
                ],
                [
                    11.90765,
                    57.68435
                ],
                [
                    11.90789,
                    57.68438
                ],
                [
                    11.90801,
                    57.68438
                ],
                [
                    11.90818,
                    57.68439
                ],
                [
                    11.90841,
                    57.68437
                ],
                [
                    11.90883,
                    57.68425
                ],
                [
                    11.90889,
                    57.68434
                ],
                [
                    11.90878,
                    57.6848
                ]
            ]
        },
        {
            "summary": {
                "distance": "",
                "duration": ""
            },
            "user": {
                "id": 1642,
                "token": "eyJhbGciOiJIUzI1NiIsInR5cCI6IkpXVCJ9.eyJpZCI6MTY0Miwicm9sZSI6InVzZXIiLCJpYXQiOjE3MDA5NjE5NDksImV4cCI6MTczMjQ5Nzk0OX0.k3rCdzrtP2pTiHG7fHiwjXKbaez9uCz-B-hWg9sYOw0"
            },
            "coords": [
                [
                    11.90878,
                    57.6848
                ],
                [
                    11.90889,
                    57.68434
                ],
                [
                    11.90883,
                    57.68425
                ],
                [
                    11.90905,
                    57.68417
                ],
                [
                    11.90971,
                    57.68397
                ],
                [
                    11.90988,
                    57.6839
                ],
                [
                    11.91051,
                    57.68362
                ],
                [
                    11.91126,
                    57.6833
                ],
                [
                    11.91121,
                    57.68326
                ],
                [
                    11.91116,
                    57.68322
                ],
                [
                    11.91109,
                    57.68313
                ],
                [
                    11.91109,
                    57.68306
                ],
                [
                    11.91041,
                    57.68297
                ],
                [
                    11.91025,
                    57.68295
                ],
                [
                    11.90984,
                    57.6829
                ],
                [
                    11.90967,
                    57.68288
                ],
                [
                    11.90908,
                    57.68281
                ],
                [
                    11.90882,
                    57.68279
                ],
                [
                    11.90876,
                    57.68278
                ],
                [
                    11.90862,
                    57.68276
                ]
            ]
        }
    ]
}