{
    "city": 3,
    "initialStart": [
        11.92197,
        57.72882
    ],
    "trips": [
        {
            "summary": {
                "distance": 525.4,
                "duration": 130.4
            },
            "user": {
                "id": 1643,
                "token": "eyJhbGciOiJIUzI1NiIsInR5cCI6IkpXVCJ9.eyJpZCI6MTY0Mywicm9sZSI6InVzZXIiLCJpYXQiOjE3MDA5NjMwNTEsImV4cCI6MTczMjQ5OTA1MX0.l5y5ZOJIvlykUZZJhkZBMu_QZPXRxhkQ_HRzSL-Idfw"
            },
            "coords": [
                [
                    11.92197,
                    57.72882
                ],
                [
                    11.924,
                    57.72802
                ],
                [
                    11.92416,
                    57.72796
                ],
                [
                    11.92553,
                    57.72766
                ],
                [
                    11.92586,
                    57.72758
                ],
                [
                    11.92618,
                    57.72814
                ],
                [
                    11.92622,
                    57.7283
                ],
                [
                    11.92596,
                    57.72835
                ],
                [
                    11.92603,
                    57.72831
                ],
                [
                    11.92608,
                    57.72815
                ],
                [
                    11.9259,
                    57.72775
                ],
                [
                    11.92585,
                    57.72769
                ],
                [
                    11.9258,
                    57.72767
                ],
                [
                    11.92569,
                    57.72768
                ],
                [
                    11.92497,
                    57.72783
                ],
                [
                    11.92499,
                    57.72789
                ],
                [
                    11.92506,
                    57.72802
                ]
            ]
        },
        {
            "summary": {
                "distance": 550.4,
                "duration": 134.5
            },
            "user": {
                "id": 1644,
                "token": "eyJhbGciOiJIUzI1NiIsInR5cCI6IkpXVCJ9.eyJpZCI6MTY0NCwicm9sZSI6InVzZXIiLCJpYXQiOjE3MDA5NjMwNTIsImV4cCI6MTczMjQ5OTA1Mn0.ouseNP9kRClsQ4psG8Lmj0fwsVYcjncyr_DWSJIdXuY"
            },
            "coords": [
                [
                    11.92506,
                    57.72802
                ],
                [
                    11.92499,
                    57.72789
                ],
                [
                    11.92497,
                    57.72783
                ],
                [
                    11.92569,
                    57.72768
                ],
                [
                    11.9258,
                    57.72767
                ],
                [
                    11.92585,
                    57.72769
                ],
                [
                    11.9259,
                    57.72775
                ],
                [
                    11.92608,
                    57.72815
                ],
                [
                    11.92603,
                    57.72831
                ],
                [
                    11.92596,
                    57.72835
                ],
                [
                    11.92622,
                    57.7283
                ],
                [
                    11.92618,
                    57.72814
                ],
                [
                    11.92586,
                    57.72758
                ],
                [
                    11.92553,
                    57.72766
                ],
                [
                    11.92416,
                    57.72796
                ],
                [
                    11.924,
                    57.72802
                ],
                [
                    11.92163,
                    57.72896
                ]
            ]
        }
    ],
    "apiKey": "a8467b480e664f0a9ad89661f9e543a0"
}