{
    "city": 1,
    "initialStart": [
        18.04865,
        59.31618
    ],
    "trips": [
        {
            "summary": {
                "distance": 585.4,
                "duration": 108.7
            },
            "user": {
                "id": 165,
                "token": "eyJhbGciOiJIUzI1NiIsInR5cCI6IkpXVCJ9.eyJpZCI6MTY1LCJyb2xlIjoidXNlciIsImlhdCI6MTcwMDkzMjM5MiwiZXhwIjoxNzMyNDY4MzkyfQ.6B7CVJAzeunZC4anG6ZAWABYdttyAjlKDVVTrRGILG8"
            },
            "coords": [
                [
                    18.04865,
                    59.31618
                ],
                [
                    18.04857,
                    59.31637
                ],
                [
                    18.05071,
                    59.31664
                ],
                [
                    18.05086,
                    59.31666
                ],
                [
                    18.051,
                    59.31667
                ],
                [
                    18.05097,
                    59.31674
                ],
                [
                    18.0507,
                    59.31726
                ],
                [
                    18.05066,
                    59.31735
                ],
                [
                    18.05063,
                    59.31742
                ],
                [
                    18.05058,
                    59.31752
                ],
                [
                    18.05033,
                    59.318
                ],
                [
                    18.05027,
                    59.31813
                ],
                [
                    18.05008,
                    59.3185
                ],
                [
                    18.04996,
                    59.31857
                ],
                [
                    18.05013,
                    59.31865
                ],
                [
                    18.0502,
                    59.31868
                ],
                [
                    18.05023,
                    59.31874
                ],
                [
                    18.04977,
                    59.31971
                ],
                [
                    18.04963,
                    59.31988
                ],
                [
                    18.04945,
                    59.31983
                ],
                [
                    18.04933,
                    59.31973
                ],
                [
                    18.04901,
                    59.31966
                ]
            ]
        },
        {
            "summary": {
                "distance": 893.7,
                "duration": 196.3
            },
            "user": {
                "id": 166,
                "token": "eyJhbGciOiJIUzI1NiIsInR5cCI6IkpXVCJ9.eyJpZCI6MTY2LCJyb2xlIjoidXNlciIsImlhdCI6MTcwMDkzMjM5MiwiZXhwIjoxNzMyNDY4MzkyfQ.0_Oz3QBLJCJ3BY0Q6YRHIPzf9VVf_S0kOsNNtE9GQVM"
            },
            "coords": [
                [
                    18.04901,
                    59.31966
                ],
                [
                    18.04933,
                    59.31973
                ],
                [
                    18.04945,
                    59.31983
                ],
                [
                    18.04963,
                    59.31988
                ],
                [
                    18.04944,
                    59.32006
                ],
                [
                    18.04933,
                    59.32009
                ],
                [
                    18.04922,
                    59.32013
                ],
                [
                    18.04909,
                    59.32022
                ],
                [
                    18.04896,
                    59.32025
                ],
                [
                    18.04894,
                    59.32029
                ],
                [
                    18.04887,
                    59.32033
                ],
                [
                    18.0487,
                    59.32036
                ],
                [
                    18.04793,
                    59.32024
                ],
                [
                    18.04776,
                    59.32023
                ],
                [
                    18.04725,
                    59.32024
                ],
                [
                    18.0463,
                    59.32017
                ],
                [
                    18.0461,
                    59.32019
                ],
                [
                    18.04598,
                    59.32022
                ],
                [
                    18.04647,
                    59.32036
                ],
                [
                    18.04671,
                    59.32043
                ],
                [
                    18.04692,
                    59.32052
                ],
                [
                    18.04697,
                    59.32054
                ],
                [
                    18.04701,
                    59.32056
                ],
                [
                    18.0472,
                    59.32063
                ],
                [
                    18.04856,
                    59.32076
                ],
                [
                    18.04972,
                    59.32092
                ],
                [
                    18.04976,
                    59.32094
                ],
                [
                    18.04976,
                    59.32097
                ],
                [
                    18.04973,
                    59.32101
                ],
                [
                    18.0497,
                    59.32106
                ],
                [
                    18.04967,
                    59.32112
                ],
                [
                    18.04938,
                    59.32107
                ],
                [
                    18.04874,
                    59.32097
                ],
                [
                    18.04604,
                    59.32077
                ],
                [
                    18.0458,
                    59.32075
                ],
                [
                    18.04547,
                    59.32076
                ],
                [
                    18.0449,
                    59.32076
                ],
                [
                    18.04413,
                    59.3207
                ],
                [
                    18.04412,
                    59.32077
                ],
                [
                    18.04468,
                    59.3208
                ]
            ]
        }
    ],
    "apiKey": "5fee64acb7c2db8ce9e287d1dfb1e3fc"
}