{
    "city": 3,
    "initialStart": [
        12.01145,
        57.71036
    ],
    "trips": [
        {
            "summary": {
                "distance": 404.2,
                "duration": 109.1
            },
            "user": {
                "id": 1661,
                "token": "eyJhbGciOiJIUzI1NiIsInR5cCI6IkpXVCJ9.eyJpZCI6MTY2MSwicm9sZSI6InVzZXIiLCJpYXQiOjE3MDA5NjMwNTQsImV4cCI6MTczMjQ5OTA1NH0.MfKZsaCdTCN3Zt_48tfkvxMTk-kICVTP-sQqTkkj_7k"
            },
            "coords": [
                [
                    12.01145,
                    57.71036
                ],
                [
                    12.01148,
                    57.71026
                ],
                [
                    12.01161,
                    57.71021
                ],
                [
                    12.01165,
                    57.71009
                ],
                [
                    12.01203,
                    57.70986
                ],
                [
                    12.01216,
                    57.7098
                ],
                [
                    12.01231,
                    57.70969
                ],
                [
                    12.01228,
                    57.70957
                ],
                [
                    12.01246,
                    57.70946
                ],
                [
                    12.01283,
                    57.70933
                ],
                [
                    12.01263,
                    57.70904
                ],
                [
                    12.01257,
                    57.70886
                ],
                [
                    12.01255,
                    57.70865
                ],
                [
                    12.01255,
                    57.70838
                ],
                [
                    12.01307,
                    57.70839
                ],
                [
                    12.01317,
                    57.7084
                ],
                [
                    12.01318,
                    57.70836
                ],
                [
                    12.01305,
                    57.70833
                ],
                [
                    12.01259,
                    57.7083
                ],
                [
                    12.01146,
                    57.70819
                ]
            ]
        },
        {
            "summary": {
                "distance": 307.6,
                "duration": 50.3
            },
            "user": {
                "id": 1662,
                "token": "eyJhbGciOiJIUzI1NiIsInR5cCI6IkpXVCJ9.eyJpZCI6MTY2Miwicm9sZSI6InVzZXIiLCJpYXQiOjE3MDA5NjMwNTQsImV4cCI6MTczMjQ5OTA1NH0.Ggi2tLgEWEaEy9OylnHhJ-TDFzmNsy6PJlqFimDrurA"
            },
            "coords": [
                [
                    12.01146,
                    57.70819
                ],
                [
                    12.01019,
                    57.70806
                ],
                [
                    12.00959,
                    57.70801
                ],
                [
                    12.00873,
                    57.70803
                ],
                [
                    12.00831,
                    57.70804
                ],
                [
                    12.00818,
                    57.70805
                ],
                [
                    12.00763,
                    57.70804
                ],
                [
                    12.0076,
                    57.70806
                ],
                [
                    12.00761,
                    57.70815
                ],
                [
                    12.00755,
                    57.70814
                ],
                [
                    12.0075,
                    57.70821
                ],
                [
                    12.00744,
                    57.70824
                ],
                [
                    12.0073,
                    57.70824
                ],
                [
                    12.00718,
                    57.7082
                ],
                [
                    12.00713,
                    57.70813
                ],
                [
                    12.00702,
                    57.70814
                ],
                [
                    12.00702,
                    57.70806
                ],
                [
                    12.00704,
                    57.70798
                ]
            ]
        }
    ]
}