{
    "city": 3,
    "initialStart": [
        11.95013,
        57.72957
    ],
    "trips": [
        {
            "summary": {
                "distance": 420.1,
                "duration": 68.7
            },
            "user": {
                "id": 1669,
                "token": "eyJhbGciOiJIUzI1NiIsInR5cCI6IkpXVCJ9.eyJpZCI6MTY2OSwicm9sZSI6InVzZXIiLCJpYXQiOjE3MDA5NjMwNTcsImV4cCI6MTczMjQ5OTA1N30.Nfn8ZTnlIW_tjGUZCfg8lien2fBncMpm_x1EZBd1AMY"
            },
            "coords": [
                [
                    11.95013,
                    57.72957
                ],
                [
                    11.94987,
                    57.72959
                ],
                [
                    11.94955,
                    57.72963
                ],
                [
                    11.94943,
                    57.72969
                ],
                [
                    11.94925,
                    57.7297
                ],
                [
                    11.94918,
                    57.72969
                ],
                [
                    11.94907,
                    57.72963
                ],
                [
                    11.94904,
                    57.72955
                ],
                [
                    11.94907,
                    57.7295
                ],
                [
                    11.94901,
                    57.72936
                ],
                [
                    11.94901,
                    57.72914
                ],
                [
                    11.94899,
                    57.72901
                ],
                [
                    11.94892,
                    57.72866
                ],
                [
                    11.94874,
                    57.72841
                ],
                [
                    11.94854,
                    57.72827
                ],
                [
                    11.94724,
                    57.72778
                ],
                [
                    11.94733,
                    57.7277
                ],
                [
                    11.94812,
                    57.72713
                ],
                [
                    11.94821,
                    57.72707
                ]
            ]
        },
        {
            "summary": {
                "distance": "",
                "duration": ""
            },
            "user": {
                "id": 1670,
                "token": "eyJhbGciOiJIUzI1NiIsInR5cCI6IkpXVCJ9.eyJpZCI6MTY3MCwicm9sZSI6InVzZXIiLCJpYXQiOjE3MDA5NjMwNTcsImV4cCI6MTczMjQ5OTA1N30.3a1u7xEJHJ9WJAgfJ3QlczQ8SO8Vqmf8du8BNpmyEZ4"
            },
            "coords": [
                [
                    11.94821,
                    57.72707
                ],
                [
                    11.94812,
                    57.72713
                ],
                [
                    11.94733,
                    57.7277
                ],
                [
                    11.94724,
                    57.72778
                ],
                [
                    11.94854,
                    57.72827
                ],
                [
                    11.94874,
                    57.72841
                ],
                [
                    11.94892,
                    57.72866
                ],
                [
                    11.94899,
                    57.72901
                ],
                [
                    11.94901,
                    57.72914
                ],
                [
                    11.94911,
                    57.72928
                ],
                [
                    11.94919,
                    57.72935
                ],
                [
                    11.94935,
                    57.72942
                ],
                [
                    11.94951,
                    57.72947
                ],
                [
                    11.94958,
                    57.72954
                ],
                [
                    11.94955,
                    57.72963
                ],
                [
                    11.94943,
                    57.72969
                ],
                [
                    11.94925,
                    57.7297
                ],
                [
                    11.94923,
                    57.72981
                ],
                [
                    11.94941,
                    57.72979
                ],
                [
                    11.9498,
                    57.72967
                ]
            ]
        }
    ],
    "apiKey": "be753cf5a48f7a47f546f111ec4ea228"
}