{
    "city": 3,
    "initialStart": [
        11.99959,
        57.71539
    ],
    "trips": [
        {
            "summary": {
                "distance": 401.9,
                "duration": 127.5
            },
            "user": {
                "id": 1675,
                "token": "eyJhbGciOiJIUzI1NiIsInR5cCI6IkpXVCJ9.eyJpZCI6MTY3NSwicm9sZSI6InVzZXIiLCJpYXQiOjE3MDA5NjMwNTcsImV4cCI6MTczMjQ5OTA1N30.JLEJOjthbsedhDZgOcdtfI1lkH9CqeGXsFguZwj7NbQ"
            },
            "coords": [
                [
                    11.99959,
                    57.71539
                ],
                [
                    11.99978,
                    57.71544
                ],
                [
                    11.99987,
                    57.71546
                ],
                [
                    12.00066,
                    57.71568
                ],
                [
                    12.0012,
                    57.71516
                ],
                [
                    12.0013,
                    57.71497
                ],
                [
                    12.00136,
                    57.71488
                ],
                [
                    12.0011,
                    57.71485
                ],
                [
                    12.00114,
                    57.71473
                ],
                [
                    12.00117,
                    57.7147
                ],
                [
                    12.00083,
                    57.71467
                ],
                [
                    12.00084,
                    57.71464
                ],
                [
                    12.00057,
                    57.71427
                ],
                [
                    12.00058,
                    57.71423
                ],
                [
                    12.00061,
                    57.71412
                ],
                [
                    12.00017,
                    57.71379
                ],
                [
                    11.99965,
                    57.71334
                ],
                [
                    11.99957,
                    57.71327
                ]
            ]
        },
        {
            "summary": {
                "distance": 427.5,
                "duration": 139.2
            },
            "user": {
                "id": 1676,
                "token": "eyJhbGciOiJIUzI1NiIsInR5cCI6IkpXVCJ9.eyJpZCI6MTY3Niwicm9sZSI6InVzZXIiLCJpYXQiOjE3MDA5NjMwNTcsImV4cCI6MTczMjQ5OTA1N30.NB6-YS_D-gABH3BRTCXvZFPiIxbXnzLjMGcqKj-O1N8"
            },
            "coords": [
                [
                    11.99957,
                    57.71327
                ],
                [
                    11.99965,
                    57.71334
                ],
                [
                    11.99972,
                    57.71384
                ],
                [
                    11.99963,
                    57.71414
                ],
                [
                    11.99996,
                    57.71417
                ],
                [
                    11.99983,
                    57.71457
                ],
                [
                    11.99964,
                    57.71456
                ],
                [
                    11.99963,
                    57.71459
                ],
                [
                    12.00003,
                    57.71463
                ],
                [
                    12.00114,
                    57.71473
                ],
                [
                    12.0011,
                    57.71485
                ],
                [
                    12.00108,
                    57.71489
                ],
                [
                    12.00107,
                    57.71492
                ],
                [
                    12.0013,
                    57.71497
                ],
                [
                    12.0012,
                    57.71516
                ],
                [
                    12.00066,
                    57.71568
                ],
                [
                    12.00062,
                    57.71573
                ],
                [
                    12.00072,
                    57.71575
                ],
                [
                    12.00069,
                    57.71579
                ],
                [
                    12.00057,
                    57.71592
                ]
            ]
        }
    ],
    "apiKey": "13601d90116b037f2ebeb320288dff43"
}