{
    "city": 3,
    "initialStart": [
        11.90578,
        57.69521
    ],
    "trips": [
        {
            "summary": {
                "distance": 256.3,
                "duration": 78.7
            },
            "user": {
                "id": 1679,
                "token": "eyJhbGciOiJIUzI1NiIsInR5cCI6IkpXVCJ9.eyJpZCI6MTY3OSwicm9sZSI6InVzZXIiLCJpYXQiOjE3MDA5NjMwNTgsImV4cCI6MTczMjQ5OTA1OH0.zqeCfQnewr2fuw19ZrDoh2_Q_jx7EjxLL4OOxmySXaQ"
            },
            "coords": [
                [
                    11.90578,
                    57.69521
                ],
                [
                    11.9057,
                    57.69517
                ],
                [
                    11.90536,
                    57.6954
                ],
                [
                    11.90531,
                    57.69538
                ],
                [
                    11.90448,
                    57.69505
                ],
                [
                    11.90406,
                    57.69489
                ],
                [
                    11.90318,
                    57.69452
                ],
                [
                    11.90257,
                    57.69489
                ]
            ]
        },
        {
            "summary": {
                "distance": "",
                "duration": ""
            },
            "user": {
                "id": 1680,
                "token": "eyJhbGciOiJIUzI1NiIsInR5cCI6IkpXVCJ9.eyJpZCI6MTY4MCwicm9sZSI6InVzZXIiLCJpYXQiOjE3MDA5NjMwNTgsImV4cCI6MTczMjQ5OTA1OH0.ch7FxEsfvnT104vJASWnjdW9LRvRINl6DFpTBxe2KFQ"
            },
            "coords": [
                [
                    11.90257,
                    57.69489
                ],
                [
                    11.90246,
                    57.69496
                ],
                [
                    11.90167,
                    57.69476
                ],
                [
                    11.90161,
                    57.69483
                ],
                [
                    11.90136,
                    57.69487
                ],
                [
                    11.90076,
                    57.6951
                ],
                [
                    11.90059,
                    57.69521
                ],
                [
                    11.90044,
                    57.69542
                ],
                [
                    11.89968,
                    57.69575
                ],
                [
                    11.89954,
                    57.69585
                ],
                [
                    11.89919,
                    57.69631
                ],
                [
                    11.89905,
                    57.69624
                ],
                [
                    11.89891,
                    57.69588
                ],
                [
                    11.89889,
                    57.69575
                ],
                [
                    11.89895,
                    57.69559
                ],
                [
                    11.89917,
                    57.69525
                ],
                [
                    11.89938,
                    57.695
                ],
                [
                    11.89948,
                    57.69494
                ],
                [
                    11.89963,
                    57.69476
                ],
                [
                    11.89965,
                    57.69469
                ]
            ]
        }
    ]
}