{
    "city": 3,
    "initialStart": [
        11.92078,
        57.72755
    ],
    "trips": [
        {
            "summary": {
                "distance": 306.3,
                "duration": 72.9
            },
            "user": {
                "id": 1689,
                "token": "eyJhbGciOiJIUzI1NiIsInR5cCI6IkpXVCJ9.eyJpZCI6MTY4OSwicm9sZSI6InVzZXIiLCJpYXQiOjE3MDA5NjMyMDUsImV4cCI6MTczMjQ5OTIwNX0.FN_E_EFpXx21F_zKCWYOAs72R3ueem0KvfZ14yuRzF8"
            },
            "coords": [
                [
                    11.92078,
                    57.72755
                ],
                [
                    11.92075,
                    57.72734
                ],
                [
                    11.92079,
                    57.7272
                ],
                [
                    11.92086,
                    57.72713
                ],
                [
                    11.92087,
                    57.7269
                ],
                [
                    11.92096,
                    57.72682
                ],
                [
                    11.92112,
                    57.72677
                ],
                [
                    11.92125,
                    57.7266
                ],
                [
                    11.92151,
                    57.72639
                ],
                [
                    11.92153,
                    57.72632
                ],
                [
                    11.92156,
                    57.72625
                ],
                [
                    11.92152,
                    57.72622
                ],
                [
                    11.92124,
                    57.726
                ],
                [
                    11.92103,
                    57.72562
                ],
                [
                    11.92083,
                    57.72512
                ],
                [
                    11.92081,
                    57.7251
                ]
            ]
        },
        {
            "summary": {
                "distance": "",
                "duration": ""
            },
            "user": {
                "id": 1690,
                "token": "eyJhbGciOiJIUzI1NiIsInR5cCI6IkpXVCJ9.eyJpZCI6MTY5MCwicm9sZSI6InVzZXIiLCJpYXQiOjE3MDA5NjMyMDUsImV4cCI6MTczMjQ5OTIwNX0.hMqYTByubQtvKGnJsFCFRbACsfzdFX3L5mZCl9CZruw"
            },
            "coords": [
                [
                    11.92081,
                    57.7251
                ],
                [
                    11.92069,
                    57.72498
                ],
                [
                    11.92071,
                    57.7249
                ],
                [
                    11.92088,
                    57.72467
                ],
                [
                    11.92085,
                    57.72443
                ],
                [
                    11.92118,
                    57.72439
                ],
                [
                    11.92145,
                    57.72436
                ],
                [
                    11.92149,
                    57.72436
                ],
                [
                    11.92168,
                    57.72346
                ],
                [
                    11.92195,
                    57.72281
                ],
                [
                    11.92195,
                    57.72268
                ],
                [
                    11.92193,
                    57.72252
                ],
                [
                    11.9219,
                    57.72239
                ],
                [
                    11.92189,
                    57.72237
                ],
                [
                    11.92186,
                    57.72227
                ],
                [
                    11.92184,
                    57.72222
                ],
                [
                    11.92179,
                    57.72196
                ],
                [
                    11.9218,
                    57.72178
                ],
                [
                    11.92187,
                    57.72148
                ],
                [
                    11.92193,
                    57.72119
                ]
            ]
        }
    ]
}