{
    "city": 3,
    "initialStart": [
        11.98739,
        57.72964
    ],
    "trips": [
        {
            "summary": {
                "distance": 253.8,
                "duration": 56
            },
            "user": {
                "id": 1693,
                "token": "eyJhbGciOiJIUzI1NiIsInR5cCI6IkpXVCJ9.eyJpZCI6MTY5Mywicm9sZSI6InVzZXIiLCJpYXQiOjE3MDA5NjMyMDYsImV4cCI6MTczMjQ5OTIwNn0.Eds2rkjGZ6nnbDYxKERd294IUAyYjXuArkaRAjrLOUM"
            },
            "coords": [
                [
                    11.98739,
                    57.72964
                ],
                [
                    11.98633,
                    57.72982
                ],
                [
                    11.98591,
                    57.72991
                ],
                [
                    11.98543,
                    57.72999
                ],
                [
                    11.98453,
                    57.73014
                ],
                [
                    11.98439,
                    57.73017
                ],
                [
                    11.98433,
                    57.7302
                ],
                [
                    11.98432,
                    57.73028
                ],
                [
                    11.98439,
                    57.73043
                ],
                [
                    11.98443,
                    57.73053
                ],
                [
                    11.98443,
                    57.73059
                ],
                [
                    11.98413,
                    57.73059
                ]
            ]
        },
        {
            "summary": {
                "distance": 411.1,
                "duration": 69.5
            },
            "user": {
                "id": 1694,
                "token": "eyJhbGciOiJIUzI1NiIsInR5cCI6IkpXVCJ9.eyJpZCI6MTY5NCwicm9sZSI6InVzZXIiLCJpYXQiOjE3MDA5NjMyMDYsImV4cCI6MTczMjQ5OTIwNn0.5Fj7lWlH_iBlY5Ph4RC5nkUkjxMHKZlNs_ghLjzQBy4"
            },
            "coords": [
                [
                    11.98413,
                    57.73059
                ],
                [
                    11.98396,
                    57.73059
                ],
                [
                    11.98443,
                    57.73053
                ],
                [
                    11.98439,
                    57.73043
                ],
                [
                    11.98462,
                    57.73041
                ],
                [
                    11.98503,
                    57.73044
                ],
                [
                    11.98544,
                    57.73049
                ],
                [
                    11.98562,
                    57.73053
                ],
                [
                    11.98599,
                    57.73065
                ],
                [
                    11.98617,
                    57.73075
                ],
                [
                    11.98652,
                    57.73098
                ],
                [
                    11.98672,
                    57.73101
                ],
                [
                    11.98696,
                    57.73101
                ],
                [
                    11.98891,
                    57.7307
                ],
                [
                    11.98899,
                    57.73068
                ],
                [
                    11.98911,
                    57.73062
                ],
                [
                    11.9894,
                    57.73046
                ],
                [
                    11.98911,
                    57.73029
                ]
            ]
        }
    ]
}