{
    "city": 3,
    "initialStart": [
        11.93171,
        57.72512
    ],
    "trips": [
        {
            "summary": {
                "distance": 297.7,
                "duration": 104.2
            },
            "user": {
                "id": 1713,
                "token": "eyJhbGciOiJIUzI1NiIsInR5cCI6IkpXVCJ9.eyJpZCI6MTcxMywicm9sZSI6InVzZXIiLCJpYXQiOjE3MDA5NjM0NzEsImV4cCI6MTczMjQ5OTQ3MX0.ygFpA-8xZRJFO6EMJR9gK_ABPt14dopxcGC4AS7HcV4"
            },
            "coords": [
                [
                    11.93171,
                    57.72512
                ],
                [
                    11.92996,
                    57.72519
                ],
                [
                    11.92991,
                    57.72474
                ],
                [
                    11.93002,
                    57.7247
                ],
                [
                    11.92859,
                    57.72474
                ],
                [
                    11.92834,
                    57.72481
                ],
                [
                    11.92788,
                    57.72476
                ],
                [
                    11.92781,
                    57.72471
                ]
            ]
        },
        {
            "summary": {
                "distance": "",
                "duration": ""
            },
            "user": {
                "id": 1714,
                "token": "eyJhbGciOiJIUzI1NiIsInR5cCI6IkpXVCJ9.eyJpZCI6MTcxNCwicm9sZSI6InVzZXIiLCJpYXQiOjE3MDA5NjM0NzEsImV4cCI6MTczMjQ5OTQ3MX0.WOp3g84IYWofiMncX9KvQxHEqgzXzHpxF-KGQkp3P54"
            },
            "coords": [
                [
                    11.92781,
                    57.72471
                ],
                [
                    11.92781,
                    57.72471
                ],
                [
                    11.92788,
                    57.72476
                ],
                [
                    11.92834,
                    57.72481
                ],
                [
                    11.92859,
                    57.72474
                ],
                [
                    11.93002,
                    57.7247
                ],
                [
                    11.9303,
                    57.72458
                ],
                [
                    11.93036,
                    57.72455
                ],
                [
                    11.93038,
                    57.72446
                ],
                [
                    11.93042,
                    57.72443
                ],
                [
                    11.93067,
                    57.72435
                ],
                [
                    11.93071,
                    57.72432
                ],
                [
                    11.93071,
                    57.72423
                ],
                [
                    11.93065,
                    57.72414
                ],
                [
                    11.93074,
                    57.72408
                ],
                [
                    11.9302,
                    57.72371
                ],
                [
                    11.93,
                    57.72365
                ],
                [
                    11.92999,
                    57.72358
                ],
                [
                    11.92992,
                    57.72352
                ],
                [
                    11.92984,
                    57.72347
                ]
            ]
        }
    ]
}