{
    "city": 3,
    "initialStart": [
        11.9885,
        57.6842
    ],
    "trips": [
        {
            "summary": {
                "distance": 323.5,
                "duration": 52.9
            },
            "user": {
                "id": 1717,
                "token": "eyJhbGciOiJIUzI1NiIsInR5cCI6IkpXVCJ9.eyJpZCI6MTcxNywicm9sZSI6InVzZXIiLCJpYXQiOjE3MDA5NjM0NzIsImV4cCI6MTczMjQ5OTQ3Mn0.7zcAGGytE1X5ZCUVWMNIb_XO_eOCPWwt9hKBSlPBysw"
            },
            "coords": [
                [
                    11.9885,
                    57.6842
                ],
                [
                    11.98795,
                    57.68441
                ],
                [
                    11.98758,
                    57.68507
                ],
                [
                    11.98723,
                    57.68552
                ],
                [
                    11.98707,
                    57.68569
                ],
                [
                    11.9866,
                    57.68622
                ],
                [
                    11.98684,
                    57.68627
                ],
                [
                    11.98765,
                    57.68642
                ]
            ]
        },
        {
            "summary": {
                "distance": 605.5,
                "duration": 102.9
            },
            "user": {
                "id": 1718,
                "token": "eyJhbGciOiJIUzI1NiIsInR5cCI6IkpXVCJ9.eyJpZCI6MTcxOCwicm9sZSI6InVzZXIiLCJpYXQiOjE3MDA5NjM0NzIsImV4cCI6MTczMjQ5OTQ3Mn0.vNU8v3twYY_I8nAvrntzUKCV4iMwaP_9PEtxd-vG9iw"
            },
            "coords": [
                [
                    11.98765,
                    57.68642
                ],
                [
                    11.98684,
                    57.68627
                ],
                [
                    11.9866,
                    57.68622
                ],
                [
                    11.98707,
                    57.68569
                ],
                [
                    11.98723,
                    57.68552
                ],
                [
                    11.98818,
                    57.68581
                ],
                [
                    11.98846,
                    57.68597
                ],
                [
                    11.98877,
                    57.68611
                ],
                [
                    11.98887,
                    57.68615
                ],
                [
                    11.98951,
                    57.68625
                ],
                [
                    11.98934,
                    57.68666
                ],
                [
                    11.98905,
                    57.68717
                ],
                [
                    11.98978,
                    57.68732
                ],
                [
                    11.99044,
                    57.68744
                ],
                [
                    11.99046,
                    57.68744
                ],
                [
                    11.99088,
                    57.68753
                ],
                [
                    11.99099,
                    57.68732
                ],
                [
                    11.99138,
                    57.68737
                ],
                [
                    11.99168,
                    57.68735
                ],
                [
                    11.9917,
                    57.68732
                ]
            ]
        }
    ],
    "apiKey": "8aaee787950a8a43a61b48f6affa20d8"
}