{
    "city": 1,
    "initialStart": [
        18.0813,
        59.336
    ],
    "trips": [
        {
            "summary": {
                "distance": 582.7,
                "duration": 143.9
            },
            "user": {
                "id": 171,
                "token": "eyJhbGciOiJIUzI1NiIsInR5cCI6IkpXVCJ9.eyJpZCI6MTcxLCJyb2xlIjoidXNlciIsImlhdCI6MTcwMDkzMjQ3NSwiZXhwIjoxNzMyNDY4NDc1fQ.C3SpG5jxRezDpQJ5YGCkd8wXgIQHRVngmeIwomsRg48"
            },
            "coords": [
                [
                    18.0813,
                    59.336
                ],
                [
                    18.08099,
                    59.33561
                ],
                [
                    18.08091,
                    59.33558
                ],
                [
                    18.0808,
                    59.33559
                ],
                [
                    18.07983,
                    59.33578
                ],
                [
                    18.07975,
                    59.3358
                ],
                [
                    18.07956,
                    59.33557
                ],
                [
                    18.07951,
                    59.33551
                ],
                [
                    18.07837,
                    59.33419
                ],
                [
                    18.07833,
                    59.33413
                ],
                [
                    18.07829,
                    59.33408
                ],
                [
                    18.07777,
                    59.33346
                ],
                [
                    18.07718,
                    59.33358
                ],
                [
                    18.07677,
                    59.33367
                ],
                [
                    18.07669,
                    59.33369
                ],
                [
                    18.07662,
                    59.33371
                ],
                [
                    18.07675,
                    59.33387
                ],
                [
                    18.07714,
                    59.33437
                ],
                [
                    18.07726,
                    59.33435
                ],
                [
                    18.07759,
                    59.33428
                ]
            ]
        },
        {
            "summary": {
                "distance": 437.3,
                "duration": 86.9
            },
            "user": {
                "id": 172,
                "token": "eyJhbGciOiJIUzI1NiIsInR5cCI6IkpXVCJ9.eyJpZCI6MTcyLCJyb2xlIjoidXNlciIsImlhdCI6MTcwMDkzMjQ3NSwiZXhwIjoxNzMyNDY4NDc1fQ.N30H8odb6MEiA0As1LHIZxtfMvyveYJ9QsdEbx9xDYU"
            },
            "coords": [
                [
                    18.07759,
                    59.33428
                ],
                [
                    18.07822,
                    59.33415
                ],
                [
                    18.07833,
                    59.33413
                ],
                [
                    18.07845,
                    59.33411
                ],
                [
                    18.07953,
                    59.3339
                ],
                [
                    18.08054,
                    59.33369
                ],
                [
                    18.08071,
                    59.33365
                ],
                [
                    18.08081,
                    59.33363
                ],
                [
                    18.08233,
                    59.33333
                ],
                [
                    18.0824,
                    59.33331
                ],
                [
                    18.08388,
                    59.333
                ],
                [
                    18.08385,
                    59.33297
                ],
                [
                    18.08304,
                    59.33313
                ]
            ]
        }
    ]
}