{
    "city": 1,
    "initialStart": [
        18.08526,
        59.34116
    ],
    "trips": [
        {
            "summary": {
                "distance": 476.2,
                "duration": 113.7
            },
            "user": {
                "id": 173,
                "token": "eyJhbGciOiJIUzI1NiIsInR5cCI6IkpXVCJ9.eyJpZCI6MTczLCJyb2xlIjoidXNlciIsImlhdCI6MTcwMDkzMjY5NiwiZXhwIjoxNzMyNDY4Njk2fQ.TU--TuDbW5JVzOdCud-GrboDJ6do36Gctkbg6WFzUCw"
            },
            "coords": [
                [
                    18.08526,
                    59.34116
                ],
                [
                    18.08566,
                    59.34164
                ],
                [
                    18.08573,
                    59.34167
                ],
                [
                    18.08578,
                    59.34166
                ],
                [
                    18.08583,
                    59.34173
                ],
                [
                    18.08672,
                    59.34151
                ],
                [
                    18.08682,
                    59.3416
                ],
                [
                    18.08692,
                    59.34171
                ],
                [
                    18.08699,
                    59.34177
                ],
                [
                    18.08708,
                    59.34186
                ],
                [
                    18.08593,
                    59.34214
                ],
                [
                    18.08602,
                    59.34223
                ],
                [
                    18.08685,
                    59.34297
                ],
                [
                    18.08691,
                    59.34308
                ],
                [
                    18.08688,
                    59.34333
                ],
                [
                    18.08683,
                    59.34342
                ],
                [
                    18.08682,
                    59.34346
                ],
                [
                    18.08678,
                    59.34354
                ],
                [
                    18.08675,
                    59.3436
                ],
                [
                    18.08675,
                    59.34361
                ],
                [
                    18.08662,
                    59.34393
                ],
                [
                    18.08648,
                    59.34394
                ],
                [
                    18.0865,
                    59.34389
                ]
            ]
        },
        {
            "summary": {
                "distance": 966.1,
                "duration": 162
            },
            "user": {
                "id": 174,
                "token": "eyJhbGciOiJIUzI1NiIsInR5cCI6IkpXVCJ9.eyJpZCI6MTc0LCJyb2xlIjoidXNlciIsImlhdCI6MTcwMDkzMjY5NiwiZXhwIjoxNzMyNDY4Njk2fQ.lnbU0nqn7kdflVCKYeomQpdOlsDzjX4Hm6xh28jICvM"
            },
            "coords": [
                [
                    18.0865,
                    59.34389
                ],
                [
                    18.08648,
                    59.34394
                ],
                [
                    18.08662,
                    59.34393
                ],
                [
                    18.08675,
                    59.34361
                ],
                [
                    18.08675,
                    59.3436
                ],
                [
                    18.08678,
                    59.34354
                ],
                [
                    18.08682,
                    59.34346
                ],
                [
                    18.08683,
                    59.34342
                ],
                [
                    18.08661,
                    59.3434
                ],
                [
                    18.08604,
                    59.3434
                ],
                [
                    18.08593,
                    59.3434
                ],
                [
                    18.08586,
                    59.3434
                ],
                [
                    18.08533,
                    59.34348
                ],
                [
                    18.08505,
                    59.34353
                ],
                [
                    18.08502,
                    59.34357
                ],
                [
                    18.08484,
                    59.34362
                ],
                [
                    18.08461,
                    59.3437
                ],
                [
                    18.08419,
                    59.34389
                ],
                [
                    18.08408,
                    59.34396
                ],
                [
                    18.08401,
                    59.34399
                ],
                [
                    18.08392,
                    59.34399
                ],
                [
                    18.08391,
                    59.34404
                ],
                [
                    18.08367,
                    59.34426
                ],
                [
                    18.0835,
                    59.34459
                ],
                [
                    18.08345,
                    59.34479
                ],
                [
                    18.08345,
                    59.34491
                ],
                [
                    18.08349,
                    59.34507
                ],
                [
                    18.0836,
                    59.3453
                ],
                [
                    18.08366,
                    59.3454
                ],
                [
                    18.08389,
                    59.34562
                ],
                [
                    18.08394,
                    59.34567
                ],
                [
                    18.08357,
                    59.34579
                ],
                [
                    18.08354,
                    59.3458
                ],
                [
                    18.08335,
                    59.34587
                ],
                [
                    18.08324,
                    59.34592
                ],
                [
                    18.08307,
                    59.34588
                ],
                [
                    18.08299,
                    59.34585
                ],
                [
                    18.08294,
                    59.34584
                ],
                [
                    18.08205,
                    59.34559
                ],
                [
                    18.08141,
                    59.34537
                ],
                [
                    18.08078,
                    59.3451
                ],
                [
                    18.08031,
                    59.34481
                ],
                [
                    18.08006,
                    59.3446
                ],
                [
                    18.07948,
                    59.34398
                ],
                [
                    18.07947,
                    59.34392
                ],
                [
                    18.07935,
                    59.34395
                ],
                [
                    18.08009,
                    59.34474
                ],
                [
                    18.08038,
                    59.34495
                ],
                [
                    18.08049,
                    59.34501
                ]
            ]
        }
    ]
}