{
    "city": 3,
    "initialStart": [
        11.97544,
        57.71426
    ],
    "trips": [
        {
            "summary": {
                "distance": 423.3,
                "duration": 70.7
            },
            "user": {
                "id": 1743,
                "token": "eyJhbGciOiJIUzI1NiIsInR5cCI6IkpXVCJ9.eyJpZCI6MTc0Mywicm9sZSI6InVzZXIiLCJpYXQiOjE3MDA5NjM1NzUsImV4cCI6MTczMjQ5OTU3NX0.WXt3EHir9aGo5RacnfuOBegrB-1i9Yx2Cdnd2Q9Nby4"
            },
            "coords": [
                [
                    11.97544,
                    57.71426
                ],
                [
                    11.97527,
                    57.71421
                ],
                [
                    11.97467,
                    57.714
                ],
                [
                    11.97479,
                    57.7139
                ],
                [
                    11.97512,
                    57.71363
                ],
                [
                    11.97523,
                    57.71355
                ],
                [
                    11.97539,
                    57.71361
                ],
                [
                    11.9756,
                    57.71369
                ],
                [
                    11.97566,
                    57.71373
                ],
                [
                    11.97585,
                    57.71388
                ],
                [
                    11.97686,
                    57.71433
                ],
                [
                    11.97776,
                    57.71469
                ],
                [
                    11.97797,
                    57.71481
                ],
                [
                    11.97926,
                    57.71529
                ]
            ]
        },
        {
            "summary": {
                "distance": "",
                "duration": ""
            },
            "user": {
                "id": 1744,
                "token": "eyJhbGciOiJIUzI1NiIsInR5cCI6IkpXVCJ9.eyJpZCI6MTc0NCwicm9sZSI6InVzZXIiLCJpYXQiOjE3MDA5NjM1NzUsImV4cCI6MTczMjQ5OTU3NX0.72kzw7krXZtQrsPuWwWfCFWtIfTS3ZLaS0NJhvUkNho"
            },
            "coords": [
                [
                    11.97926,
                    57.71529
                ],
                [
                    11.97952,
                    57.71539
                ],
                [
                    11.98115,
                    57.71596
                ],
                [
                    11.9816,
                    57.71613
                ],
                [
                    11.98204,
                    57.71623
                ],
                [
                    11.98257,
                    57.71641
                ],
                [
                    11.98314,
                    57.71655
                ],
                [
                    11.98332,
                    57.71656
                ],
                [
                    11.98356,
                    57.71654
                ],
                [
                    11.98378,
                    57.71648
                ],
                [
                    11.9839,
                    57.71644
                ],
                [
                    11.98399,
                    57.71637
                ],
                [
                    11.98409,
                    57.71644
                ],
                [
                    11.98434,
                    57.71663
                ],
                [
                    11.98449,
                    57.71679
                ],
                [
                    11.98471,
                    57.71677
                ],
                [
                    11.98463,
                    57.71669
                ],
                [
                    11.98449,
                    57.71664
                ],
                [
                    11.98436,
                    57.71654
                ],
                [
                    11.98418,
                    57.71639
                ]
            ]
        }
    ],
    "apiKey": "832ddf5df1fe563fea7e00ae67bad8f6"
}