{
    "city": 3,
    "initialStart": [
        12.00532,
        57.7134
    ],
    "trips": [
        {
            "summary": {
                "distance": 333.1,
                "duration": 59.6
            },
            "user": {
                "id": 1745,
                "token": "eyJhbGciOiJIUzI1NiIsInR5cCI6IkpXVCJ9.eyJpZCI6MTc0NSwicm9sZSI6InVzZXIiLCJpYXQiOjE3MDA5NjM1NzUsImV4cCI6MTczMjQ5OTU3NX0.nnVEBr2-LzyuU7ELknJNpwAcJ4wCKMIbjKM5uHNhwRU"
            },
            "coords": [
                [
                    12.00532,
                    57.7134
                ],
                [
                    12.00506,
                    57.71332
                ],
                [
                    12.00571,
                    57.71276
                ],
                [
                    12.00581,
                    57.71268
                ],
                [
                    12.00584,
                    57.7126
                ],
                [
                    12.00571,
                    57.71221
                ],
                [
                    12.00554,
                    57.71181
                ],
                [
                    12.0053,
                    57.71128
                ],
                [
                    12.00523,
                    57.71114
                ],
                [
                    12.00522,
                    57.711
                ],
                [
                    12.00522,
                    57.71092
                ],
                [
                    12.00522,
                    57.71072
                ],
                [
                    12.00522,
                    57.71064
                ]
            ]
        },
        {
            "summary": {
                "distance": 254.5,
                "duration": 69.2
            },
            "user": {
                "id": 1746,
                "token": "eyJhbGciOiJIUzI1NiIsInR5cCI6IkpXVCJ9.eyJpZCI6MTc0Niwicm9sZSI6InVzZXIiLCJpYXQiOjE3MDA5NjM1NzUsImV4cCI6MTczMjQ5OTU3NX0.1Vtp7qMHVHIYbyAzZSBwp_CCaJ_8puBdxNPoZ63N1IA"
            },
            "coords": [
                [
                    12.00522,
                    57.71064
                ],
                [
                    12.00522,
                    57.71072
                ],
                [
                    12.00522,
                    57.71092
                ],
                [
                    12.00522,
                    57.711
                ],
                [
                    12.00523,
                    57.71114
                ],
                [
                    12.0053,
                    57.71128
                ],
                [
                    12.00554,
                    57.71181
                ],
                [
                    12.00571,
                    57.71221
                ],
                [
                    12.00607,
                    57.71217
                ],
                [
                    12.00615,
                    57.71234
                ],
                [
                    12.00619,
                    57.71233
                ],
                [
                    12.00618,
                    57.7124
                ],
                [
                    12.00621,
                    57.71247
                ],
                [
                    12.00642,
                    57.71243
                ],
                [
                    12.00647,
                    57.71243
                ]
            ]
        }
    ]
}