{
    "city": 3,
    "initialStart": [
        11.93101,
        57.70001
    ],
    "trips": [
        {
            "summary": {
                "distance": 225.3,
                "duration": 60.8
            },
            "user": {
                "id": 1749,
                "token": "eyJhbGciOiJIUzI1NiIsInR5cCI6IkpXVCJ9.eyJpZCI6MTc0OSwicm9sZSI6InVzZXIiLCJpYXQiOjE3MDA5NjM1NzUsImV4cCI6MTczMjQ5OTU3NX0.jFUCA8RCuQBSGHBxuXfiG-CvSsaph_jXHml8seId7Ss"
            },
            "coords": [
                [
                    11.93101,
                    57.70001
                ],
                [
                    11.93052,
                    57.70001
                ],
                [
                    11.9305,
                    57.70007
                ],
                [
                    11.93034,
                    57.70008
                ],
                [
                    11.9303,
                    57.70003
                ],
                [
                    11.93021,
                    57.7
                ],
                [
                    11.93014,
                    57.69999
                ],
                [
                    11.93003,
                    57.70002
                ],
                [
                    11.92997,
                    57.70007
                ],
                [
                    11.92969,
                    57.70003
                ],
                [
                    11.92852,
                    57.69968
                ],
                [
                    11.92847,
                    57.69965
                ],
                [
                    11.92828,
                    57.69973
                ],
                [
                    11.92809,
                    57.69987
                ],
                [
                    11.928,
                    57.6999
                ],
                [
                    11.9279,
                    57.69991
                ]
            ]
        },
        {
            "summary": {
                "distance": "",
                "duration": ""
            },
            "user": {
                "id": 1750,
                "token": "eyJhbGciOiJIUzI1NiIsInR5cCI6IkpXVCJ9.eyJpZCI6MTc1MCwicm9sZSI6InVzZXIiLCJpYXQiOjE3MDA5NjM1NzYsImV4cCI6MTczMjQ5OTU3Nn0.F8vFD9EgEYWwmaRMcXgHDbh-0zgcHnkT2pNxo1Y-W6o"
            },
            "coords": [
                [
                    11.9279,
                    57.69991
                ],
                [
                    11.9279,
                    57.69991
                ],
                [
                    11.928,
                    57.6999
                ],
                [
                    11.92809,
                    57.69987
                ],
                [
                    11.92828,
                    57.69973
                ],
                [
                    11.92847,
                    57.69965
                ],
                [
                    11.92853,
                    57.69962
                ],
                [
                    11.92863,
                    57.6995
                ],
                [
                    11.92867,
                    57.69936
                ],
                [
                    11.92871,
                    57.69929
                ],
                [
                    11.92897,
                    57.69913
                ],
                [
                    11.9288,
                    57.69904
                ],
                [
                    11.92893,
                    57.69895
                ],
                [
                    11.92794,
                    57.69836
                ],
                [
                    11.9277,
                    57.69825
                ],
                [
                    11.92686,
                    57.69794
                ],
                [
                    11.92634,
                    57.69776
                ],
                [
                    11.92515,
                    57.69741
                ],
                [
                    11.92412,
                    57.69715
                ],
                [
                    11.92356,
                    57.69704
                ]
            ]
        }
    ],
    "apiKey": "a246d54ac6abc78505f796c28bbc7811"
}