{
    "city": 3,
    "initialStart": [
        11.99331,
        57.68479
    ],
    "trips": [
        {
            "summary": {
                "distance": 281.3,
                "duration": 62.1
            },
            "user": {
                "id": 1751,
                "token": "eyJhbGciOiJIUzI1NiIsInR5cCI6IkpXVCJ9.eyJpZCI6MTc1MSwicm9sZSI6InVzZXIiLCJpYXQiOjE3MDA5NjM1NzYsImV4cCI6MTczMjQ5OTU3Nn0.e3HwxadTojM0UnFccxFtYQ4P4Zyj6FZZg3D7oXr7gWs"
            },
            "coords": [
                [
                    11.99331,
                    57.68479
                ],
                [
                    11.99391,
                    57.68442
                ],
                [
                    11.994,
                    57.68439
                ],
                [
                    11.99422,
                    57.68436
                ],
                [
                    11.9943,
                    57.68436
                ],
                [
                    11.99427,
                    57.68427
                ],
                [
                    11.99412,
                    57.68406
                ],
                [
                    11.994,
                    57.68393
                ],
                [
                    11.99413,
                    57.68387
                ],
                [
                    11.9942,
                    57.68378
                ],
                [
                    11.9943,
                    57.68377
                ],
                [
                    11.99452,
                    57.68367
                ],
                [
                    11.99486,
                    57.68349
                ],
                [
                    11.99529,
                    57.68318
                ],
                [
                    11.99543,
                    57.68299
                ],
                [
                    11.9953,
                    57.6829
                ]
            ]
        },
        {
            "summary": {
                "distance": "",
                "duration": ""
            },
            "user": {
                "id": 1752,
                "token": "eyJhbGciOiJIUzI1NiIsInR5cCI6IkpXVCJ9.eyJpZCI6MTc1Miwicm9sZSI6InVzZXIiLCJpYXQiOjE3MDA5NjM1NzYsImV4cCI6MTczMjQ5OTU3Nn0.j8hgqb1xgE50oHXcSZQ4Uo5jPbalztobNC0wizLRVxE"
            },
            "coords": [
                [
                    11.9953,
                    57.6829
                ],
                [
                    11.99543,
                    57.68299
                ],
                [
                    11.99552,
                    57.68307
                ],
                [
                    11.99574,
                    57.6832
                ],
                [
                    11.99579,
                    57.68351
                ],
                [
                    11.99609,
                    57.68381
                ],
                [
                    11.99673,
                    57.68393
                ],
                [
                    11.99683,
                    57.68393
                ],
                [
                    11.99726,
                    57.68404
                ],
                [
                    11.99743,
                    57.68404
                ],
                [
                    11.9976,
                    57.68401
                ],
                [
                    11.99797,
                    57.68406
                ],
                [
                    11.99832,
                    57.68411
                ],
                [
                    11.99836,
                    57.68413
                ],
                [
                    11.99834,
                    57.68417
                ],
                [
                    11.99847,
                    57.68418
                ],
                [
                    11.99869,
                    57.68421
                ],
                [
                    11.99876,
                    57.68421
                ],
                [
                    11.99875,
                    57.68424
                ],
                [
                    11.99864,
                    57.68439
                ]
            ]
        }
    ]
}