{
    "city": 3,
    "initialStart": [
        11.931,
        57.72568
    ],
    "trips": [
        {
            "summary": {
                "distance": 348.3,
                "duration": 123.9
            },
            "user": {
                "id": 1753,
                "token": "eyJhbGciOiJIUzI1NiIsInR5cCI6IkpXVCJ9.eyJpZCI6MTc1Mywicm9sZSI6InVzZXIiLCJpYXQiOjE3MDA5NjM1NzYsImV4cCI6MTczMjQ5OTU3Nn0.Ze38Vy3dE1PXmBLipfcZLMT9vQdCfWYx1o9VbcawvJg"
            },
            "coords": [
                [
                    11.931,
                    57.72568
                ],
                [
                    11.93007,
                    57.72572
                ],
                [
                    11.92996,
                    57.72519
                ],
                [
                    11.92991,
                    57.72474
                ],
                [
                    11.93002,
                    57.7247
                ],
                [
                    11.92859,
                    57.72474
                ],
                [
                    11.92834,
                    57.72481
                ],
                [
                    11.92788,
                    57.72476
                ],
                [
                    11.92781,
                    57.72471
                ],
                [
                    11.92759,
                    57.72471
                ],
                [
                    11.92734,
                    57.72468
                ],
                [
                    11.92715,
                    57.72468
                ]
            ]
        },
        {
            "summary": {
                "distance": "",
                "duration": ""
            },
            "user": {
                "id": 1754,
                "token": "eyJhbGciOiJIUzI1NiIsInR5cCI6IkpXVCJ9.eyJpZCI6MTc1NCwicm9sZSI6InVzZXIiLCJpYXQiOjE3MDA5NjM1NzYsImV4cCI6MTczMjQ5OTU3Nn0.QlpATYC6cX0SGoj5oEmRePLiOzU-DSsqC-r1RKdCGUI"
            },
            "coords": [
                [
                    11.92715,
                    57.72468
                ],
                [
                    11.92734,
                    57.72468
                ],
                [
                    11.92759,
                    57.72471
                ],
                [
                    11.92781,
                    57.72471
                ],
                [
                    11.92788,
                    57.72476
                ],
                [
                    11.92834,
                    57.72481
                ],
                [
                    11.92859,
                    57.72474
                ],
                [
                    11.93002,
                    57.7247
                ],
                [
                    11.9303,
                    57.72458
                ],
                [
                    11.93036,
                    57.72455
                ],
                [
                    11.93038,
                    57.72446
                ],
                [
                    11.93042,
                    57.72443
                ],
                [
                    11.93067,
                    57.72435
                ],
                [
                    11.93071,
                    57.72432
                ],
                [
                    11.93071,
                    57.72423
                ],
                [
                    11.93065,
                    57.72414
                ],
                [
                    11.93074,
                    57.72408
                ],
                [
                    11.9302,
                    57.72371
                ],
                [
                    11.93,
                    57.72365
                ],
                [
                    11.92999,
                    57.72358
                ]
            ]
        }
    ],
    "apiKey": "507557f558cd9001ab159310f1a69499"
}