{
    "city": 3,
    "initialStart": [
        11.9886,
        57.73086
    ],
    "trips": [
        {
            "summary": {
                "distance": 241.2,
                "duration": 39.5
            },
            "user": {
                "id": 1757,
                "token": "eyJhbGciOiJIUzI1NiIsInR5cCI6IkpXVCJ9.eyJpZCI6MTc1Nywicm9sZSI6InVzZXIiLCJpYXQiOjE3MDA5NjM1NzcsImV4cCI6MTczMjQ5OTU3N30.XG5u79BwkAjQ2ca7eWiCcEtAQiFUAzvTqN3UfEcQXvU"
            },
            "coords": [
                [
                    11.9886,
                    57.73086
                ],
                [
                    11.98739,
                    57.73105
                ],
                [
                    11.9868,
                    57.73115
                ],
                [
                    11.98676,
                    57.73107
                ],
                [
                    11.98672,
                    57.73101
                ],
                [
                    11.98652,
                    57.73098
                ],
                [
                    11.98617,
                    57.73075
                ],
                [
                    11.98599,
                    57.73065
                ],
                [
                    11.98562,
                    57.73053
                ],
                [
                    11.98544,
                    57.73049
                ],
                [
                    11.98519,
                    57.73046
                ]
            ]
        },
        {
            "summary": {
                "distance": "",
                "duration": ""
            },
            "user": {
                "id": 1758,
                "token": "eyJhbGciOiJIUzI1NiIsInR5cCI6IkpXVCJ9.eyJpZCI6MTc1OCwicm9sZSI6InVzZXIiLCJpYXQiOjE3MDA5NjM1NzcsImV4cCI6MTczMjQ5OTU3N30.U5mI_F2BJiHA1QNtiN-L6L3Tk0Tot9dfkPP6qNdtHaA"
            },
            "coords": [
                [
                    11.98519,
                    57.73046
                ],
                [
                    11.98503,
                    57.73044
                ],
                [
                    11.98462,
                    57.73041
                ],
                [
                    11.98439,
                    57.73043
                ],
                [
                    11.98424,
                    57.73046
                ],
                [
                    11.98411,
                    57.73052
                ],
                [
                    11.98394,
                    57.73054
                ],
                [
                    11.9834,
                    57.73062
                ],
                [
                    11.9828,
                    57.73074
                ],
                [
                    11.98225,
                    57.73088
                ],
                [
                    11.98221,
                    57.73089
                ],
                [
                    11.98219,
                    57.7309
                ],
                [
                    11.98211,
                    57.73091
                ],
                [
                    11.98183,
                    57.73087
                ],
                [
                    11.98172,
                    57.73089
                ],
                [
                    11.98163,
                    57.73091
                ],
                [
                    11.98151,
                    57.73093
                ],
                [
                    11.98131,
                    57.73104
                ],
                [
                    11.98137,
                    57.73115
                ],
                [
                    11.9814,
                    57.7312
                ]
            ]
        }
    ]
}