{
    "city": 1,
    "initialStart": [
        18.03164,
        59.34393
    ],
    "trips": [
        {
            "summary": {
                "distance": 566.6,
                "duration": 98.4
            },
            "user": {
                "id": 175,
                "token": "eyJhbGciOiJIUzI1NiIsInR5cCI6IkpXVCJ9.eyJpZCI6MTc1LCJyb2xlIjoidXNlciIsImlhdCI6MTcwMDkzMjY5NywiZXhwIjoxNzMyNDY4Njk3fQ.3i4Z_5rKaN2Deb1JaP73zZhHJ4ZzJNk_KHIJQel-w-A"
            },
            "coords": [
                [
                    18.03164,
                    59.34393
                ],
                [
                    18.03198,
                    59.34388
                ],
                [
                    18.03201,
                    59.34372
                ],
                [
                    18.03194,
                    59.3437
                ],
                [
                    18.0319,
                    59.34366
                ],
                [
                    18.03163,
                    59.34317
                ],
                [
                    18.03123,
                    59.34241
                ],
                [
                    18.03117,
                    59.34228
                ],
                [
                    18.031,
                    59.34233
                ],
                [
                    18.02785,
                    59.34323
                ],
                [
                    18.02772,
                    59.34327
                ],
                [
                    18.02707,
                    59.34326
                ],
                [
                    18.02694,
                    59.34322
                ],
                [
                    18.02671,
                    59.34312
                ],
                [
                    18.02641,
                    59.34298
                ],
                [
                    18.02634,
                    59.34291
                ],
                [
                    18.02634,
                    59.34265
                ],
                [
                    18.02635,
                    59.34253
                ]
            ]
        },
        {
            "summary": {
                "distance": 533.8,
                "duration": 87.3
            },
            "user": {
                "id": 176,
                "token": "eyJhbGciOiJIUzI1NiIsInR5cCI6IkpXVCJ9.eyJpZCI6MTc2LCJyb2xlIjoidXNlciIsImlhdCI6MTcwMDkzMjY5NywiZXhwIjoxNzMyNDY4Njk3fQ.A1hzUSWZcZeEA3WxmSmNH0HAIhRicxEtlAgvmAOg66A"
            },
            "coords": [
                [
                    18.02635,
                    59.34253
                ],
                [
                    18.02637,
                    59.34234
                ],
                [
                    18.02643,
                    59.34205
                ],
                [
                    18.02655,
                    59.34184
                ],
                [
                    18.0267,
                    59.34166
                ],
                [
                    18.02717,
                    59.34122
                ],
                [
                    18.02726,
                    59.34119
                ],
                [
                    18.03012,
                    59.3407
                ],
                [
                    18.03029,
                    59.34061
                ],
                [
                    18.03193,
                    59.34033
                ],
                [
                    18.03206,
                    59.3403
                ],
                [
                    18.03237,
                    59.34025
                ],
                [
                    18.03275,
                    59.34077
                ]
            ]
        }
    ]
}