{
    "city": 3,
    "initialStart": [
        11.99483,
        57.71564
    ],
    "trips": [
        {
            "summary": {
                "distance": 224.3,
                "duration": 90.7
            },
            "user": {
                "id": 1761,
                "token": "eyJhbGciOiJIUzI1NiIsInR5cCI6IkpXVCJ9.eyJpZCI6MTc2MSwicm9sZSI6InVzZXIiLCJpYXQiOjE3MDA5NjM1NzcsImV4cCI6MTczMjQ5OTU3N30.L4h9yHEV8ntI7F-1MSc4RVoEfbUM9YML-7riR_Xr27Q"
            },
            "coords": [
                [
                    11.99483,
                    57.71564
                ],
                [
                    11.99495,
                    57.71536
                ],
                [
                    11.99497,
                    57.71532
                ],
                [
                    11.99535,
                    57.71536
                ],
                [
                    11.99545,
                    57.71554
                ],
                [
                    11.99575,
                    57.71577
                ],
                [
                    11.99624,
                    57.71605
                ],
                [
                    11.99633,
                    57.71608
                ],
                [
                    11.99654,
                    57.71624
                ],
                [
                    11.99703,
                    57.71652
                ]
            ]
        },
        {
            "summary": {
                "distance": "",
                "duration": ""
            },
            "user": {
                "id": 1762,
                "token": "eyJhbGciOiJIUzI1NiIsInR5cCI6IkpXVCJ9.eyJpZCI6MTc2Miwicm9sZSI6InVzZXIiLCJpYXQiOjE3MDA5NjM1NzcsImV4cCI6MTczMjQ5OTU3N30.NTW8lrFNHScVNNrXsYkITsAbhy_2wUX3dx3c4Vr3ad8"
            },
            "coords": [
                [
                    11.99703,
                    57.71652
                ],
                [
                    11.99654,
                    57.71624
                ],
                [
                    11.99633,
                    57.71608
                ],
                [
                    11.99624,
                    57.71605
                ],
                [
                    11.99575,
                    57.71577
                ],
                [
                    11.99545,
                    57.71554
                ],
                [
                    11.99535,
                    57.71536
                ],
                [
                    11.99535,
                    57.7153
                ],
                [
                    11.99542,
                    57.71526
                ],
                [
                    11.99552,
                    57.71519
                ],
                [
                    11.9956,
                    57.7151
                ],
                [
                    11.99565,
                    57.715
                ],
                [
                    11.99594,
                    57.71437
                ],
                [
                    11.99599,
                    57.71434
                ],
                [
                    11.99598,
                    57.71427
                ],
                [
                    11.996,
                    57.71417
                ],
                [
                    11.99606,
                    57.71409
                ],
                [
                    11.99611,
                    57.71405
                ],
                [
                    11.99627,
                    57.71411
                ],
                [
                    11.99658,
                    57.71416
                ]
            ]
        }
    ]
}