{
    "city": 3,
    "initialStart": [
        11.97459,
        57.7295
    ],
    "trips": [
        {
            "summary": {
                "distance": 277.9,
                "duration": 56.2
            },
            "user": {
                "id": 1767,
                "token": "eyJhbGciOiJIUzI1NiIsInR5cCI6IkpXVCJ9.eyJpZCI6MTc2Nywicm9sZSI6InVzZXIiLCJpYXQiOjE3MDA5NjM1ODAsImV4cCI6MTczMjQ5OTU4MH0.0Qiww2Wb_1WcqY5GVVPFugXxTUVlsbDRrzvyvDHJ10k"
            },
            "coords": [
                [
                    11.97459,
                    57.7295
                ],
                [
                    11.97436,
                    57.72905
                ],
                [
                    11.97435,
                    57.72892
                ],
                [
                    11.9743,
                    57.72881
                ],
                [
                    11.97425,
                    57.72875
                ],
                [
                    11.97442,
                    57.72875
                ],
                [
                    11.97435,
                    57.7285
                ],
                [
                    11.97432,
                    57.72839
                ],
                [
                    11.97415,
                    57.72839
                ],
                [
                    11.97405,
                    57.72836
                ],
                [
                    11.97395,
                    57.72831
                ],
                [
                    11.97361,
                    57.7281
                ],
                [
                    11.97328,
                    57.7279
                ],
                [
                    11.97397,
                    57.72758
                ]
            ]
        },
        {
            "summary": {
                "distance": 292.5,
                "duration": 58.5
            },
            "user": {
                "id": 1768,
                "token": "eyJhbGciOiJIUzI1NiIsInR5cCI6IkpXVCJ9.eyJpZCI6MTc2OCwicm9sZSI6InVzZXIiLCJpYXQiOjE3MDA5NjM1ODAsImV4cCI6MTczMjQ5OTU4MH0.QNrb4ePQByi5bLRG-2bd7-kw7V5FOWEfzK1Lj_rExLo"
            },
            "coords": [
                [
                    11.97397,
                    57.72758
                ],
                [
                    11.97411,
                    57.72751
                ],
                [
                    11.97458,
                    57.72722
                ],
                [
                    11.97482,
                    57.72734
                ],
                [
                    11.97495,
                    57.72729
                ],
                [
                    11.97524,
                    57.72714
                ],
                [
                    11.97555,
                    57.72697
                ],
                [
                    11.97569,
                    57.72692
                ],
                [
                    11.97665,
                    57.72692
                ],
                [
                    11.97735,
                    57.72691
                ],
                [
                    11.97765,
                    57.72696
                ],
                [
                    11.97807,
                    57.72709
                ]
            ]
        }
    ],
    "apiKey": "e7585599fc29accb6f44d1ef03be54e7"
}