{
    "city": 3,
    "initialStart": [
        11.98315,
        57.70511
    ],
    "trips": [
        {
            "summary": {
                "distance": 378.1,
                "duration": 80.4
            },
            "user": {
                "id": 1797,
                "token": "eyJhbGciOiJIUzI1NiIsInR5cCI6IkpXVCJ9.eyJpZCI6MTc5Nywicm9sZSI6InVzZXIiLCJpYXQiOjE3MDA5NjM2ODksImV4cCI6MTczMjQ5OTY4OX0.E8bG-Eo7Qns-d4ug4Uh5v7Fyroeiy8Wh_xeXsz5pu54"
            },
            "coords": [
                [
                    11.98315,
                    57.70511
                ],
                [
                    11.98314,
                    57.70537
                ],
                [
                    11.98367,
                    57.70538
                ],
                [
                    11.98367,
                    57.70534
                ],
                [
                    11.98457,
                    57.70534
                ],
                [
                    11.98456,
                    57.70539
                ],
                [
                    11.98456,
                    57.70614
                ],
                [
                    11.98451,
                    57.70627
                ],
                [
                    11.98441,
                    57.70648
                ],
                [
                    11.98432,
                    57.70686
                ],
                [
                    11.98425,
                    57.70692
                ],
                [
                    11.98454,
                    57.70692
                ],
                [
                    11.9847,
                    57.70692
                ],
                [
                    11.98503,
                    57.70692
                ],
                [
                    11.9851,
                    57.70693
                ],
                [
                    11.98526,
                    57.70693
                ],
                [
                    11.98543,
                    57.70693
                ],
                [
                    11.98555,
                    57.70693
                ],
                [
                    11.98563,
                    57.70694
                ]
            ]
        },
        {
            "summary": {
                "distance": 267.1,
                "duration": 45.8
            },
            "user": {
                "id": 1798,
                "token": "eyJhbGciOiJIUzI1NiIsInR5cCI6IkpXVCJ9.eyJpZCI6MTc5OCwicm9sZSI6InVzZXIiLCJpYXQiOjE3MDA5NjM2OTAsImV4cCI6MTczMjQ5OTY5MH0.EeO9SPKVzPMoWkLmN_K2Tcko1Up6Skb1JilsNRZifh4"
            },
            "coords": [
                [
                    11.98563,
                    57.70694
                ],
                [
                    11.98555,
                    57.70693
                ],
                [
                    11.98543,
                    57.70693
                ],
                [
                    11.98526,
                    57.70693
                ],
                [
                    11.9851,
                    57.70693
                ],
                [
                    11.98503,
                    57.70692
                ],
                [
                    11.9847,
                    57.70692
                ],
                [
                    11.98454,
                    57.70692
                ],
                [
                    11.98425,
                    57.70692
                ],
                [
                    11.98412,
                    57.70696
                ],
                [
                    11.9835,
                    57.70699
                ],
                [
                    11.98291,
                    57.70707
                ],
                [
                    11.98253,
                    57.7071
                ],
                [
                    11.98178,
                    57.70709
                ],
                [
                    11.98134,
                    57.70705
                ],
                [
                    11.98134,
                    57.70697
                ]
            ]
        }
    ],
    "apiKey": "277d5785a242e23addecdd458fa0f637"
}