{
    "city": 1,
    "initialStart": [
        18.04576,
        59.34155
    ],
    "trips": [
        {
            "summary": {
                "distance": 566.2,
                "duration": 118
            },
            "user": {
                "id": 17,
                "token": "eyJhbGciOiJIUzI1NiIsInR5cCI6IkpXVCJ9.eyJpZCI6MTcsInJvbGUiOiJ1c2VyIiwiaWF0IjoxNzAwOTI5NDM1LCJleHAiOjE3MzI0NjU0MzV9.Doq9qR3pGIUjT-MmWpHrn6pd0nlc-r6cqXZE-TY2CDY"
            },
            "coords": [
                [
                    18.04576,
                    59.34155
                ],
                [
                    18.04575,
                    59.34155
                ],
                [
                    18.04569,
                    59.34162
                ],
                [
                    18.04562,
                    59.34169
                ],
                [
                    18.04468,
                    59.34264
                ],
                [
                    18.04458,
                    59.34275
                ],
                [
                    18.04449,
                    59.34283
                ],
                [
                    18.04415,
                    59.34282
                ],
                [
                    18.04249,
                    59.34276
                ],
                [
                    18.0424,
                    59.34276
                ],
                [
                    18.04079,
                    59.3427
                ],
                [
                    18.04054,
                    59.34269
                ],
                [
                    18.04031,
                    59.34268
                ],
                [
                    18.03894,
                    59.34263
                ],
                [
                    18.03892,
                    59.34252
                ],
                [
                    18.0389,
                    59.34244
                ],
                [
                    18.03885,
                    59.34242
                ],
                [
                    18.03912,
                    59.34212
                ],
                [
                    18.03932,
                    59.34191
                ]
            ]
        },
        {
            "summary": {
                "distance": 562.9,
                "duration": 123.2
            },
            "user": {
                "id": 18,
                "token": "eyJhbGciOiJIUzI1NiIsInR5cCI6IkpXVCJ9.eyJpZCI6MTgsInJvbGUiOiJ1c2VyIiwiaWF0IjoxNzAwOTI5NDM2LCJleHAiOjE3MzI0NjU0MzZ9.inRa6r-tGbXIII0KOWp5WabAJHMh7jAL6S145eNZ98E"
            },
            "coords": [
                [
                    18.03932,
                    59.34191
                ],
                [
                    18.03912,
                    59.34212
                ],
                [
                    18.03885,
                    59.34242
                ],
                [
                    18.0389,
                    59.34244
                ],
                [
                    18.03892,
                    59.34252
                ],
                [
                    18.04032,
                    59.34259
                ],
                [
                    18.04056,
                    59.3426
                ],
                [
                    18.0408,
                    59.34261
                ],
                [
                    18.04243,
                    59.34267
                ],
                [
                    18.0425,
                    59.34268
                ],
                [
                    18.04271,
                    59.34269
                ],
                [
                    18.04416,
                    59.34274
                ],
                [
                    18.04458,
                    59.34275
                ],
                [
                    18.04468,
                    59.34264
                ],
                [
                    18.04562,
                    59.34169
                ],
                [
                    18.0455,
                    59.34166
                ],
                [
                    18.0453,
                    59.34186
                ]
            ]
        }
    ],
    "apiKey": "9f9fc829b5bd5cf78218da8f8c862987"
}