{
    "city": 1,
    "initialStart": [
        18.10289,
        59.33191
    ],
    "trips": [
        {
            "summary": {
                "distance": 623.9,
                "duration": 140.8
            },
            "user": {
                "id": 179,
                "token": "eyJhbGciOiJIUzI1NiIsInR5cCI6IkpXVCJ9.eyJpZCI6MTc5LCJyb2xlIjoidXNlciIsImlhdCI6MTcwMDkzMjY5NywiZXhwIjoxNzMyNDY4Njk3fQ.Q5Toa4RkZ3UTL3zSK2uAgn1TCAJbS0fwD-ug3zjeOfQ"
            },
            "coords": [
                [
                    18.10289,
                    59.33191
                ],
                [
                    18.10294,
                    59.3318
                ],
                [
                    18.10327,
                    59.33188
                ],
                [
                    18.10335,
                    59.3319
                ],
                [
                    18.10264,
                    59.3324
                ],
                [
                    18.10281,
                    59.33246
                ],
                [
                    18.10296,
                    59.3326
                ],
                [
                    18.10337,
                    59.33273
                ],
                [
                    18.10344,
                    59.3328
                ],
                [
                    18.10344,
                    59.33282
                ],
                [
                    18.10322,
                    59.3331
                ],
                [
                    18.10343,
                    59.33313
                ],
                [
                    18.10375,
                    59.33312
                ],
                [
                    18.10375,
                    59.33317
                ],
                [
                    18.104,
                    59.33317
                ],
                [
                    18.10401,
                    59.3333
                ],
                [
                    18.10404,
                    59.33336
                ],
                [
                    18.10405,
                    59.33342
                ],
                [
                    18.10413,
                    59.33349
                ],
                [
                    18.10422,
                    59.33358
                ],
                [
                    18.1051,
                    59.33418
                ],
                [
                    18.10545,
                    59.33452
                ],
                [
                    18.10601,
                    59.33491
                ],
                [
                    18.10605,
                    59.33493
                ],
                [
                    18.10627,
                    59.33482
                ],
                [
                    18.10656,
                    59.33462
                ],
                [
                    18.10679,
                    59.33443
                ],
                [
                    18.10734,
                    59.33454
                ],
                [
                    18.10752,
                    59.33429
                ],
                [
                    18.10752,
                    59.33429
                ]
            ]
        },
        {
            "summary": {
                "distance": 446.5,
                "duration": 96
            },
            "user": {
                "id": 180,
                "token": "eyJhbGciOiJIUzI1NiIsInR5cCI6IkpXVCJ9.eyJpZCI6MTgwLCJyb2xlIjoidXNlciIsImlhdCI6MTcwMDkzMjY5NywiZXhwIjoxNzMyNDY4Njk3fQ.Psh6LYuOF_ra4NJ5yYbNCbO3DUqU3eGv1gWtzL8sISQ"
            },
            "coords": [
                [
                    18.10752,
                    59.33429
                ],
                [
                    18.10752,
                    59.33429
                ],
                [
                    18.10734,
                    59.33454
                ],
                [
                    18.10679,
                    59.33443
                ],
                [
                    18.10656,
                    59.33462
                ],
                [
                    18.10627,
                    59.33482
                ],
                [
                    18.10605,
                    59.33493
                ],
                [
                    18.10601,
                    59.33491
                ],
                [
                    18.10545,
                    59.33452
                ],
                [
                    18.1051,
                    59.33418
                ],
                [
                    18.10422,
                    59.33358
                ],
                [
                    18.10413,
                    59.33349
                ],
                [
                    18.10405,
                    59.33342
                ],
                [
                    18.10404,
                    59.33336
                ],
                [
                    18.10401,
                    59.3333
                ],
                [
                    18.10376,
                    59.33331
                ],
                [
                    18.10345,
                    59.3333
                ],
                [
                    18.10312,
                    59.33327
                ],
                [
                    18.10294,
                    59.33325
                ],
                [
                    18.1029,
                    59.33329
                ],
                [
                    18.10288,
                    59.33329
                ],
                [
                    18.10241,
                    59.33321
                ]
            ]
        }
    ]
}