{
    "city": 3,
    "initialStart": [
        11.92239,
        57.71015
    ],
    "trips": [
        {
            "summary": {
                "distance": 479.2,
                "duration": 82.8
            },
            "user": {
                "id": 1801,
                "token": "eyJhbGciOiJIUzI1NiIsInR5cCI6IkpXVCJ9.eyJpZCI6MTgwMSwicm9sZSI6InVzZXIiLCJpYXQiOjE3MDA5NjM2OTAsImV4cCI6MTczMjQ5OTY5MH0.FJT-CwNibpZHZE0Ed5C6-TX1oF3m_pUWFJ2o4et6mHA"
            },
            "coords": [
                [
                    11.92239,
                    57.71015
                ],
                [
                    11.9223,
                    57.7101
                ],
                [
                    11.92199,
                    57.71005
                ],
                [
                    11.92166,
                    57.71
                ],
                [
                    11.92145,
                    57.70996
                ],
                [
                    11.92143,
                    57.70986
                ],
                [
                    11.92007,
                    57.70984
                ],
                [
                    11.92024,
                    57.71021
                ],
                [
                    11.9202,
                    57.71031
                ],
                [
                    11.91999,
                    57.7103
                ],
                [
                    11.91983,
                    57.71031
                ],
                [
                    11.91944,
                    57.71037
                ],
                [
                    11.91913,
                    57.71042
                ],
                [
                    11.91879,
                    57.71049
                ],
                [
                    11.91959,
                    57.71079
                ],
                [
                    11.9196,
                    57.71087
                ],
                [
                    11.91952,
                    57.71096
                ],
                [
                    11.91907,
                    57.71147
                ],
                [
                    11.91892,
                    57.71165
                ],
                [
                    11.91875,
                    57.71184
                ]
            ]
        },
        {
            "summary": {
                "distance": 387.3,
                "duration": 63.4
            },
            "user": {
                "id": 1802,
                "token": "eyJhbGciOiJIUzI1NiIsInR5cCI6IkpXVCJ9.eyJpZCI6MTgwMiwicm9sZSI6InVzZXIiLCJpYXQiOjE3MDA5NjM2OTAsImV4cCI6MTczMjQ5OTY5MH0.6FiQE9LaJPR5WBgsNa80LhJlnQWEjbZM4CebOpXuBCE"
            },
            "coords": [
                [
                    11.91875,
                    57.71184
                ],
                [
                    11.91892,
                    57.71165
                ],
                [
                    11.91907,
                    57.71147
                ],
                [
                    11.91952,
                    57.71096
                ],
                [
                    11.9196,
                    57.71087
                ],
                [
                    11.91959,
                    57.71079
                ],
                [
                    11.91879,
                    57.71049
                ],
                [
                    11.91913,
                    57.71042
                ],
                [
                    11.91944,
                    57.71037
                ],
                [
                    11.91983,
                    57.71031
                ],
                [
                    11.91999,
                    57.7103
                ],
                [
                    11.9202,
                    57.71031
                ],
                [
                    11.92024,
                    57.71021
                ],
                [
                    11.92007,
                    57.70984
                ],
                [
                    11.9211,
                    57.70986
                ]
            ]
        }
    ],
    "apiKey": "d4168392391b8d9858d85587ad5efc5e"
}