{
    "city": 3,
    "initialStart": [
        11.96035,
        57.73178
    ],
    "trips": [
        {
            "summary": {
                "distance": 416.7,
                "duration": 68.2
            },
            "user": {
                "id": 1803,
                "token": "eyJhbGciOiJIUzI1NiIsInR5cCI6IkpXVCJ9.eyJpZCI6MTgwMywicm9sZSI6InVzZXIiLCJpYXQiOjE3MDA5NjM2OTIsImV4cCI6MTczMjQ5OTY5Mn0.sy6bmSkrHE2vvUEwb7Tcadpl8fktnimZ2nU4NbJ2keQ"
            },
            "coords": [
                [
                    11.96035,
                    57.73178
                ],
                [
                    11.95919,
                    57.73168
                ],
                [
                    11.95907,
                    57.73204
                ],
                [
                    11.95908,
                    57.73212
                ],
                [
                    11.95905,
                    57.73223
                ],
                [
                    11.95895,
                    57.73238
                ],
                [
                    11.95882,
                    57.73263
                ],
                [
                    11.95846,
                    57.73307
                ],
                [
                    11.9583,
                    57.73332
                ],
                [
                    11.95905,
                    57.73338
                ],
                [
                    11.96049,
                    57.73352
                ],
                [
                    11.96038,
                    57.73372
                ]
            ]
        },
        {
            "summary": {
                "distance": 286.8,
                "duration": 48.5
            },
            "user": {
                "id": 1804,
                "token": "eyJhbGciOiJIUzI1NiIsInR5cCI6IkpXVCJ9.eyJpZCI6MTgwNCwicm9sZSI6InVzZXIiLCJpYXQiOjE3MDA5NjM2OTMsImV4cCI6MTczMjQ5OTY5M30.iU989rtFfjlHiocuSe3vsNu-NrjJHna1lj-ViAecazY"
            },
            "coords": [
                [
                    11.96038,
                    57.73372
                ],
                [
                    11.96049,
                    57.73352
                ],
                [
                    11.95905,
                    57.73338
                ],
                [
                    11.9583,
                    57.73332
                ],
                [
                    11.95846,
                    57.73307
                ],
                [
                    11.95882,
                    57.73263
                ],
                [
                    11.9587,
                    57.73263
                ],
                [
                    11.95877,
                    57.73249
                ],
                [
                    11.95834,
                    57.73244
                ]
            ]
        }
    ]
}