{
    "city": 3,
    "initialStart": [
        11.96292,
        57.73665
    ],
    "trips": [
        {
            "summary": {
                "distance": 477.8,
                "duration": 78.2
            },
            "user": {
                "id": 1805,
                "token": "eyJhbGciOiJIUzI1NiIsInR5cCI6IkpXVCJ9.eyJpZCI6MTgwNSwicm9sZSI6InVzZXIiLCJpYXQiOjE3MDA5NjM2OTMsImV4cCI6MTczMjQ5OTY5M30.D1MK-ThQP3LGH15eplOkiAULB3OGGtu2gKiBIJkECHY"
            },
            "coords": [
                [
                    11.96292,
                    57.73665
                ],
                [
                    11.96206,
                    57.73681
                ],
                [
                    11.96165,
                    57.73679
                ],
                [
                    11.96041,
                    57.73669
                ],
                [
                    11.96019,
                    57.73668
                ],
                [
                    11.95966,
                    57.73669
                ],
                [
                    11.95891,
                    57.73672
                ],
                [
                    11.95885,
                    57.73672
                ],
                [
                    11.95814,
                    57.73669
                ],
                [
                    11.95823,
                    57.73612
                ],
                [
                    11.95904,
                    57.73612
                ],
                [
                    11.95909,
                    57.73597
                ],
                [
                    11.9593,
                    57.73555
                ],
                [
                    11.95935,
                    57.73544
                ]
            ]
        },
        {
            "summary": {
                "distance": "",
                "duration": ""
            },
            "user": {
                "id": 1806,
                "token": "eyJhbGciOiJIUzI1NiIsInR5cCI6IkpXVCJ9.eyJpZCI6MTgwNiwicm9sZSI6InVzZXIiLCJpYXQiOjE3MDA5NjM2OTMsImV4cCI6MTczMjQ5OTY5M30.TQY0UQj6Y05_0_ryXXE725jUmWn5WScaiUQTdHx4Bas"
            },
            "coords": [
                [
                    11.95935,
                    57.73544
                ],
                [
                    11.95967,
                    57.73481
                ],
                [
                    11.95982,
                    57.73482
                ],
                [
                    11.96097,
                    57.7349
                ],
                [
                    11.96112,
                    57.73461
                ],
                [
                    11.9617,
                    57.73464
                ],
                [
                    11.9618,
                    57.73467
                ],
                [
                    11.96188,
                    57.73465
                ],
                [
                    11.96309,
                    57.73472
                ],
                [
                    11.96342,
                    57.73467
                ],
                [
                    11.96332,
                    57.73483
                ],
                [
                    11.9633,
                    57.73493
                ],
                [
                    11.96347,
                    57.73543
                ],
                [
                    11.96386,
                    57.73564
                ],
                [
                    11.96402,
                    57.73568
                ],
                [
                    11.96422,
                    57.73595
                ],
                [
                    11.96426,
                    57.73603
                ],
                [
                    11.96419,
                    57.73605
                ],
                [
                    11.96415,
                    57.73605
                ],
                [
                    11.96409,
                    57.73612
                ]
            ]
        }
    ],
    "apiKey": "e99a916b196d08d688cc5a9a1c386d78"
}