{
    "city": 1,
    "initialStart": [
        18.00395,
        59.32663
    ],
    "trips": [
        {
            "summary": {
                "distance": 956.6,
                "duration": 267.8
            },
            "user": {
                "id": 181,
                "token": "eyJhbGciOiJIUzI1NiIsInR5cCI6IkpXVCJ9.eyJpZCI6MTgxLCJyb2xlIjoidXNlciIsImlhdCI6MTcwMDkzMjY5OCwiZXhwIjoxNzMyNDY4Njk4fQ.W_n9losfbG6vP_HpWkncjIvjtjoalLTw3fP5ZYZ_exk"
            },
            "coords": [
                [
                    18.00395,
                    59.32663
                ],
                [
                    18.00424,
                    59.32661
                ],
                [
                    18.00488,
                    59.32649
                ],
                [
                    18.00512,
                    59.32641
                ],
                [
                    18.00619,
                    59.32618
                ],
                [
                    18.00751,
                    59.32592
                ],
                [
                    18.00765,
                    59.32581
                ],
                [
                    18.00776,
                    59.32575
                ],
                [
                    18.00813,
                    59.32571
                ],
                [
                    18.00853,
                    59.32565
                ],
                [
                    18.00877,
                    59.32555
                ],
                [
                    18.00863,
                    59.32558
                ],
                [
                    18.00861,
                    59.32555
                ],
                [
                    18.00867,
                    59.32554
                ],
                [
                    18.00871,
                    59.32549
                ],
                [
                    18.0088,
                    59.32551
                ],
                [
                    18.00934,
                    59.32564
                ],
                [
                    18.00948,
                    59.32561
                ],
                [
                    18.01059,
                    59.32589
                ],
                [
                    18.01234,
                    59.3263
                ],
                [
                    18.01276,
                    59.32641
                ],
                [
                    18.01347,
                    59.32656
                ],
                [
                    18.01343,
                    59.32661
                ],
                [
                    18.01339,
                    59.32667
                ],
                [
                    18.01332,
                    59.32677
                ],
                [
                    18.01312,
                    59.32688
                ],
                [
                    18.01307,
                    59.32694
                ],
                [
                    18.01309,
                    59.32722
                ],
                [
                    18.01206,
                    59.32725
                ],
                [
                    18.01187,
                    59.32726
                ],
                [
                    18.01109,
                    59.32728
                ],
                [
                    18.01104,
                    59.32752
                ],
                [
                    18.01102,
                    59.32757
                ],
                [
                    18.01091,
                    59.32763
                ],
                [
                    18.00938,
                    59.328
                ]
            ]
        },
        {
            "summary": {
                "distance": 735.9,
                "duration": 125.2
            },
            "user": {
                "id": 182,
                "token": "eyJhbGciOiJIUzI1NiIsInR5cCI6IkpXVCJ9.eyJpZCI6MTgyLCJyb2xlIjoidXNlciIsImlhdCI6MTcwMDkzMjY5OCwiZXhwIjoxNzMyNDY4Njk4fQ.i-BzQvtWrbw91dl9CauOcOJgduEH1UKwFvwCB2Qx55U"
            },
            "coords": [
                [
                    18.00938,
                    59.328
                ],
                [
                    18.01091,
                    59.32763
                ],
                [
                    18.01102,
                    59.32757
                ],
                [
                    18.01104,
                    59.32752
                ],
                [
                    18.01109,
                    59.32728
                ],
                [
                    18.01187,
                    59.32726
                ],
                [
                    18.01206,
                    59.32725
                ],
                [
                    18.01309,
                    59.32722
                ],
                [
                    18.01307,
                    59.32694
                ],
                [
                    18.01312,
                    59.32688
                ],
                [
                    18.01332,
                    59.32677
                ],
                [
                    18.01339,
                    59.32667
                ],
                [
                    18.01224,
                    59.3264
                ],
                [
                    18.01166,
                    59.32626
                ],
                [
                    18.01071,
                    59.32603
                ],
                [
                    18.01049,
                    59.32597
                ],
                [
                    18.00938,
                    59.3257
                ],
                [
                    18.00934,
                    59.32564
                ],
                [
                    18.0088,
                    59.32551
                ],
                [
                    18.00871,
                    59.32549
                ],
                [
                    18.00846,
                    59.32542
                ],
                [
                    18.00823,
                    59.32537
                ],
                [
                    18.00709,
                    59.32508
                ],
                [
                    18.00702,
                    59.32515
                ],
                [
                    18.00715,
                    59.32518
                ]
            ]
        }
    ]
}