{
    "city": 3,
    "initialStart": [
        11.97014,
        57.69748
    ],
    "trips": [
        {
            "summary": {
                "distance": 376.2,
                "duration": 94.4
            },
            "user": {
                "id": 1821,
                "token": "eyJhbGciOiJIUzI1NiIsInR5cCI6IkpXVCJ9.eyJpZCI6MTgyMSwicm9sZSI6InVzZXIiLCJpYXQiOjE3MDA5NjM3NjksImV4cCI6MTczMjQ5OTc2OX0.Shfl3O8ayOn851UC05DwCou-7rKtliQpqr5Ul83UFWQ"
            },
            "coords": [
                [
                    11.97014,
                    57.69748
                ],
                [
                    11.97023,
                    57.69732
                ],
                [
                    11.9703,
                    57.69733
                ],
                [
                    11.97033,
                    57.69726
                ],
                [
                    11.97021,
                    57.69718
                ],
                [
                    11.97016,
                    57.69717
                ],
                [
                    11.96919,
                    57.69701
                ],
                [
                    11.96895,
                    57.69697
                ],
                [
                    11.96815,
                    57.69684
                ],
                [
                    11.96786,
                    57.6968
                ],
                [
                    11.96757,
                    57.69676
                ],
                [
                    11.96665,
                    57.69663
                ],
                [
                    11.96663,
                    57.69662
                ],
                [
                    11.96638,
                    57.69659
                ],
                [
                    11.9664,
                    57.69654
                ],
                [
                    11.96629,
                    57.69655
                ],
                [
                    11.96624,
                    57.69664
                ],
                [
                    11.96611,
                    57.69689
                ],
                [
                    11.96537,
                    57.69677
                ]
            ]
        },
        {
            "summary": {
                "distance": "",
                "duration": ""
            },
            "user": {
                "id": 1822,
                "token": "eyJhbGciOiJIUzI1NiIsInR5cCI6IkpXVCJ9.eyJpZCI6MTgyMiwicm9sZSI6InVzZXIiLCJpYXQiOjE3MDA5NjM3NjksImV4cCI6MTczMjQ5OTc2OX0.iOs3qqmUQszYl-EKIbeVYJRtD8MP47lDyCKUsAMLO08"
            },
            "coords": [
                [
                    11.96537,
                    57.69677
                ],
                [
                    11.96611,
                    57.69689
                ],
                [
                    11.96624,
                    57.69664
                ],
                [
                    11.96629,
                    57.69655
                ],
                [
                    11.9664,
                    57.69654
                ],
                [
                    11.96638,
                    57.69659
                ],
                [
                    11.96569,
                    57.69785
                ],
                [
                    11.96563,
                    57.69795
                ],
                [
                    11.96586,
                    57.69799
                ],
                [
                    11.96582,
                    57.69808
                ],
                [
                    11.96535,
                    57.698
                ],
                [
                    11.963,
                    57.69763
                ],
                [
                    11.96288,
                    57.69761
                ],
                [
                    11.96277,
                    57.69759
                ],
                [
                    11.96273,
                    57.69757
                ],
                [
                    11.9626,
                    57.69759
                ],
                [
                    11.96101,
                    57.69765
                ],
                [
                    11.96099,
                    57.69749
                ],
                [
                    11.96088,
                    57.69748
                ],
                [
                    11.96074,
                    57.69734
                ]
            ]
        }
    ]
}