{
    "city": 3,
    "initialStart": [
        11.90079,
        57.70428
    ],
    "trips": [
        {
            "summary": {
                "distance": 372,
                "duration": 60.9
            },
            "user": {
                "id": 1823,
                "token": "eyJhbGciOiJIUzI1NiIsInR5cCI6IkpXVCJ9.eyJpZCI6MTgyMywicm9sZSI6InVzZXIiLCJpYXQiOjE3MDA5NjM3NjksImV4cCI6MTczMjQ5OTc2OX0.WIRkhJcFikFqVY054wJMqEU1SMlrwLQjzGZE3fKH6ek"
            },
            "coords": [
                [
                    11.90079,
                    57.70428
                ],
                [
                    11.90113,
                    57.70452
                ],
                [
                    11.90132,
                    57.70447
                ],
                [
                    11.90143,
                    57.70455
                ],
                [
                    11.90189,
                    57.70487
                ],
                [
                    11.90171,
                    57.70494
                ],
                [
                    11.90099,
                    57.70537
                ],
                [
                    11.90095,
                    57.70539
                ],
                [
                    11.90123,
                    57.70555
                ],
                [
                    11.90141,
                    57.70565
                ],
                [
                    11.90172,
                    57.70582
                ],
                [
                    11.90191,
                    57.70593
                ],
                [
                    11.90254,
                    57.70627
                ],
                [
                    11.90271,
                    57.70637
                ],
                [
                    11.90316,
                    57.70662
                ]
            ]
        },
        {
            "summary": {
                "distance": 265.4,
                "duration": 43.4
            },
            "user": {
                "id": 1824,
                "token": "eyJhbGciOiJIUzI1NiIsInR5cCI6IkpXVCJ9.eyJpZCI6MTgyNCwicm9sZSI6InVzZXIiLCJpYXQiOjE3MDA5NjM3NzAsImV4cCI6MTczMjQ5OTc3MH0.a5CJ8hlgiVtYY64vDg5Ke1fZvwMN_sh5V8x08FaG07k"
            },
            "coords": [
                [
                    11.90316,
                    57.70662
                ],
                [
                    11.90344,
                    57.70678
                ],
                [
                    11.90356,
                    57.70672
                ],
                [
                    11.90401,
                    57.70652
                ],
                [
                    11.90392,
                    57.70644
                ],
                [
                    11.90406,
                    57.70639
                ],
                [
                    11.90414,
                    57.70637
                ],
                [
                    11.90428,
                    57.70637
                ],
                [
                    11.90442,
                    57.70647
                ],
                [
                    11.90447,
                    57.70648
                ],
                [
                    11.90454,
                    57.70648
                ],
                [
                    11.90467,
                    57.70645
                ],
                [
                    11.90533,
                    57.70622
                ],
                [
                    11.90538,
                    57.70618
                ],
                [
                    11.90546,
                    57.70616
                ],
                [
                    11.9057,
                    57.70605
                ],
                [
                    11.90614,
                    57.70581
                ],
                [
                    11.9064,
                    57.7057
                ]
            ]
        }
    ],
    "apiKey": "0017f128030fe76bdc43cf2181f4c60c"
}