{
    "city": 3,
    "initialStart": [
        11.96665,
        57.69953
    ],
    "trips": [
        {
            "summary": {
                "distance": 399.4,
                "duration": 89.2
            },
            "user": {
                "id": 1837,
                "token": "eyJhbGciOiJIUzI1NiIsInR5cCI6IkpXVCJ9.eyJpZCI6MTgzNywicm9sZSI6InVzZXIiLCJpYXQiOjE3MDA5NjM3NzgsImV4cCI6MTczMjQ5OTc3OH0.81HhrVv43PCOSWzSmIbPOKI_K19MlN_T8vWkfYNED1A"
            },
            "coords": [
                [
                    11.96665,
                    57.69953
                ],
                [
                    11.96662,
                    57.69953
                ],
                [
                    11.96657,
                    57.6995
                ],
                [
                    11.96657,
                    57.69948
                ],
                [
                    11.96651,
                    57.69955
                ],
                [
                    11.96767,
                    57.69973
                ],
                [
                    11.96836,
                    57.69855
                ],
                [
                    11.9684,
                    57.69848
                ],
                [
                    11.96859,
                    57.69851
                ],
                [
                    11.9694,
                    57.69864
                ],
                [
                    11.96957,
                    57.69868
                ],
                [
                    11.96962,
                    57.69858
                ],
                [
                    11.96969,
                    57.69846
                ],
                [
                    11.96962,
                    57.69845
                ],
                [
                    11.9697,
                    57.69829
                ],
                [
                    11.96977,
                    57.69816
                ],
                [
                    11.96972,
                    57.69815
                ],
                [
                    11.9695,
                    57.69812
                ],
                [
                    11.9693,
                    57.69811
                ]
            ]
        },
        {
            "summary": {
                "distance": "",
                "duration": ""
            },
            "user": {
                "id": 1838,
                "token": "eyJhbGciOiJIUzI1NiIsInR5cCI6IkpXVCJ9.eyJpZCI6MTgzOCwicm9sZSI6InVzZXIiLCJpYXQiOjE3MDA5NjM3NzgsImV4cCI6MTczMjQ5OTc3OH0.XB8KozVfdWnFMKk4RgQyz-hCt_nBWrWsEU8O7MOYPOY"
            },
            "coords": [
                [
                    11.9693,
                    57.69811
                ],
                [
                    11.9695,
                    57.69812
                ],
                [
                    11.96972,
                    57.69815
                ],
                [
                    11.96977,
                    57.69816
                ],
                [
                    11.9697,
                    57.69829
                ],
                [
                    11.96962,
                    57.69845
                ],
                [
                    11.96969,
                    57.69846
                ],
                [
                    11.9698,
                    57.69847
                ],
                [
                    11.96988,
                    57.69849
                ],
                [
                    11.96991,
                    57.69841
                ],
                [
                    11.96999,
                    57.69842
                ],
                [
                    11.97047,
                    57.69853
                ],
                [
                    11.97058,
                    57.69857
                ],
                [
                    11.97094,
                    57.69871
                ],
                [
                    11.97098,
                    57.69872
                ],
                [
                    11.97103,
                    57.69874
                ],
                [
                    11.97107,
                    57.69876
                ],
                [
                    11.97116,
                    57.6988
                ],
                [
                    11.97152,
                    57.69895
                ],
                [
                    11.97154,
                    57.69896
                ]
            ]
        }
    ],
    "apiKey": "9ffc533af5a9f5a90df38a086335a51d"
}