{
    "city": 1,
    "initialStart": [
        18.04273,
        59.31371
    ],
    "trips": [
        {
            "summary": {
                "distance": 1584.2,
                "duration": 341.7
            },
            "user": {
                "id": 183,
                "token": "eyJhbGciOiJIUzI1NiIsInR5cCI6IkpXVCJ9.eyJpZCI6MTgzLCJyb2xlIjoidXNlciIsImlhdCI6MTcwMDkzMjY5OCwiZXhwIjoxNzMyNDY4Njk4fQ.LcxgsGkhHM2jYpIDRBClhqLIuKazFoNCaR2Rb-HMgYI"
            },
            "coords": [
                [
                    18.04273,
                    59.31371
                ],
                [
                    18.04302,
                    59.31371
                ],
                [
                    18.04321,
                    59.3137
                ],
                [
                    18.04367,
                    59.31364
                ],
                [
                    18.04388,
                    59.31357
                ],
                [
                    18.04407,
                    59.31374
                ],
                [
                    18.04424,
                    59.31379
                ],
                [
                    18.04564,
                    59.31396
                ],
                [
                    18.04604,
                    59.31403
                ],
                [
                    18.04558,
                    59.31458
                ],
                [
                    18.04541,
                    59.31458
                ],
                [
                    18.04504,
                    59.31458
                ],
                [
                    18.04429,
                    59.31449
                ],
                [
                    18.04414,
                    59.31451
                ],
                [
                    18.04406,
                    59.31445
                ],
                [
                    18.04386,
                    59.31442
                ],
                [
                    18.04129,
                    59.31413
                ],
                [
                    18.03963,
                    59.31393
                ],
                [
                    18.03821,
                    59.31435
                ],
                [
                    18.03786,
                    59.31444
                ],
                [
                    18.03775,
                    59.31443
                ],
                [
                    18.03771,
                    59.3145
                ],
                [
                    18.03765,
                    59.31453
                ],
                [
                    18.03735,
                    59.31513
                ],
                [
                    18.0373,
                    59.31525
                ],
                [
                    18.03714,
                    59.31556
                ],
                [
                    18.03734,
                    59.31559
                ],
                [
                    18.03899,
                    59.3158
                ],
                [
                    18.04064,
                    59.31601
                ],
                [
                    18.04071,
                    59.31602
                ],
                [
                    18.04084,
                    59.31604
                ],
                [
                    18.04103,
                    59.31606
                ],
                [
                    18.04291,
                    59.31629
                ],
                [
                    18.04306,
                    59.31631
                ],
                [
                    18.04317,
                    59.31634
                ],
                [
                    18.04325,
                    59.31637
                ],
                [
                    18.04631,
                    59.31676
                ],
                [
                    18.04649,
                    59.31684
                ],
                [
                    18.04646,
                    59.3169
                ],
                [
                    18.04576,
                    59.3168
                ],
                [
                    18.04391,
                    59.31657
                ]
            ]
        },
        {
            "summary": {
                "distance": 561.6,
                "duration": 110.9
            },
            "user": {
                "id": 184,
                "token": "eyJhbGciOiJIUzI1NiIsInR5cCI6IkpXVCJ9.eyJpZCI6MTg0LCJyb2xlIjoidXNlciIsImlhdCI6MTcwMDkzMjY5OCwiZXhwIjoxNzMyNDY4Njk4fQ.uS1bwIAr5KUcqcx0qd36jTGUNE93ok5MUv676Q35968"
            },
            "coords": [
                [
                    18.04391,
                    59.31657
                ],
                [
                    18.04309,
                    59.31646
                ],
                [
                    18.04296,
                    59.31645
                ],
                [
                    18.04299,
                    59.31638
                ],
                [
                    18.04306,
                    59.31631
                ],
                [
                    18.04317,
                    59.31634
                ],
                [
                    18.04325,
                    59.31637
                ],
                [
                    18.04631,
                    59.31676
                ],
                [
                    18.04649,
                    59.31684
                ],
                [
                    18.05023,
                    59.3173
                ],
                [
                    18.0502,
                    59.31736
                ],
                [
                    18.05017,
                    59.31741
                ],
                [
                    18.04926,
                    59.3173
                ]
            ]
        }
    ],
    "apiKey": "4bd4d0a11936e952b53427fb164961d2"
}