{
    "city": 3,
    "initialStart": [
        12.01439,
        57.71562
    ],
    "trips": [
        {
            "summary": {
                "distance": 270.5,
                "duration": 63.7
            },
            "user": {
                "id": 1855,
                "token": "eyJhbGciOiJIUzI1NiIsInR5cCI6IkpXVCJ9.eyJpZCI6MTg1NSwicm9sZSI6InVzZXIiLCJpYXQiOjE3MDA5NjM4ODgsImV4cCI6MTczMjQ5OTg4OH0.GMg27sGrKVWv2ztEFLoOirXrQeHPdvBvtpD5P5MA6gs"
            },
            "coords": [
                [
                    12.01439,
                    57.71562
                ],
                [
                    12.01421,
                    57.71556
                ],
                [
                    12.01402,
                    57.71542
                ],
                [
                    12.01391,
                    57.71526
                ],
                [
                    12.01374,
                    57.71528
                ],
                [
                    12.01361,
                    57.7153
                ],
                [
                    12.01347,
                    57.71531
                ],
                [
                    12.01333,
                    57.71533
                ],
                [
                    12.01315,
                    57.71535
                ],
                [
                    12.0131,
                    57.71521
                ],
                [
                    12.01297,
                    57.71508
                ],
                [
                    12.01274,
                    57.71491
                ],
                [
                    12.01257,
                    57.71483
                ],
                [
                    12.0124,
                    57.71476
                ],
                [
                    12.01221,
                    57.71472
                ],
                [
                    12.0123,
                    57.71462
                ],
                [
                    12.01236,
                    57.71454
                ],
                [
                    12.01243,
                    57.71444
                ],
                [
                    12.01232,
                    57.71443
                ],
                [
                    12.01166,
                    57.71439
                ]
            ]
        },
        {
            "summary": {
                "distance": "",
                "duration": ""
            },
            "user": {
                "id": 1856,
                "token": "eyJhbGciOiJIUzI1NiIsInR5cCI6IkpXVCJ9.eyJpZCI6MTg1Niwicm9sZSI6InVzZXIiLCJpYXQiOjE3MDA5NjM4ODksImV4cCI6MTczMjQ5OTg4OX0.h2y3UQEfj9YBtYMZg2GniSVGSzwK7A1apiFDYzAiSOk"
            },
            "coords": [
                [
                    12.01166,
                    57.71439
                ],
                [
                    12.01232,
                    57.71443
                ],
                [
                    12.01243,
                    57.71444
                ],
                [
                    12.01236,
                    57.71454
                ],
                [
                    12.0123,
                    57.71462
                ],
                [
                    12.01221,
                    57.71472
                ],
                [
                    12.0124,
                    57.71476
                ],
                [
                    12.01257,
                    57.71483
                ],
                [
                    12.01274,
                    57.71491
                ],
                [
                    12.01297,
                    57.71508
                ],
                [
                    12.0131,
                    57.71521
                ],
                [
                    12.01315,
                    57.71535
                ],
                [
                    12.01333,
                    57.71533
                ],
                [
                    12.01347,
                    57.71531
                ],
                [
                    12.01361,
                    57.7153
                ],
                [
                    12.01374,
                    57.71528
                ],
                [
                    12.01391,
                    57.71526
                ],
                [
                    12.01402,
                    57.71542
                ],
                [
                    12.01421,
                    57.71556
                ],
                [
                    12.01448,
                    57.71564
                ]
            ]
        }
    ],
    "apiKey": "8d31382f04579d06e8960ba1518e4188"
}