{
    "city": 3,
    "initialStart": [
        11.8986,
        57.69469
    ],
    "trips": [
        {
            "summary": {
                "distance": 349.9,
                "duration": 57.2
            },
            "user": {
                "id": 1857,
                "token": "eyJhbGciOiJIUzI1NiIsInR5cCI6IkpXVCJ9.eyJpZCI6MTg1Nywicm9sZSI6InVzZXIiLCJpYXQiOjE3MDA5NjM4ODksImV4cCI6MTczMjQ5OTg4OX0.cq4hUAjJEVltrUH8bb6kEdzdyc9fwlPNHtzLInp9iLQ"
            },
            "coords": [
                [
                    11.8986,
                    57.69469
                ],
                [
                    11.89861,
                    57.69467
                ],
                [
                    11.89871,
                    57.6946
                ],
                [
                    11.89886,
                    57.69454
                ],
                [
                    11.89902,
                    57.69453
                ],
                [
                    11.89933,
                    57.69456
                ],
                [
                    11.89961,
                    57.69462
                ],
                [
                    11.89965,
                    57.69469
                ],
                [
                    11.89963,
                    57.69476
                ],
                [
                    11.89948,
                    57.69494
                ],
                [
                    11.89938,
                    57.695
                ],
                [
                    11.89917,
                    57.69525
                ],
                [
                    11.89895,
                    57.69559
                ],
                [
                    11.89889,
                    57.69575
                ],
                [
                    11.89891,
                    57.69588
                ],
                [
                    11.89905,
                    57.69624
                ],
                [
                    11.89919,
                    57.69631
                ],
                [
                    11.89896,
                    57.69668
                ],
                [
                    11.89884,
                    57.69698
                ],
                [
                    11.89883,
                    57.69699
                ]
            ]
        },
        {
            "summary": {
                "distance": 464.8,
                "duration": 92.1
            },
            "user": {
                "id": 1858,
                "token": "eyJhbGciOiJIUzI1NiIsInR5cCI6IkpXVCJ9.eyJpZCI6MTg1OCwicm9sZSI6InVzZXIiLCJpYXQiOjE3MDA5NjM4ODksImV4cCI6MTczMjQ5OTg4OX0.PB9GHrTWnd9ITokT1Bn2VS3a1PVnuCijZRNk_Kzjx6Q"
            },
            "coords": [
                [
                    11.89883,
                    57.69699
                ],
                [
                    11.89877,
                    57.69707
                ],
                [
                    11.89834,
                    57.6973
                ],
                [
                    11.89828,
                    57.69739
                ],
                [
                    11.89828,
                    57.69748
                ],
                [
                    11.89831,
                    57.69755
                ],
                [
                    11.89866,
                    57.69743
                ],
                [
                    11.89938,
                    57.69719
                ],
                [
                    11.89964,
                    57.69708
                ],
                [
                    11.90008,
                    57.69736
                ],
                [
                    11.90115,
                    57.69799
                ],
                [
                    11.90172,
                    57.69771
                ],
                [
                    11.90191,
                    57.69759
                ],
                [
                    11.90205,
                    57.69754
                ],
                [
                    11.90215,
                    57.69751
                ],
                [
                    11.90294,
                    57.69731
                ],
                [
                    11.90297,
                    57.6973
                ],
                [
                    11.90315,
                    57.6975
                ],
                [
                    11.90317,
                    57.69752
                ]
            ]
        }
    ],
    "apiKey": "59c70d71a7204918ba6d429dd6df180d"
}