{
    "city": 1,
    "initialStart": [
        18.05371,
        59.32705
    ],
    "trips": [
        {
            "summary": {
                "distance": 245.1,
                "duration": 58.1
            },
            "user": {
                "id": 185,
                "token": "eyJhbGciOiJIUzI1NiIsInR5cCI6IkpXVCJ9.eyJpZCI6MTg1LCJyb2xlIjoidXNlciIsImlhdCI6MTcwMDkzMjY5OCwiZXhwIjoxNzMyNDY4Njk4fQ.yQzOLcMiLW3pNRZPITF4G3ouAen9vYGjxm5JqAqwClY"
            },
            "coords": [
                [
                    18.05371,
                    59.32705
                ],
                [
                    18.0533,
                    59.32699
                ],
                [
                    18.05331,
                    59.32701
                ],
                [
                    18.05142,
                    59.32684
                ],
                [
                    18.05045,
                    59.32675
                ],
                [
                    18.05027,
                    59.32677
                ],
                [
                    18.05023,
                    59.32674
                ],
                [
                    18.05016,
                    59.32672
                ],
                [
                    18.05018,
                    59.32663
                ],
                [
                    18.04975,
                    59.3266
                ]
            ]
        },
        {
            "summary": {
                "distance": 568.5,
                "duration": 107.6
            },
            "user": {
                "id": 186,
                "token": "eyJhbGciOiJIUzI1NiIsInR5cCI6IkpXVCJ9.eyJpZCI6MTg2LCJyb2xlIjoidXNlciIsImlhdCI6MTcwMDkzMjY5OCwiZXhwIjoxNzMyNDY4Njk4fQ.H7Raq3Eb9E3dieVNTUA5IB4pyzTjE1PySyHE_UCMt4g"
            },
            "coords": [
                [
                    18.04975,
                    59.3266
                ],
                [
                    18.05018,
                    59.32663
                ],
                [
                    18.05016,
                    59.32672
                ],
                [
                    18.05013,
                    59.3268
                ],
                [
                    18.05012,
                    59.32686
                ],
                [
                    18.05029,
                    59.32688
                ],
                [
                    18.05031,
                    59.32695
                ],
                [
                    18.05043,
                    59.32724
                ],
                [
                    18.05076,
                    59.32799
                ],
                [
                    18.04991,
                    59.3281
                ],
                [
                    18.05014,
                    59.32863
                ],
                [
                    18.05024,
                    59.32897
                ],
                [
                    18.05038,
                    59.3294
                ],
                [
                    18.05036,
                    59.32944
                ],
                [
                    18.05043,
                    59.32967
                ],
                [
                    18.05052,
                    59.32977
                ],
                [
                    18.0506,
                    59.32971
                ],
                [
                    18.05083,
                    59.32968
                ],
                [
                    18.05093,
                    59.32971
                ],
                [
                    18.05103,
                    59.32965
                ],
                [
                    18.05111,
                    59.32962
                ],
                [
                    18.05144,
                    59.3296
                ],
                [
                    18.05149,
                    59.32959
                ],
                [
                    18.05201,
                    59.32957
                ],
                [
                    18.05217,
                    59.32959
                ],
                [
                    18.0522,
                    59.32959
                ],
                [
                    18.05277,
                    59.32974
                ]
            ]
        }
    ]
}