{
    "city": 3,
    "initialStart": [
        11.92582,
        57.67601
    ],
    "trips": [
        {
            "summary": {
                "distance": 287.7,
                "duration": 47.1
            },
            "user": {
                "id": 1861,
                "token": "eyJhbGciOiJIUzI1NiIsInR5cCI6IkpXVCJ9.eyJpZCI6MTg2MSwicm9sZSI6InVzZXIiLCJpYXQiOjE3MDA5NjM4ODksImV4cCI6MTczMjQ5OTg4OX0.ZejtOtje76MpEzGEuZ33EcPwGYTjGtOpNgddWBoPIuQ"
            },
            "coords": [
                [
                    11.92582,
                    57.67601
                ],
                [
                    11.92601,
                    57.67608
                ],
                [
                    11.92628,
                    57.67613
                ],
                [
                    11.92863,
                    57.67633
                ],
                [
                    11.92897,
                    57.67636
                ],
                [
                    11.92889,
                    57.6765
                ],
                [
                    11.92898,
                    57.67651
                ],
                [
                    11.92903,
                    57.67647
                ],
                [
                    11.92913,
                    57.67644
                ],
                [
                    11.92949,
                    57.67646
                ],
                [
                    11.93014,
                    57.67652
                ]
            ]
        },
        {
            "summary": {
                "distance": "",
                "duration": ""
            },
            "user": {
                "id": 1862,
                "token": "eyJhbGciOiJIUzI1NiIsInR5cCI6IkpXVCJ9.eyJpZCI6MTg2Miwicm9sZSI6InVzZXIiLCJpYXQiOjE3MDA5NjM4ODksImV4cCI6MTczMjQ5OTg4OX0.2CiS7kmHrLbZNSLwGWq7dKQuD2Mtsj5oMM1X8FT2530"
            },
            "coords": [
                [
                    11.93014,
                    57.67652
                ],
                [
                    11.93105,
                    57.6766
                ],
                [
                    11.93133,
                    57.67663
                ],
                [
                    11.93137,
                    57.67664
                ],
                [
                    11.93183,
                    57.67689
                ],
                [
                    11.93231,
                    57.67708
                ],
                [
                    11.93233,
                    57.67721
                ],
                [
                    11.93248,
                    57.67731
                ],
                [
                    11.93243,
                    57.67735
                ],
                [
                    11.93247,
                    57.67737
                ],
                [
                    11.93251,
                    57.67738
                ],
                [
                    11.93261,
                    57.6774
                ],
                [
                    11.93265,
                    57.67742
                ],
                [
                    11.93282,
                    57.67739
                ],
                [
                    11.93285,
                    57.67745
                ],
                [
                    11.93345,
                    57.67766
                ],
                [
                    11.93349,
                    57.67763
                ],
                [
                    11.93339,
                    57.67753
                ],
                [
                    11.93346,
                    57.6775
                ],
                [
                    11.93354,
                    57.67747
                ]
            ]
        }
    ]
}