{
    "city": 1,
    "initialStart": [
        18.06714,
        59.33586
    ],
    "trips": [
        {
            "summary": {
                "distance": 785.6,
                "duration": 150.5
            },
            "user": {
                "id": 187,
                "token": "eyJhbGciOiJIUzI1NiIsInR5cCI6IkpXVCJ9.eyJpZCI6MTg3LCJyb2xlIjoidXNlciIsImlhdCI6MTcwMDkzMjY5OSwiZXhwIjoxNzMyNDY4Njk5fQ.bZYr2qp6dL9OIhMpXmtDeGzc-W_WeIjv_55Q-71hVAw"
            },
            "coords": [
                [
                    18.06714,
                    59.33586
                ],
                [
                    18.06668,
                    59.33583
                ],
                [
                    18.06666,
                    59.33593
                ],
                [
                    18.06853,
                    59.33601
                ],
                [
                    18.07079,
                    59.33612
                ],
                [
                    18.07098,
                    59.33613
                ],
                [
                    18.07112,
                    59.33614
                ],
                [
                    18.07168,
                    59.33616
                ],
                [
                    18.072,
                    59.33616
                ],
                [
                    18.07224,
                    59.33616
                ],
                [
                    18.07229,
                    59.33617
                ],
                [
                    18.07243,
                    59.33618
                ],
                [
                    18.07234,
                    59.33624
                ],
                [
                    18.07224,
                    59.3363
                ],
                [
                    18.07208,
                    59.3364
                ],
                [
                    18.07121,
                    59.33697
                ],
                [
                    18.07041,
                    59.3375
                ],
                [
                    18.07033,
                    59.33755
                ],
                [
                    18.07029,
                    59.33758
                ],
                [
                    18.07018,
                    59.33763
                ],
                [
                    18.06967,
                    59.33784
                ],
                [
                    18.06948,
                    59.33793
                ],
                [
                    18.06939,
                    59.33797
                ],
                [
                    18.06926,
                    59.33803
                ],
                [
                    18.06905,
                    59.33816
                ],
                [
                    18.06834,
                    59.33886
                ],
                [
                    18.06824,
                    59.33883
                ],
                [
                    18.06815,
                    59.33881
                ],
                [
                    18.06813,
                    59.3388
                ],
                [
                    18.0681,
                    59.33879
                ],
                [
                    18.06829,
                    59.3386
                ]
            ]
        },
        {
            "summary": {
                "distance": 559.9,
                "duration": 114.3
            },
            "user": {
                "id": 188,
                "token": "eyJhbGciOiJIUzI1NiIsInR5cCI6IkpXVCJ9.eyJpZCI6MTg4LCJyb2xlIjoidXNlciIsImlhdCI6MTcwMDkzMjY5OSwiZXhwIjoxNzMyNDY4Njk5fQ.HRHmkn1eH1DwmhYXav9nQh6zi6ZXrzM5QxwvI8G4Uq0"
            },
            "coords": [
                [
                    18.06829,
                    59.3386
                ],
                [
                    18.0681,
                    59.33879
                ],
                [
                    18.06813,
                    59.3388
                ],
                [
                    18.06815,
                    59.33881
                ],
                [
                    18.06824,
                    59.33883
                ],
                [
                    18.06834,
                    59.33886
                ],
                [
                    18.0681,
                    59.33911
                ],
                [
                    18.06788,
                    59.33933
                ],
                [
                    18.06799,
                    59.33937
                ],
                [
                    18.06874,
                    59.33966
                ],
                [
                    18.06902,
                    59.33968
                ],
                [
                    18.06932,
                    59.33973
                ],
                [
                    18.06979,
                    59.33989
                ],
                [
                    18.06993,
                    59.33989
                ],
                [
                    18.07001,
                    59.33989
                ],
                [
                    18.07002,
                    59.34057
                ],
                [
                    18.07012,
                    59.34076
                ],
                [
                    18.0707,
                    59.34147
                ],
                [
                    18.07075,
                    59.34153
                ],
                [
                    18.07197,
                    59.34127
                ],
                [
                    18.07224,
                    59.34122
                ],
                [
                    18.0722,
                    59.34116
                ],
                [
                    18.07273,
                    59.34105
                ]
            ]
        }
    ]
}