{
    "city": 3,
    "initialStart": [
        11.97304,
        57.72105
    ],
    "trips": [
        {
            "summary": {
                "distance": 356.1,
                "duration": 68.3
            },
            "user": {
                "id": 1879,
                "token": "eyJhbGciOiJIUzI1NiIsInR5cCI6IkpXVCJ9.eyJpZCI6MTg3OSwicm9sZSI6InVzZXIiLCJpYXQiOjE3MDA5NjM4OTMsImV4cCI6MTczMjQ5OTg5M30.8LVnPaW1Glgio0q7xKsG7HI8aMdwzH6bIoKbdQJ6d7M"
            },
            "coords": [
                [
                    11.97304,
                    57.72105
                ],
                [
                    11.97333,
                    57.72078
                ],
                [
                    11.97172,
                    57.72029
                ],
                [
                    11.97094,
                    57.72001
                ],
                [
                    11.96942,
                    57.71946
                ],
                [
                    11.96921,
                    57.71987
                ]
            ]
        },
        {
            "summary": {
                "distance": 226.9,
                "duration": 37.1
            },
            "user": {
                "id": 1880,
                "token": "eyJhbGciOiJIUzI1NiIsInR5cCI6IkpXVCJ9.eyJpZCI6MTg4MCwicm9sZSI6InVzZXIiLCJpYXQiOjE3MDA5NjM4OTMsImV4cCI6MTczMjQ5OTg5M30.nTFHcSIqY6ZkOAAUaCeMzzzpTFFtd4asB5gAZVAQfRc"
            },
            "coords": [
                [
                    11.9692,
                    57.71987
                ],
                [
                    11.96942,
                    57.71946
                ],
                [
                    11.97029,
                    57.71869
                ],
                [
                    11.97079,
                    57.71825
                ],
                [
                    11.97099,
                    57.71808
                ]
            ]
        }
    ]
}