{
    "city": 3,
    "initialStart": [
        11.92272,
        57.69834
    ],
    "trips": [
        {
            "summary": {
                "distance": 287.5,
                "duration": 55.4
            },
            "user": {
                "id": 1883,
                "token": "eyJhbGciOiJIUzI1NiIsInR5cCI6IkpXVCJ9.eyJpZCI6MTg4Mywicm9sZSI6InVzZXIiLCJpYXQiOjE3MDA5NjM4OTQsImV4cCI6MTczMjQ5OTg5NH0.dY6kYxhF25Uiz36t4Y3zSSoJqoduO9HrsCnc0yBaSEw"
            },
            "coords": [
                [
                    11.92272,
                    57.69834
                ],
                [
                    11.92125,
                    57.69812
                ],
                [
                    11.92117,
                    57.69807
                ],
                [
                    11.92113,
                    57.69799
                ],
                [
                    11.92113,
                    57.69791
                ],
                [
                    11.92117,
                    57.69783
                ],
                [
                    11.92127,
                    57.69774
                ],
                [
                    11.9211,
                    57.69765
                ],
                [
                    11.92042,
                    57.69726
                ],
                [
                    11.92095,
                    57.69688
                ],
                [
                    11.92101,
                    57.69686
                ],
                [
                    11.92115,
                    57.69687
                ],
                [
                    11.92133,
                    57.69692
                ]
            ]
        },
        {
            "summary": {
                "distance": 350.5,
                "duration": 57.4
            },
            "user": {
                "id": 1884,
                "token": "eyJhbGciOiJIUzI1NiIsInR5cCI6IkpXVCJ9.eyJpZCI6MTg4NCwicm9sZSI6InVzZXIiLCJpYXQiOjE3MDA5NjM4OTQsImV4cCI6MTczMjQ5OTg5NH0.SGb6smhVMrGWSP08Wi4WvBuHwy5MxFRVS1hENyj_-0U"
            },
            "coords": [
                [
                    11.92133,
                    57.69692
                ],
                [
                    11.92115,
                    57.69687
                ],
                [
                    11.92101,
                    57.69686
                ],
                [
                    11.92095,
                    57.69688
                ],
                [
                    11.92042,
                    57.69726
                ],
                [
                    11.9211,
                    57.69765
                ],
                [
                    11.92127,
                    57.69774
                ],
                [
                    11.9216,
                    57.69782
                ],
                [
                    11.92267,
                    57.69791
                ],
                [
                    11.92382,
                    57.69805
                ],
                [
                    11.92402,
                    57.69804
                ],
                [
                    11.92414,
                    57.698
                ],
                [
                    11.92423,
                    57.69806
                ],
                [
                    11.92445,
                    57.69812
                ],
                [
                    11.92445,
                    57.69812
                ]
            ]
        }
    ],
    "apiKey": "6558350d5474cb64374adbde57d3a9e3"
}