{
    "city": 3,
    "initialStart": [
        11.96016,
        57.73415
    ],
    "trips": [
        {
            "summary": {
                "distance": 407.6,
                "duration": 84.1
            },
            "user": {
                "id": 1885,
                "token": "eyJhbGciOiJIUzI1NiIsInR5cCI6IkpXVCJ9.eyJpZCI6MTg4NSwicm9sZSI6InVzZXIiLCJpYXQiOjE3MDA5NjM4OTQsImV4cCI6MTczMjQ5OTg5NH0.NV-j__8nQRELrA0tB3QS0CAu4s2uqaJF8_ItXg3kevs"
            },
            "coords": [
                [
                    11.96016,
                    57.73415
                ],
                [
                    11.95982,
                    57.73482
                ],
                [
                    11.96097,
                    57.7349
                ],
                [
                    11.96112,
                    57.73461
                ],
                [
                    11.9617,
                    57.73464
                ],
                [
                    11.9618,
                    57.73467
                ],
                [
                    11.96188,
                    57.73465
                ],
                [
                    11.96309,
                    57.73472
                ],
                [
                    11.96342,
                    57.73467
                ],
                [
                    11.96332,
                    57.73483
                ],
                [
                    11.9633,
                    57.73493
                ],
                [
                    11.96347,
                    57.73543
                ]
            ]
        },
        {
            "summary": {
                "distance": "",
                "duration": ""
            },
            "user": {
                "id": 1886,
                "token": "eyJhbGciOiJIUzI1NiIsInR5cCI6IkpXVCJ9.eyJpZCI6MTg4Niwicm9sZSI6InVzZXIiLCJpYXQiOjE3MDA5NjM4OTQsImV4cCI6MTczMjQ5OTg5NH0.VSZZYfssxdZJ0lM92EjCezuGhRhYHxtCej_7nLT-8Ls"
            },
            "coords": [
                [
                    11.96347,
                    57.73543
                ],
                [
                    11.96347,
                    57.73543
                ],
                [
                    11.96386,
                    57.73564
                ],
                [
                    11.96402,
                    57.73568
                ],
                [
                    11.96422,
                    57.73595
                ],
                [
                    11.96439,
                    57.73602
                ],
                [
                    11.96451,
                    57.73603
                ],
                [
                    11.96466,
                    57.73597
                ],
                [
                    11.96474,
                    57.73592
                ],
                [
                    11.96483,
                    57.73592
                ],
                [
                    11.96493,
                    57.73581
                ],
                [
                    11.96513,
                    57.73579
                ],
                [
                    11.96527,
                    57.7358
                ],
                [
                    11.96576,
                    57.73594
                ],
                [
                    11.96578,
                    57.73597
                ],
                [
                    11.96599,
                    57.73605
                ],
                [
                    11.96615,
                    57.73607
                ],
                [
                    11.96638,
                    57.73615
                ],
                [
                    11.96645,
                    57.73619
                ],
                [
                    11.9665,
                    57.7363
                ]
            ]
        }
    ]
}