{
    "city": 3,
    "initialStart": [
        11.97592,
        57.70137
    ],
    "trips": [
        {
            "summary": {
                "distance": 314.3,
                "duration": 75.5
            },
            "user": {
                "id": 1887,
                "token": "eyJhbGciOiJIUzI1NiIsInR5cCI6IkpXVCJ9.eyJpZCI6MTg4Nywicm9sZSI6InVzZXIiLCJpYXQiOjE3MDA5NjM4OTQsImV4cCI6MTczMjQ5OTg5NH0.qH1hJQX8VV3vgnh0CccZFgm3t_o9AufOqn3ZARBRc8w"
            },
            "coords": [
                [
                    11.97592,
                    57.70137
                ],
                [
                    11.97604,
                    57.70132
                ],
                [
                    11.97629,
                    57.70144
                ],
                [
                    11.97446,
                    57.70232
                ],
                [
                    11.97415,
                    57.70247
                ],
                [
                    11.97409,
                    57.7025
                ],
                [
                    11.97402,
                    57.70253
                ],
                [
                    11.97344,
                    57.70283
                ],
                [
                    11.97336,
                    57.70284
                ],
                [
                    11.97323,
                    57.7029
                ],
                [
                    11.97308,
                    57.70297
                ],
                [
                    11.97301,
                    57.70294
                ],
                [
                    11.97273,
                    57.70309
                ]
            ]
        },
        {
            "summary": {
                "distance": "",
                "duration": ""
            },
            "user": {
                "id": 1888,
                "token": "eyJhbGciOiJIUzI1NiIsInR5cCI6IkpXVCJ9.eyJpZCI6MTg4OCwicm9sZSI6InVzZXIiLCJpYXQiOjE3MDA5NjM4OTQsImV4cCI6MTczMjQ5OTg5NH0.a-Nf38xl3bJYa7qQeFCcnX9qHpAVdqUXXcRKY-crehA"
            },
            "coords": [
                [
                    11.97273,
                    57.70309
                ],
                [
                    11.97301,
                    57.70294
                ],
                [
                    11.97308,
                    57.70297
                ],
                [
                    11.97315,
                    57.703
                ],
                [
                    11.97385,
                    57.70326
                ],
                [
                    11.97555,
                    57.70403
                ],
                [
                    11.97672,
                    57.70454
                ],
                [
                    11.97663,
                    57.70456
                ],
                [
                    11.97651,
                    57.70455
                ],
                [
                    11.97638,
                    57.70469
                ],
                [
                    11.97631,
                    57.70474
                ],
                [
                    11.97595,
                    57.70485
                ],
                [
                    11.97563,
                    57.70492
                ],
                [
                    11.9755,
                    57.70492
                ],
                [
                    11.9755,
                    57.70482
                ],
                [
                    11.97545,
                    57.70476
                ],
                [
                    11.97537,
                    57.70472
                ],
                [
                    11.97526,
                    57.70469
                ],
                [
                    11.97505,
                    57.70469
                ],
                [
                    11.97494,
                    57.70472
                ]
            ]
        }
    ],
    "apiKey": "d334304d7d15ff3d6fb9aebd85bc11c3"
}