{
    "city": 1,
    "initialStart": [
        18.01955,
        59.34893
    ],
    "trips": [
        {
            "summary": {
                "distance": 438.8,
                "duration": 79.7
            },
            "user": {
                "id": 189,
                "token": "eyJhbGciOiJIUzI1NiIsInR5cCI6IkpXVCJ9.eyJpZCI6MTg5LCJyb2xlIjoidXNlciIsImlhdCI6MTcwMDkzMjY5OSwiZXhwIjoxNzMyNDY4Njk5fQ.4Xh9EwF18Jye-gFnOzAFeOYQ8w4poQXlsP-ogh3wCrA"
            },
            "coords": [
                [
                    18.01955,
                    59.34893
                ],
                [
                    18.01998,
                    59.34895
                ],
                [
                    18.01991,
                    59.34929
                ],
                [
                    18.0202,
                    59.34931
                ],
                [
                    18.02054,
                    59.34933
                ],
                [
                    18.02064,
                    59.34933
                ],
                [
                    18.02133,
                    59.34937
                ],
                [
                    18.02141,
                    59.34937
                ],
                [
                    18.0215,
                    59.34938
                ],
                [
                    18.02165,
                    59.34951
                ],
                [
                    18.02185,
                    59.34962
                ],
                [
                    18.02244,
                    59.3498
                ],
                [
                    18.02275,
                    59.3499
                ],
                [
                    18.02352,
                    59.35012
                ],
                [
                    18.02379,
                    59.35019
                ],
                [
                    18.02393,
                    59.35023
                ],
                [
                    18.02437,
                    59.35031
                ],
                [
                    18.02455,
                    59.35036
                ],
                [
                    18.02475,
                    59.35041
                ],
                [
                    18.02491,
                    59.35046
                ],
                [
                    18.02515,
                    59.3506
                ],
                [
                    18.02528,
                    59.35064
                ],
                [
                    18.02545,
                    59.3507
                ],
                [
                    18.0255,
                    59.35067
                ],
                [
                    18.02535,
                    59.35062
                ]
            ]
        },
        {
            "summary": {
                "distance": 507.7,
                "duration": 130.7
            },
            "user": {
                "id": 190,
                "token": "eyJhbGciOiJIUzI1NiIsInR5cCI6IkpXVCJ9.eyJpZCI6MTkwLCJyb2xlIjoidXNlciIsImlhdCI6MTcwMDkzMjY5OSwiZXhwIjoxNzMyNDY4Njk5fQ.oJmiczqf2FVYa6Jls9sVtorkhmvrJXMXdxpZNjJPNE8"
            },
            "coords": [
                [
                    18.02535,
                    59.35062
                ],
                [
                    18.0255,
                    59.35067
                ],
                [
                    18.02545,
                    59.3507
                ],
                [
                    18.02528,
                    59.35064
                ],
                [
                    18.02515,
                    59.3506
                ],
                [
                    18.0248,
                    59.35051
                ],
                [
                    18.02462,
                    59.35047
                ],
                [
                    18.02443,
                    59.35041
                ],
                [
                    18.02426,
                    59.35037
                ],
                [
                    18.02437,
                    59.35031
                ],
                [
                    18.02451,
                    59.35025
                ],
                [
                    18.02462,
                    59.35021
                ],
                [
                    18.02615,
                    59.34958
                ],
                [
                    18.02715,
                    59.34913
                ],
                [
                    18.02856,
                    59.34846
                ],
                [
                    18.0285,
                    59.34843
                ],
                [
                    18.02834,
                    59.3485
                ],
                [
                    18.02826,
                    59.34854
                ],
                [
                    18.02864,
                    59.34876
                ],
                [
                    18.02921,
                    59.34893
                ]
            ]
        }
    ]
}