{
    "city": 3,
    "initialStart": [
        11.95801,
        57.69734
    ],
    "trips": [
        {
            "summary": {
                "distance": 385.9,
                "duration": 67.4
            },
            "user": {
                "id": 1905,
                "token": "eyJhbGciOiJIUzI1NiIsInR5cCI6IkpXVCJ9.eyJpZCI6MTkwNSwicm9sZSI6InVzZXIiLCJpYXQiOjE3MDA5NjM5NzAsImV4cCI6MTczMjQ5OTk3MH0.AmLXX4x2sy4pbqD-9LciBtpNXMWOOhr1xsW6Vm2NikY"
            },
            "coords": [
                [
                    11.95801,
                    57.69734
                ],
                [
                    11.95797,
                    57.69723
                ],
                [
                    11.95796,
                    57.69721
                ],
                [
                    11.95901,
                    57.69707
                ],
                [
                    11.95904,
                    57.69707
                ],
                [
                    11.95909,
                    57.69706
                ],
                [
                    11.96018,
                    57.69694
                ],
                [
                    11.96015,
                    57.69688
                ],
                [
                    11.96,
                    57.6966
                ],
                [
                    11.95897,
                    57.69601
                ],
                [
                    11.9589,
                    57.69601
                ],
                [
                    11.95878,
                    57.69595
                ],
                [
                    11.95886,
                    57.69591
                ],
                [
                    11.95826,
                    57.69551
                ],
                [
                    11.95804,
                    57.69528
                ]
            ]
        },
        {
            "summary": {
                "distance": "",
                "duration": ""
            },
            "user": {
                "id": 1906,
                "token": "eyJhbGciOiJIUzI1NiIsInR5cCI6IkpXVCJ9.eyJpZCI6MTkwNiwicm9sZSI6InVzZXIiLCJpYXQiOjE3MDA5NjM5NzAsImV4cCI6MTczMjQ5OTk3MH0.iYnXIgJs1dsTOhlhMAyfjPzR2w8jU4sPsxuqTi7JHZE"
            },
            "coords": [
                [
                    11.95804,
                    57.69528
                ],
                [
                    11.95801,
                    57.69526
                ],
                [
                    11.95812,
                    57.69524
                ],
                [
                    11.95804,
                    57.69512
                ],
                [
                    11.95816,
                    57.6951
                ],
                [
                    11.95821,
                    57.69509
                ],
                [
                    11.95824,
                    57.69515
                ],
                [
                    11.95836,
                    57.69534
                ],
                [
                    11.95843,
                    57.69539
                ],
                [
                    11.95876,
                    57.6956
                ],
                [
                    11.95902,
                    57.69575
                ],
                [
                    11.95923,
                    57.69588
                ],
                [
                    11.96017,
                    57.69639
                ],
                [
                    11.96089,
                    57.69637
                ],
                [
                    11.96111,
                    57.69636
                ],
                [
                    11.96238,
                    57.69631
                ],
                [
                    11.96255,
                    57.6963
                ],
                [
                    11.96214,
                    57.69587
                ],
                [
                    11.96185,
                    57.69555
                ],
                [
                    11.9618,
                    57.69536
                ]
            ]
        }
    ],
    "apiKey": "e8635d764d1b1126d66508d68bb97642"
}