{
    "city": 3,
    "initialStart": [
        11.926,
        57.72797
    ],
    "trips": [
        {
            "summary": {
                "distance": 372.5,
                "duration": 73.7
            },
            "user": {
                "id": 1917,
                "token": "eyJhbGciOiJIUzI1NiIsInR5cCI6IkpXVCJ9.eyJpZCI6MTkxNywicm9sZSI6InVzZXIiLCJpYXQiOjE3MDA5NjM5NzQsImV4cCI6MTczMjQ5OTk3NH0.nYHIj4Fg1YHZZW4P2-FSyURnOODi_JZzDnz3RWj2jsw"
            },
            "coords": [
                [
                    11.926,
                    57.72797
                ],
                [
                    11.92608,
                    57.72815
                ],
                [
                    11.92603,
                    57.72831
                ],
                [
                    11.92596,
                    57.72835
                ],
                [
                    11.92606,
                    57.72847
                ],
                [
                    11.92613,
                    57.72857
                ],
                [
                    11.92637,
                    57.72853
                ],
                [
                    11.92659,
                    57.72898
                ],
                [
                    11.92682,
                    57.72894
                ],
                [
                    11.92763,
                    57.72885
                ],
                [
                    11.92771,
                    57.72908
                ],
                [
                    11.92786,
                    57.72966
                ],
                [
                    11.92814,
                    57.72964
                ],
                [
                    11.92922,
                    57.72958
                ]
            ]
        },
        {
            "summary": {
                "distance": "",
                "duration": ""
            },
            "user": {
                "id": 1918,
                "token": "eyJhbGciOiJIUzI1NiIsInR5cCI6IkpXVCJ9.eyJpZCI6MTkxOCwicm9sZSI6InVzZXIiLCJpYXQiOjE3MDA5NjM5NzQsImV4cCI6MTczMjQ5OTk3NH0.G1Jc5rvM3sLcJB_1mvE21MiU1mH5mYNEJMDuYD5vsKM"
            },
            "coords": [
                [
                    11.92922,
                    57.72958
                ],
                [
                    11.92814,
                    57.72964
                ],
                [
                    11.92786,
                    57.72966
                ],
                [
                    11.92807,
                    57.73041
                ],
                [
                    11.9282,
                    57.73095
                ],
                [
                    11.92822,
                    57.73104
                ],
                [
                    11.92832,
                    57.73146
                ],
                [
                    11.92846,
                    57.73205
                ],
                [
                    11.92862,
                    57.73255
                ],
                [
                    11.92871,
                    57.7326
                ],
                [
                    11.92896,
                    57.73232
                ],
                [
                    11.9296,
                    57.73141
                ],
                [
                    11.93015,
                    57.73112
                ],
                [
                    11.93102,
                    57.73139
                ],
                [
                    11.93122,
                    57.73147
                ],
                [
                    11.93128,
                    57.73155
                ],
                [
                    11.93148,
                    57.7316
                ],
                [
                    11.93156,
                    57.73166
                ],
                [
                    11.93153,
                    57.73172
                ],
                [
                    11.93145,
                    57.73178
                ]
            ]
        }
    ],
    "apiKey": "13b3b26160249daf05cc936dfa564d95"
}