{
    "city": 3,
    "initialStart": [
        11.99317,
        57.71037
    ],
    "trips": [
        {
            "summary": {
                "distance": 518.1,
                "duration": 145.6
            },
            "user": {
                "id": 1925,
                "token": "eyJhbGciOiJIUzI1NiIsInR5cCI6IkpXVCJ9.eyJpZCI6MTkyNSwicm9sZSI6InVzZXIiLCJpYXQiOjE3MDA5NjQwNjUsImV4cCI6MTczMjUwMDA2NX0.xrtQsvFzAwycbKhZ2nB4nexg4PhZveE5Kp9eH5Yxu9U"
            },
            "coords": [
                [
                    11.99317,
                    57.71037
                ],
                [
                    11.99373,
                    57.71086
                ],
                [
                    11.99483,
                    57.71052
                ],
                [
                    11.99434,
                    57.71006
                ],
                [
                    11.99372,
                    57.70948
                ],
                [
                    11.99382,
                    57.70946
                ],
                [
                    11.99395,
                    57.70944
                ],
                [
                    11.99409,
                    57.70943
                ],
                [
                    11.99551,
                    57.70932
                ],
                [
                    11.99599,
                    57.7093
                ],
                [
                    11.99671,
                    57.70931
                ],
                [
                    11.99711,
                    57.70934
                ],
                [
                    11.99732,
                    57.70938
                ],
                [
                    11.99762,
                    57.7095
                ],
                [
                    11.99769,
                    57.70947
                ],
                [
                    11.99768,
                    57.70947
                ]
            ]
        },
        {
            "summary": {
                "distance": "",
                "duration": ""
            },
            "user": {
                "id": 1926,
                "token": "eyJhbGciOiJIUzI1NiIsInR5cCI6IkpXVCJ9.eyJpZCI6MTkyNiwicm9sZSI6InVzZXIiLCJpYXQiOjE3MDA5NjQwNjUsImV4cCI6MTczMjUwMDA2NX0.B2bcnktdPatSRQ4QXjGHkbFfhHSROi_X6P4g2RSxSLw"
            },
            "coords": [
                [
                    11.99768,
                    57.70947
                ],
                [
                    11.99759,
                    57.7094
                ],
                [
                    11.99752,
                    57.70937
                ],
                [
                    11.99741,
                    57.70934
                ],
                [
                    11.99735,
                    57.70928
                ],
                [
                    11.99739,
                    57.70921
                ],
                [
                    11.99741,
                    57.7092
                ],
                [
                    11.99744,
                    57.70916
                ],
                [
                    11.99759,
                    57.70915
                ],
                [
                    11.99768,
                    57.70917
                ],
                [
                    11.99837,
                    57.70919
                ],
                [
                    11.9985,
                    57.70922
                ],
                [
                    11.99863,
                    57.70931
                ],
                [
                    11.99883,
                    57.70956
                ],
                [
                    11.99888,
                    57.7096
                ],
                [
                    11.99903,
                    57.70965
                ],
                [
                    11.99922,
                    57.70965
                ],
                [
                    11.99943,
                    57.70961
                ],
                [
                    11.99982,
                    57.70947
                ],
                [
                    12.00002,
                    57.7094
                ]
            ]
        }
    ]
}