{
    "city": 3,
    "initialStart": [
        12.01563,
        57.72551
    ],
    "trips": [
        {
            "summary": {
                "distance": 319.5,
                "duration": 63.9
            },
            "user": {
                "id": 1933,
                "token": "eyJhbGciOiJIUzI1NiIsInR5cCI6IkpXVCJ9.eyJpZCI6MTkzMywicm9sZSI6InVzZXIiLCJpYXQiOjE3MDA5NjQwNjYsImV4cCI6MTczMjUwMDA2Nn0.oGjMm4EJzZcdzaQLxitHFw9o671uZ_wW9cBsXjogbh0"
            },
            "coords": [
                [
                    12.01563,
                    57.72551
                ],
                [
                    12.01619,
                    57.72555
                ],
                [
                    12.01627,
                    57.72557
                ],
                [
                    12.01633,
                    57.72565
                ],
                [
                    12.01632,
                    57.72592
                ],
                [
                    12.0164,
                    57.72608
                ],
                [
                    12.01646,
                    57.72615
                ],
                [
                    12.01671,
                    57.72632
                ],
                [
                    12.01698,
                    57.72643
                ],
                [
                    12.01717,
                    57.72644
                ],
                [
                    12.01734,
                    57.72642
                ],
                [
                    12.01836,
                    57.72617
                ],
                [
                    12.01899,
                    57.72606
                ],
                [
                    12.01954,
                    57.726
                ],
                [
                    12.01969,
                    57.72599
                ]
            ]
        },
        {
            "summary": {
                "distance": "",
                "duration": ""
            },
            "user": {
                "id": 1934,
                "token": "eyJhbGciOiJIUzI1NiIsInR5cCI6IkpXVCJ9.eyJpZCI6MTkzNCwicm9sZSI6InVzZXIiLCJpYXQiOjE3MDA5NjQwNjYsImV4cCI6MTczMjUwMDA2Nn0.hozfYV8yS1UAjQtWUl_tG7f5dOycQPDmn-cptNsILHY"
            },
            "coords": [
                [
                    12.01969,
                    57.72599
                ],
                [
                    12.01954,
                    57.726
                ],
                [
                    12.01899,
                    57.72606
                ],
                [
                    12.01836,
                    57.72617
                ],
                [
                    12.01734,
                    57.72642
                ],
                [
                    12.01717,
                    57.72644
                ],
                [
                    12.01698,
                    57.72643
                ],
                [
                    12.01671,
                    57.72632
                ],
                [
                    12.01646,
                    57.72615
                ],
                [
                    12.0164,
                    57.72608
                ],
                [
                    12.01632,
                    57.72592
                ],
                [
                    12.01633,
                    57.72565
                ],
                [
                    12.01627,
                    57.72557
                ],
                [
                    12.01619,
                    57.72555
                ],
                [
                    12.01539,
                    57.72549
                ],
                [
                    12.01474,
                    57.72547
                ],
                [
                    12.01403,
                    57.7255
                ],
                [
                    12.01391,
                    57.72529
                ],
                [
                    12.01383,
                    57.72523
                ],
                [
                    12.01274,
                    57.72481
                ]
            ]
        }
    ]
}