{
    "city": 1,
    "initialStart": [
        18.05251,
        59.34209
    ],
    "trips": [
        {
            "summary": {
                "distance": 580.8,
                "duration": 117.6
            },
            "user": {
                "id": 193,
                "token": "eyJhbGciOiJIUzI1NiIsInR5cCI6IkpXVCJ9.eyJpZCI6MTkzLCJyb2xlIjoidXNlciIsImlhdCI6MTcwMDkzMjc0MywiZXhwIjoxNzMyNDY4NzQzfQ.mC_0S6TZRLPFlY6rxne-t71gCANJZ0V04lbRTr303es"
            },
            "coords": [
                [
                    18.05251,
                    59.34209
                ],
                [
                    18.05243,
                    59.34207
                ],
                [
                    18.05204,
                    59.34198
                ],
                [
                    18.05192,
                    59.34195
                ],
                [
                    18.05272,
                    59.34113
                ],
                [
                    18.05282,
                    59.34103
                ],
                [
                    18.05275,
                    59.34101
                ],
                [
                    18.05174,
                    59.34076
                ],
                [
                    18.05157,
                    59.34072
                ],
                [
                    18.05083,
                    59.34054
                ],
                [
                    18.05068,
                    59.3405
                ],
                [
                    18.05052,
                    59.34046
                ],
                [
                    18.04937,
                    59.34017
                ],
                [
                    18.04922,
                    59.34013
                ],
                [
                    18.04908,
                    59.34009
                ],
                [
                    18.04773,
                    59.33974
                ],
                [
                    18.04758,
                    59.33971
                ],
                [
                    18.04711,
                    59.34018
                ],
                [
                    18.04699,
                    59.34031
                ],
                [
                    18.0471,
                    59.34034
                ],
                [
                    18.04723,
                    59.34021
                ]
            ]
        },
        {
            "summary": {
                "distance": 817.7,
                "duration": 141.1
            },
            "user": {
                "id": 194,
                "token": "eyJhbGciOiJIUzI1NiIsInR5cCI6IkpXVCJ9.eyJpZCI6MTk0LCJyb2xlIjoidXNlciIsImlhdCI6MTcwMDkzMjc0MywiZXhwIjoxNzMyNDY4NzQzfQ.btQhJyaW_MZ3-UMsH1ImZddXFSBD94otO0BqAFLwo-k"
            },
            "coords": [
                [
                    18.04723,
                    59.34021
                ],
                [
                    18.0471,
                    59.34034
                ],
                [
                    18.04699,
                    59.34031
                ],
                [
                    18.04711,
                    59.34018
                ],
                [
                    18.04758,
                    59.33971
                ],
                [
                    18.04773,
                    59.33974
                ],
                [
                    18.04908,
                    59.34009
                ],
                [
                    18.04922,
                    59.34013
                ],
                [
                    18.04937,
                    59.34017
                ],
                [
                    18.05052,
                    59.34046
                ],
                [
                    18.05068,
                    59.3405
                ],
                [
                    18.05083,
                    59.34054
                ],
                [
                    18.05157,
                    59.34072
                ],
                [
                    18.05174,
                    59.34076
                ],
                [
                    18.05275,
                    59.34101
                ],
                [
                    18.05282,
                    59.34103
                ],
                [
                    18.05272,
                    59.34113
                ],
                [
                    18.05192,
                    59.34195
                ],
                [
                    18.05156,
                    59.34233
                ],
                [
                    18.05155,
                    59.34243
                ],
                [
                    18.05132,
                    59.34267
                ],
                [
                    18.0512,
                    59.34275
                ],
                [
                    18.05108,
                    59.34277
                ],
                [
                    18.05106,
                    59.34278
                ],
                [
                    18.05099,
                    59.34286
                ],
                [
                    18.05107,
                    59.34288
                ],
                [
                    18.05228,
                    59.34315
                ],
                [
                    18.05223,
                    59.3432
                ],
                [
                    18.0522,
                    59.34324
                ],
                [
                    18.05195,
                    59.3432
                ],
                [
                    18.05168,
                    59.34317
                ],
                [
                    18.05107,
                    59.34315
                ]
            ]
        }
    ]
}