{
    "city": 3,
    "initialStart": [
        11.91647,
        57.71515
    ],
    "trips": [
        {
            "summary": {
                "distance": 287.3,
                "duration": 55.3
            },
            "user": {
                "id": 1943,
                "token": "eyJhbGciOiJIUzI1NiIsInR5cCI6IkpXVCJ9.eyJpZCI6MTk0Mywicm9sZSI6InVzZXIiLCJpYXQiOjE3MDA5NjQwOTgsImV4cCI6MTczMjUwMDA5OH0.fQgjb-0GbSV1bjIjpDvZ6YJvcipdoIuVB3L5uwJF2Bo"
            },
            "coords": [
                [
                    11.91647,
                    57.71515
                ],
                [
                    11.91657,
                    57.71508
                ],
                [
                    11.91658,
                    57.71499
                ],
                [
                    11.91672,
                    57.71496
                ],
                [
                    11.91676,
                    57.71501
                ],
                [
                    11.91691,
                    57.71499
                ],
                [
                    11.917,
                    57.71501
                ],
                [
                    11.91706,
                    57.71505
                ],
                [
                    11.91709,
                    57.71509
                ],
                [
                    11.91709,
                    57.71515
                ],
                [
                    11.917,
                    57.71522
                ],
                [
                    11.91713,
                    57.71544
                ],
                [
                    11.91716,
                    57.71558
                ],
                [
                    11.91718,
                    57.71568
                ],
                [
                    11.9172,
                    57.71585
                ],
                [
                    11.91727,
                    57.71654
                ],
                [
                    11.91729,
                    57.71676
                ],
                [
                    11.91735,
                    57.71691
                ],
                [
                    11.91754,
                    57.71703
                ],
                [
                    11.91759,
                    57.71706
                ]
            ]
        },
        {
            "summary": {
                "distance": 344.3,
                "duration": 56.3
            },
            "user": {
                "id": 1944,
                "token": "eyJhbGciOiJIUzI1NiIsInR5cCI6IkpXVCJ9.eyJpZCI6MTk0NCwicm9sZSI6InVzZXIiLCJpYXQiOjE3MDA5NjQwOTgsImV4cCI6MTczMjUwMDA5OH0.tMJhqKyZYGDncT6BZ-78-A5O4dwsn7tcR4_ZrgGozuU"
            },
            "coords": [
                [
                    11.91759,
                    57.71706
                ],
                [
                    11.91798,
                    57.71724
                ],
                [
                    11.91875,
                    57.71747
                ],
                [
                    11.9194,
                    57.71762
                ],
                [
                    11.91949,
                    57.71766
                ],
                [
                    11.91966,
                    57.71761
                ],
                [
                    11.91977,
                    57.71757
                ],
                [
                    11.91989,
                    57.71764
                ],
                [
                    11.91999,
                    57.71769
                ],
                [
                    11.92077,
                    57.71732
                ],
                [
                    11.92113,
                    57.71715
                ],
                [
                    11.92132,
                    57.71706
                ],
                [
                    11.92219,
                    57.71665
                ]
            ]
        }
    ]
}