{
    "city": 3,
    "initialStart": [
        11.99115,
        57.73236
    ],
    "trips": [
        {
            "summary": {
                "distance": 375.9,
                "duration": 63.4
            },
            "user": {
                "id": 1945,
                "token": "eyJhbGciOiJIUzI1NiIsInR5cCI6IkpXVCJ9.eyJpZCI6MTk0NSwicm9sZSI6InVzZXIiLCJpYXQiOjE3MDA5NjQwOTgsImV4cCI6MTczMjUwMDA5OH0.KXtKvQ93pVHVRHnLsoR5IBqXAtNai3y8jaPKb0LBYBM"
            },
            "coords": [
                [
                    11.99115,
                    57.73236
                ],
                [
                    11.99095,
                    57.73235
                ],
                [
                    11.99074,
                    57.73235
                ],
                [
                    11.99063,
                    57.73237
                ],
                [
                    11.99056,
                    57.73229
                ],
                [
                    11.99049,
                    57.73225
                ],
                [
                    11.99038,
                    57.73223
                ],
                [
                    11.99024,
                    57.73222
                ],
                [
                    11.98999,
                    57.73226
                ],
                [
                    11.98787,
                    57.73257
                ],
                [
                    11.98738,
                    57.73265
                ],
                [
                    11.98699,
                    57.73271
                ],
                [
                    11.98679,
                    57.73272
                ],
                [
                    11.98679,
                    57.7324
                ],
                [
                    11.98667,
                    57.73187
                ],
                [
                    11.98664,
                    57.73182
                ]
            ]
        },
        {
            "summary": {
                "distance": "",
                "duration": ""
            },
            "user": {
                "id": 1946,
                "token": "eyJhbGciOiJIUzI1NiIsInR5cCI6IkpXVCJ9.eyJpZCI6MTk0Niwicm9sZSI6InVzZXIiLCJpYXQiOjE3MDA5NjQwOTgsImV4cCI6MTczMjUwMDA5OH0.mLu9vta3Yc9AWihITQHYW8r5Hw9KDWEvUdWArTFO8ZI"
            },
            "coords": [
                [
                    11.98664,
                    57.73182
                ],
                [
                    11.98643,
                    57.73143
                ],
                [
                    11.98657,
                    57.73141
                ],
                [
                    11.98666,
                    57.7314
                ],
                [
                    11.98681,
                    57.73122
                ],
                [
                    11.9868,
                    57.73115
                ],
                [
                    11.98676,
                    57.73107
                ],
                [
                    11.98672,
                    57.73101
                ],
                [
                    11.98652,
                    57.73098
                ],
                [
                    11.98617,
                    57.73075
                ],
                [
                    11.98599,
                    57.73065
                ],
                [
                    11.98562,
                    57.73053
                ],
                [
                    11.98544,
                    57.73049
                ],
                [
                    11.98503,
                    57.73044
                ],
                [
                    11.98462,
                    57.73041
                ],
                [
                    11.98439,
                    57.73043
                ],
                [
                    11.98432,
                    57.73028
                ],
                [
                    11.98433,
                    57.7302
                ],
                [
                    11.98439,
                    57.73017
                ],
                [
                    11.98453,
                    57.73014
                ]
            ]
        }
    ],
    "apiKey": "ffa17b207a18ac3795b4255a96f23c42"
}