{
    "city": 1,
    "initialStart": [
        18.00664,
        59.32609
    ],
    "trips": [
        {
            "summary": {
                "distance": 612.9,
                "duration": 146.2
            },
            "user": {
                "id": 195,
                "token": "eyJhbGciOiJIUzI1NiIsInR5cCI6IkpXVCJ9.eyJpZCI6MTk1LCJyb2xlIjoidXNlciIsImlhdCI6MTcwMDkzMjc0MywiZXhwIjoxNzMyNDY4NzQzfQ.Y_z5cSI9jeag4PTL8iVGJ9OYe7Q0iZkRBNxoSlFYq8M"
            },
            "coords": [
                [
                    18.00664,
                    59.32609
                ],
                [
                    18.00751,
                    59.32592
                ],
                [
                    18.00765,
                    59.32581
                ],
                [
                    18.00776,
                    59.32575
                ],
                [
                    18.00813,
                    59.32571
                ],
                [
                    18.00853,
                    59.32565
                ],
                [
                    18.00877,
                    59.32555
                ],
                [
                    18.00907,
                    59.32544
                ],
                [
                    18.00955,
                    59.32527
                ],
                [
                    18.00958,
                    59.32521
                ],
                [
                    18.00869,
                    59.32461
                ],
                [
                    18.00853,
                    59.32454
                ],
                [
                    18.00835,
                    59.32441
                ],
                [
                    18.0077,
                    59.32406
                ],
                [
                    18.00734,
                    59.32389
                ],
                [
                    18.0068,
                    59.32367
                ],
                [
                    18.00641,
                    59.3236
                ],
                [
                    18.00602,
                    59.32358
                ],
                [
                    18.00554,
                    59.32357
                ],
                [
                    18.0051,
                    59.32359
                ],
                [
                    18.0046,
                    59.32363
                ],
                [
                    18.00423,
                    59.32368
                ],
                [
                    18.00378,
                    59.32381
                ]
            ]
        },
        {
            "summary": {
                "distance": 373.7,
                "duration": 61.1
            },
            "user": {
                "id": 196,
                "token": "eyJhbGciOiJIUzI1NiIsInR5cCI6IkpXVCJ9.eyJpZCI6MTk2LCJyb2xlIjoidXNlciIsImlhdCI6MTcwMDkzMjc0MywiZXhwIjoxNzMyNDY4NzQzfQ.r8nh-Togr07XKVjUCNr_q6djhlORJAs0ZotJPjapXN4"
            },
            "coords": [
                [
                    18.00378,
                    59.32381
                ],
                [
                    18.0037,
                    59.32384
                ],
                [
                    18.00356,
                    59.3239
                ],
                [
                    18.00344,
                    59.32399
                ],
                [
                    18.00316,
                    59.32429
                ],
                [
                    18.00291,
                    59.32448
                ],
                [
                    18.00269,
                    59.3246
                ],
                [
                    18.00252,
                    59.32468
                ],
                [
                    18.00202,
                    59.32492
                ],
                [
                    18.00195,
                    59.32495
                ],
                [
                    18.00172,
                    59.32506
                ],
                [
                    18.00155,
                    59.3251
                ],
                [
                    18.00158,
                    59.32514
                ],
                [
                    18.00158,
                    59.3252
                ],
                [
                    18.00154,
                    59.32523
                ],
                [
                    18.0014,
                    59.32528
                ],
                [
                    18.0015,
                    59.32536
                ],
                [
                    18.00183,
                    59.32553
                ],
                [
                    18.00284,
                    59.32592
                ],
                [
                    18.00345,
                    59.32617
                ]
            ]
        }
    ]
}