{
    "city": 3,
    "initialStart": [
        11.90771,
        57.72053
    ],
    "trips": [
        {
            "summary": {
                "distance": 445,
                "duration": 76.6
            },
            "user": {
                "id": 1961,
                "token": "eyJhbGciOiJIUzI1NiIsInR5cCI6IkpXVCJ9.eyJpZCI6MTk2MSwicm9sZSI6InVzZXIiLCJpYXQiOjE3MDA5NjQxMzUsImV4cCI6MTczMjUwMDEzNX0.d-BZI5_KLjYSLTZssd4xNhQebslk9FHl1M5EWrrNZ7E"
            },
            "coords": [
                [
                    11.90771,
                    57.72053
                ],
                [
                    11.90703,
                    57.72109
                ],
                [
                    11.90708,
                    57.7211
                ],
                [
                    11.90757,
                    57.72123
                ],
                [
                    11.90804,
                    57.72134
                ],
                [
                    11.9081,
                    57.72136
                ],
                [
                    11.90857,
                    57.7215
                ],
                [
                    11.90903,
                    57.72161
                ],
                [
                    11.9096,
                    57.72114
                ],
                [
                    11.91049,
                    57.72135
                ],
                [
                    11.91038,
                    57.72148
                ],
                [
                    11.91016,
                    57.72172
                ],
                [
                    11.91006,
                    57.72183
                ],
                [
                    11.90996,
                    57.72195
                ],
                [
                    11.90978,
                    57.72216
                ],
                [
                    11.91007,
                    57.72224
                ]
            ]
        },
        {
            "summary": {
                "distance": 280.1,
                "duration": 49.6
            },
            "user": {
                "id": 1962,
                "token": "eyJhbGciOiJIUzI1NiIsInR5cCI6IkpXVCJ9.eyJpZCI6MTk2Miwicm9sZSI6InVzZXIiLCJpYXQiOjE3MDA5NjQxMzYsImV4cCI6MTczMjUwMDEzNn0.f7jhZBE9QS_R6mSgTYT1svLNwZdE6DEeFyprB3SQqq8"
            },
            "coords": [
                [
                    11.91007,
                    57.72224
                ],
                [
                    11.90978,
                    57.72216
                ],
                [
                    11.90937,
                    57.72263
                ],
                [
                    11.90914,
                    57.72289
                ],
                [
                    11.90832,
                    57.72384
                ],
                [
                    11.90916,
                    57.72405
                ]
            ]
        }
    ],
    "apiKey": "ad55adb18202ad3908e4979bb7b9fbdb"
}