{
    "city": 3,
    "initialStart": [
        11.99194,
        57.73193
    ],
    "trips": [
        {
            "summary": {
                "distance": 802.6,
                "duration": 141.6
            },
            "user": {
                "id": 1971,
                "token": "eyJhbGciOiJIUzI1NiIsInR5cCI6IkpXVCJ9.eyJpZCI6MTk3MSwicm9sZSI6InVzZXIiLCJpYXQiOjE3MDA5NjQxMzcsImV4cCI6MTczMjUwMDEzN30.lwP68VWLu87pkUETHl3QYVLcyRJn9y3CVlSi1yTa3B8"
            },
            "coords": [
                [
                    11.99194,
                    57.73193
                ],
                [
                    11.99097,
                    57.73208
                ],
                [
                    11.99049,
                    57.73215
                ],
                [
                    11.99038,
                    57.73223
                ],
                [
                    11.99024,
                    57.73222
                ],
                [
                    11.98999,
                    57.73226
                ],
                [
                    11.98787,
                    57.73257
                ],
                [
                    11.98738,
                    57.73265
                ],
                [
                    11.98699,
                    57.73271
                ],
                [
                    11.98679,
                    57.73272
                ],
                [
                    11.98676,
                    57.73334
                ],
                [
                    11.98678,
                    57.7336
                ],
                [
                    11.98702,
                    57.73436
                ],
                [
                    11.98711,
                    57.73459
                ],
                [
                    11.98771,
                    57.7345
                ],
                [
                    11.99096,
                    57.73402
                ],
                [
                    11.99119,
                    57.73401
                ]
            ]
        },
        {
            "summary": {},
            "user": {
                "id": 1972,
                "token": "eyJhbGciOiJIUzI1NiIsInR5cCI6IkpXVCJ9.eyJpZCI6MTk3Miwicm9sZSI6InVzZXIiLCJpYXQiOjE3MDA5NjQxMzcsImV4cCI6MTczMjUwMDEzN30.spMa3dGQNB9_bqFozMrR_5ooM8c15hS1ELnyi8_W0-E"
            },
            "coords": [
                [
                  11.99119,
                  57.73401
                ],
                [
                  11.99096,
                  57.73402
                ],
                [
                  11.98771,
                  57.7345
                ],
                [
                  11.98711,
                  57.73459
                ],
                [
                  11.98702,
                  57.73436
                ],
                [
                  11.98678,
                  57.7336
                ],
                [
                  11.98676,
                  57.73334
                ],
                [
                  11.98679,
                  57.73272
                ],
                [
                  11.98699,
                  57.73271
                ],
                [
                  11.98738,
                  57.73265
                ],
                [
                  11.98787,
                  57.73257
                ],
                [
                  11.98999,
                  57.73226
                ],
                [
                  11.99024,
                  57.73222
                ],
                [
                  11.99038,
                  57.73223
                ],
                [
                  11.99049,
                  57.73215
                ],
                [
                  11.99097,
                  57.73208
                ],
                [
                  11.99194,
                  57.73193
                ]
            ]
        }
    ]
}