{
    "city": 3,
    "initialStart": [
        12.01306,
        57.69544
    ],
    "trips": [
        {
            "summary": {
                "distance": 386.5,
                "duration": 118.9
            },
            "user": {
                "id": 1985,
                "token": "eyJhbGciOiJIUzI1NiIsInR5cCI6IkpXVCJ9.eyJpZCI6MTk4NSwicm9sZSI6InVzZXIiLCJpYXQiOjE3MDA5NjQxOTcsImV4cCI6MTczMjUwMDE5N30.rVQXEzN1Cefw7brFE-pVFwFuD22LPKcvrKNF_TuCClA"
            },
            "coords": [
                [
                    12.01306,
                    57.69544
                ],
                [
                    12.01294,
                    57.69555
                ],
                [
                    12.01279,
                    57.69582
                ],
                [
                    12.01282,
                    57.6961
                ],
                [
                    12.01273,
                    57.69631
                ],
                [
                    12.01271,
                    57.69649
                ],
                [
                    12.01267,
                    57.69661
                ],
                [
                    12.0126,
                    57.69668
                ],
                [
                    12.01238,
                    57.69683
                ],
                [
                    12.01231,
                    57.69682
                ],
                [
                    12.01177,
                    57.69706
                ],
                [
                    12.0113,
                    57.69743
                ],
                [
                    12.01106,
                    57.69736
                ],
                [
                    12.01089,
                    57.69735
                ],
                [
                    12.01092,
                    57.69728
                ],
                [
                    12.01091,
                    57.69718
                ],
                [
                    12.01087,
                    57.69713
                ],
                [
                    12.01058,
                    57.69702
                ],
                [
                    12.01041,
                    57.69654
                ]
            ]
        },
        {
            "summary": {
                "distance": 272.8,
                "duration": 89.6
            },
            "user": {
                "id": 1986,
                "token": "eyJhbGciOiJIUzI1NiIsInR5cCI6IkpXVCJ9.eyJpZCI6MTk4Niwicm9sZSI6InVzZXIiLCJpYXQiOjE3MDA5NjQxOTcsImV4cCI6MTczMjUwMDE5N30.DSwysJHc-rAWh27RkJlQUEhZck4Z1tdd96kjmFtvEZM"
            },
            "coords": [
                [
                    12.01041,
                    57.69654
                ],
                [
                    12.01058,
                    57.69702
                ],
                [
                    12.01087,
                    57.69713
                ],
                [
                    12.01091,
                    57.69718
                ],
                [
                    12.01092,
                    57.69728
                ],
                [
                    12.01089,
                    57.69735
                ],
                [
                    12.01106,
                    57.69736
                ],
                [
                    12.0113,
                    57.69743
                ],
                [
                    12.0115,
                    57.69748
                ],
                [
                    12.0118,
                    57.69753
                ],
                [
                    12.01198,
                    57.6976
                ],
                [
                    12.01221,
                    57.69762
                ],
                [
                    12.01238,
                    57.6976
                ],
                [
                    12.01246,
                    57.69747
                ],
                [
                    12.01253,
                    57.69742
                ],
                [
                    12.01255,
                    57.6975
                ],
                [
                    12.01276,
                    57.6976
                ],
                [
                    12.01303,
                    57.69769
                ],
                [
                    12.01299,
                    57.69773
                ]
            ]
        }
    ],
    "apiKey": "6966826657847caa4b03aea8584fb08e"
}