{
    "city": 3,
    "initialStart": [
        11.99928,
        57.72169
    ],
    "trips": [
        {
            "summary": {
                "distance": 301,
                "duration": 65.4
            },
            "user": {
                "id": 1987,
                "token": "eyJhbGciOiJIUzI1NiIsInR5cCI6IkpXVCJ9.eyJpZCI6MTk4Nywicm9sZSI6InVzZXIiLCJpYXQiOjE3MDA5NjQxOTcsImV4cCI6MTczMjUwMDE5N30.3Jxi15znjJlb0pFk30i27IDczM88QJWB4VVJYko8rVU"
            },
            "coords": [
                [
                    11.99928,
                    57.72169
                ],
                [
                    11.99897,
                    57.72178
                ],
                [
                    11.99878,
                    57.7216
                ],
                [
                    11.99866,
                    57.72149
                ],
                [
                    11.99864,
                    57.72147
                ],
                [
                    11.99849,
                    57.72133
                ],
                [
                    11.99775,
                    57.72065
                ],
                [
                    11.99768,
                    57.7206
                ],
                [
                    11.99746,
                    57.72042
                ],
                [
                    11.99718,
                    57.72027
                ],
                [
                    11.99708,
                    57.72025
                ],
                [
                    11.99789,
                    57.71973
                ]
            ]
        },
        {
            "summary": {
                "distance": "",
                "duration": ""
            },
            "user": {
                "id": 1988,
                "token": "eyJhbGciOiJIUzI1NiIsInR5cCI6IkpXVCJ9.eyJpZCI6MTk4OCwicm9sZSI6InVzZXIiLCJpYXQiOjE3MDA5NjQxOTcsImV4cCI6MTczMjUwMDE5N30.SZOHFTZsWa1EDcFqfJdk8VrWn8ZWMr91LmBEgS0BOXg"
            },
            "coords": [
                [
                    11.99789,
                    57.71973
                ],
                [
                    11.99708,
                    57.72025
                ],
                [
                    11.99678,
                    57.72016
                ],
                [
                    11.99664,
                    57.72008
                ],
                [
                    11.99656,
                    57.71998
                ],
                [
                    11.99649,
                    57.71976
                ],
                [
                    11.99641,
                    57.71957
                ],
                [
                    11.9962,
                    57.7193
                ],
                [
                    11.99611,
                    57.71933
                ],
                [
                    11.99577,
                    57.71908
                ],
                [
                    11.99551,
                    57.71894
                ],
                [
                    11.99487,
                    57.71877
                ],
                [
                    11.99443,
                    57.71862
                ],
                [
                    11.99416,
                    57.71861
                ],
                [
                    11.99388,
                    57.71853
                ],
                [
                    11.99382,
                    57.7185
                ],
                [
                    11.99377,
                    57.71843
                ],
                [
                    11.99367,
                    57.71837
                ],
                [
                    11.99306,
                    57.71815
                ],
                [
                    11.99271,
                    57.71803
                ]
            ]
        }
    ]
}