{
    "city": 3,
    "initialStart": [
        12.01352,
        57.70712
    ],
    "trips": [
        {
            "summary": {
                "distance": 315,
                "duration": 51.5
            },
            "user": {
                "id": 1997,
                "token": "eyJhbGciOiJIUzI1NiIsInR5cCI6IkpXVCJ9.eyJpZCI6MTk5Nywicm9sZSI6InVzZXIiLCJpYXQiOjE3MDA5NjQyODUsImV4cCI6MTczMjUwMDI4NX0.WfP8GQ-xLmDN45W23WFpQTJLg_BKBle7Itjc6XE4gG8"
            },
            "coords": [
                [
                    12.01352,
                    57.70712
                ],
                [
                    12.01366,
                    57.70682
                ],
                [
                    12.0138,
                    57.70663
                ],
                [
                    12.01417,
                    57.70657
                ],
                [
                    12.01519,
                    57.70642
                ],
                [
                    12.01503,
                    57.70616
                ],
                [
                    12.01491,
                    57.70596
                ],
                [
                    12.0149,
                    57.70594
                ],
                [
                    12.01481,
                    57.7058
                ],
                [
                    12.01476,
                    57.70572
                ],
                [
                    12.01469,
                    57.7056
                ],
                [
                    12.01452,
                    57.70528
                ],
                [
                    12.0145,
                    57.70525
                ],
                [
                    12.01444,
                    57.70505
                ],
                [
                    12.01443,
                    57.70493
                ]
            ]
        },
        {
            "summary": {
                "distance": 420.5,
                "duration": 73.3
            },
            "user": {
                "id": 1998,
                "token": "eyJhbGciOiJIUzI1NiIsInR5cCI6IkpXVCJ9.eyJpZCI6MTk5OCwicm9sZSI6InVzZXIiLCJpYXQiOjE3MDA5NjQyODUsImV4cCI6MTczMjUwMDI4NX0.Awt0vZjq4SUnkF9cmh6aXzdcIrcUuY7DedUYyNYcGoI"
            },
            "coords": [
                [
                    12.01443,
                    57.70493
                ],
                [
                    12.01444,
                    57.70505
                ],
                [
                    12.0145,
                    57.70525
                ],
                [
                    12.01452,
                    57.70528
                ],
                [
                    12.01469,
                    57.7056
                ],
                [
                    12.01476,
                    57.70572
                ],
                [
                    12.01481,
                    57.7058
                ],
                [
                    12.0149,
                    57.70594
                ],
                [
                    12.01491,
                    57.70596
                ],
                [
                    12.01503,
                    57.70616
                ],
                [
                    12.01519,
                    57.70642
                ],
                [
                    12.01417,
                    57.70657
                ],
                [
                    12.0138,
                    57.70663
                ],
                [
                    12.01366,
                    57.70682
                ],
                [
                    12.0133,
                    57.70763
                ],
                [
                    12.01401,
                    57.70759
                ],
                [
                    12.01408,
                    57.70762
                ]
            ]
        }
    ]
}